restaurant_id,city,cuisine,price_tier_2019,price_2019,price_2024,inflation_rate,years_open_pre_2019,review_trajectory,rent_index,closed,time_to_event_months
R00000,LA,Japanese,$$$,23.13,30.82,0.3324,3.1,-1.871,1.494,0,72
R00001,NYC,Mexican,$,10.05,12.92,0.2853,14.0,0.945,1.327,0,72
R00002,Chicago,American,$$,14.88,17.7,0.19,1.3,0.018,1.032,0,72
R00003,LA,Chinese,$,11.59,14.7,0.2686,2.2,-1.065,1.131,1,53
R00004,NYC,Mexican,$,10.47,13.81,0.3195,3.4,1.617,1.262,0,72
R00005,Chicago,American,$$,16.1,19.79,0.2292,6.1,0.042,1.057,0,72
R00006,LA,Vietnamese,$,7.24,9.84,0.3579,6.1,-1.335,1.235,0,72
R00007,LA,Mediterranean,$$,16.06,20.77,0.2931,17.6,1.572,1.185,0,72
R00008,NYC,Thai,$$,13.77,18.09,0.313,1.0,1.355,1.424,1,24
R00009,LA,Mediterranean,$$,13.31,17.09,0.2838,19.3,-0.909,1.441,0,72
R00010,NYC,Indian,$$$,19.04,25.35,0.3312,1.2,-0.323,1.886,0,72
R00011,Chicago,Indian,$$,13.03,15.19,0.1659,2.8,-0.458,1.162,0,72
R00012,LA,Mexican,$,11.98,16.45,0.3736,1.6,-1.889,1.241,0,72
R00013,Chicago,American,$$,14.38,17.1,0.1887,5.8,0.325,0.822,0,72
R00014,NYC,Mexican,$$,12.32,16.23,0.3178,1.1,0.845,1.563,0,72
R00015,NYC,Mexican,$$,15.82,21.47,0.357,5.0,0.657,1.572,0,72
R00016,LA,Chinese,$$$,20.29,26.3,0.2962,5.2,0.033,1.316,0,72
R00017,NYC,Thai,$$,16.01,21.36,0.3343,1.9,0.942,1.264,0,72
R00018,Chicago,Indian,$$,17.64,22.17,0.2571,6.0,-1.135,1.107,0,72
R00019,LA,FastFood,$,11.58,15.35,0.3255,1.6,1.818,1.447,0,72
R00020,LA,FastFood,$,8.89,12.59,0.4164,1.8,-0.772,1.067,0,72
R00021,NYC,Mediterranean,$$$,22.55,29.89,0.3254,7.1,-0.661,1.574,0,72
R00022,Chicago,Mexican,$$,14.42,18.81,0.3051,0.5,-0.575,0.907,0,72
R00023,Chicago,Mediterranean,$$,17.45,22.24,0.2746,1.2,-0.648,0.988,0,72
R00024,LA,Thai,$$,14.91,18.71,0.2547,5.0,-0.193,1.071,0,72
R00025,NYC,Mediterranean,$$,12.25,17.13,0.3987,1.0,-0.231,1.39,0,72
R00026,LA,Chinese,$$,13.7,17.07,0.2456,5.8,0.13,1.152,0,72
R00027,NYC,Mexican,$,9.47,12.74,0.3457,4.1,-0.819,1.524,0,72
R00028,NYC,FastFood,$,6.34,8.54,0.3457,14.6,0.167,1.614,0,72
R00029,LA,Chinese,$$,13.46,17.28,0.2838,16.9,-1.09,1.389,0,72
R00030,LA,Italian,$$,14.73,17.78,0.2073,5.3,0.732,1.11,0,72
R00031,Chicago,Japanese,$$$,21.97,25.96,0.1814,6.1,0.72,1.044,0,72
R00032,NYC,Mexican,$$,12.82,17.93,0.3994,25.7,-0.006,1.271,1,34
R00033,NYC,Mexican,$$,12.92,16.53,0.2798,1.4,-0.65,1.431,1,34
R00034,LA,FastFood,$,7.22,10.03,0.3892,0.9,0.311,1.206,1,52
R00035,NYC,Mediterranean,$$$,19.98,26.43,0.3224,6.3,-0.888,1.298,0,72
R00036,NYC,FastFood,$,8.36,11.22,0.341,1.3,0.035,1.551,1,71
R00037,LA,Italian,$$$,19.49,24.49,0.2566,2.1,-0.152,1.178,0,72
R00038,NYC,Chinese,$,10.48,13.75,0.3121,13.1,2.63,1.477,0,72
R00039,LA,Japanese,$$$,21.31,25.46,0.1949,9.9,-1.227,1.39,1,48
R00040,NYC,Japanese,$$$$,26.8,32.58,0.2155,4.1,-2.667,1.377,0,72
R00041,Chicago,Mexican,$$,14.89,19.69,0.3228,4.1,-0.638,1.107,1,48
R00042,LA,Indian,$$,12.56,16.46,0.3102,9.3,-1.716,1.427,0,72
R00043,NYC,FastFood,$,7.7,10.57,0.3721,2.7,-0.727,1.711,0,72
R00044,Chicago,American,$$,13.39,16.21,0.2104,2.9,-1.298,0.978,0,72
R00045,Chicago,Italian,$$,15.99,19.04,0.1905,3.3,-0.905,0.89,0,72
R00046,NYC,Japanese,$$,17.1,21.44,0.2537,12.4,-1.065,1.332,0,72
R00047,NYC,Mexican,$$,12.19,15.27,0.2527,1.8,0.963,1.199,0,72
R00048,LA,Chinese,$$,14.57,18.98,0.3031,11.8,-0.049,1.303,0,72
R00049,NYC,American,$$,13.89,18.14,0.3061,9.4,1.075,1.586,0,72
R00050,NYC,Japanese,$$$,21.64,27.56,0.2734,3.7,0.04,1.471,0,72
R00051,NYC,American,$$,15.38,21.04,0.3685,4.4,0.929,1.229,0,72
R00052,LA,Thai,$$,16.93,20.99,0.2398,18.4,-0.302,1.149,0,72
R00053,LA,Chinese,$,11.64,14.75,0.2669,0.7,1.595,1.416,0,72
R00054,LA,Mexican,$,11.27,14.95,0.3267,3.4,0.471,1.291,0,72
R00055,LA,Mexican,$,10.73,14.3,0.3322,8.1,-0.78,1.318,0,72
R00056,LA,Mexican,$,10.19,12.48,0.2249,7.9,0.619,1.785,0,72
R00057,LA,American,$$,17.6,22.71,0.2901,2.9,0.027,1.248,0,72
R00058,NYC,Thai,$$,13.66,18.07,0.3224,0.5,-0.203,1.119,0,72
R00059,NYC,Mediterranean,$$,17.17,20.33,0.184,16.4,0.096,1.271,0,72
R00060,LA,American,$$$,20.13,25.24,0.2542,12.8,0.751,1.245,0,72
R00061,LA,Japanese,$$$$,27.96,33.82,0.2096,2.7,-2.118,1.203,0,72
R00062,LA,Chinese,$,9.67,12.35,0.2773,1.5,-0.351,1.175,1,42
R00063,LA,Japanese,$$$,24.72,29.25,0.1831,2.0,0.683,1.178,0,72
R00064,LA,Italian,$$$,18.75,23.45,0.2508,4.0,0.248,1.092,0,72
R00065,LA,Mediterranean,$$,15.64,21.25,0.3581,1.6,-1.126,1.255,1,33
R00066,LA,Japanese,$$$,23.34,29.48,0.2633,3.7,-2.368,1.419,0,72
R00067,NYC,Chinese,$,9.53,11.55,0.212,0.9,1.701,1.785,0,72
R00068,NYC,Italian,$$$,23.42,29.61,0.2643,0.5,-0.187,1.779,1,20
R00069,NYC,Mexican,$$,13.71,18.24,0.3303,2.0,1.514,1.293,0,72
R00070,NYC,FastFood,$,7.27,9.49,0.3049,0.7,0.795,1.446,0,72
R00071,NYC,Mexican,$,11.25,15.27,0.3577,2.2,-0.794,1.396,0,72
R00072,Chicago,Mexican,$,9.2,12.27,0.334,12.1,-2.501,1.074,0,72
R00073,NYC,Chinese,$$,12.29,15.81,0.2866,2.9,-0.462,1.436,0,72
R00074,NYC,Thai,$$,12.83,15.76,0.2278,9.5,-0.037,1.411,0,72
R00075,NYC,American,$$,12.6,14.87,0.1794,1.2,0.451,1.727,0,72
R00076,NYC,American,$$$,18.4,22.94,0.2467,12.8,-1.111,1.467,0,72
R00077,LA,Italian,$$$,22.65,27.68,0.2222,13.6,0.178,1.218,0,72
R00078,LA,Mexican,$$,12.44,16.1,0.2942,3.0,0.178,1.261,0,72
R00079,LA,Mediterranean,$$,16.09,19.88,0.2358,0.5,0.986,1.301,1,46
R00080,LA,Chinese,$$,14.06,18.68,0.3284,6.9,-0.307,1.302,0,72
R00081,NYC,Mexican,$$,12.46,16.98,0.3631,2.1,0.443,1.747,0,72
R00082,Chicago,American,$$,13.17,16.33,0.24,2.2,0.288,0.857,0,72
R00083,NYC,Mexican,$,11.11,15.35,0.3808,18.7,0.876,1.508,0,72
R00084,NYC,Mexican,$,11.85,15.49,0.3072,0.5,-0.82,1.432,1,33
R00085,NYC,Thai,$$,14.64,18.38,0.2553,5.3,-3.071,1.399,1,30
R00086,LA,American,$$,16.03,19.78,0.2339,5.2,-0.237,1.314,0,72
R00087,LA,Chinese,$$,13.5,17.15,0.2704,1.9,-0.231,1.402,1,48
R00088,NYC,Italian,$$,13.68,15.7,0.1474,2.2,-1.158,1.351,0,72
R00089,LA,Indian,$$,16.34,20.48,0.2527,0.5,-1.508,1.469,0,72
R00090,NYC,Mexican,$$,12.51,17.45,0.3952,1.7,-0.575,1.221,1,35
R00091,LA,Mexican,$$$,19.79,26.92,0.36,1.0,-0.115,1.288,0,72
R00092,NYC,American,$$,14.92,19.49,0.3063,0.9,0.095,1.303,1,13
R00093,NYC,American,$$,16.96,21.82,0.2866,0.8,-2.285,1.343,0,72
R00094,NYC,FastFood,$$,14.14,20.26,0.4324,0.9,-1.754,1.46,0,72
R00095,LA,Italian,$$$,18.64,21.94,0.177,1.3,1.13,1.144,0,72
R00096,NYC,Mexican,$$,12.35,15.95,0.2918,2.2,-0.19,1.028,0,72
R00097,NYC,American,$$,13.4,17.9,0.3362,2.1,-0.002,1.56,0,72
R00098,NYC,American,$$$,21.07,26.99,0.2814,8.3,-1.333,1.592,1,38
R00099,Chicago,Mexican,$,10.15,12.75,0.2564,2.6,-0.004,0.981,0,72
R00100,Chicago,American,$$,17.28,21.73,0.2576,3.0,-0.376,0.972,0,72
R00101,LA,Chinese,$,11.94,15.26,0.2781,10.8,-0.619,1.147,0,72
R00102,NYC,Thai,$$,13.53,17.16,0.2681,1.0,-1.462,1.181,0,72
R00103,Chicago,Thai,$,10.83,13.18,0.2167,1.9,-0.868,0.804,0,72
R00104,LA,Japanese,$$$$,28.02,35.47,0.2661,0.5,1.972,1.321,0,72
R00105,LA,FastFood,$,8.09,10.92,0.3503,0.6,-0.349,1.364,0,72
R00106,NYC,FastFood,$,6.83,9.81,0.4358,0.9,0.79,1.558,0,72
R00107,NYC,Mexican,$$,15.66,20.76,0.3255,18.7,-0.196,1.518,0,72
R00108,NYC,Italian,$$,16.44,20.3,0.2346,5.7,-0.312,1.593,0,72
R00109,Chicago,American,$$,16.99,22.12,0.302,1.5,-0.636,1.09,0,72
R00110,LA,Mexican,$$,14.54,19.91,0.3693,2.7,1.346,1.092,0,72
R00111,NYC,Italian,$$$,19.6,24.65,0.2572,0.5,0.373,1.489,1,30
R00112,NYC,Chinese,$,8.75,10.87,0.2419,14.4,-0.79,1.399,0,72
R00113,LA,FastFood,$,9.63,12.52,0.2994,13.1,-0.394,1.16,0,72
R00114,NYC,Japanese,$$$,21.61,26.3,0.2173,8.1,1.076,1.663,1,41
R00115,Chicago,Indian,$$,13.67,17.11,0.2518,0.5,-2.839,1.208,0,72
R00116,LA,Italian,$$,17.65,21.26,0.2046,2.2,0.311,0.906,0,72
R00117,LA,Mexican,$,9.36,13.1,0.4001,6.9,0.538,1.164,0,72
R00118,NYC,Mediterranean,$$,17.6,21.32,0.2114,5.9,-0.75,1.397,1,53
R00119,LA,Mexican,$,9.78,12.34,0.2619,0.5,0.155,1.379,1,36
R00120,LA,Mexican,$,11.87,15.82,0.3322,1.4,0.502,1.008,0,72
R00121,LA,Italian,$$$,18.51,23.25,0.2561,0.5,-1.231,0.838,0,72
R00122,NYC,Vietnamese,$$,13.95,16.75,0.2006,28.5,0.842,1.6,1,33
R00123,NYC,Italian,$$,15.53,18.07,0.1632,9.9,0.297,1.628,0,72
R00124,NYC,Mexican,$$,16.23,21.54,0.3268,16.1,-0.153,1.171,0,72
R00125,LA,Italian,$$$,21.34,27.7,0.2978,0.5,0.105,1.182,1,34
R00126,NYC,Chinese,$$,12.03,17.02,0.4144,12.5,0.707,1.742,1,13
R00127,NYC,Mexican,$,10.24,13.51,0.3193,5.5,2.316,1.274,0,72
R00128,NYC,American,$$,12.34,15.69,0.2715,19.1,0.61,1.468,0,72
R00129,LA,Mexican,$$,13.13,16.78,0.2782,2.2,0.811,1.275,0,72
R00130,NYC,Italian,$$,15.76,20.2,0.2817,11.5,0.194,1.222,0,72
R00131,Chicago,Vietnamese,$$,14.27,19.36,0.3564,8.4,1.902,0.935,0,72
R00132,LA,Indian,$$,12.83,17.23,0.3428,12.8,-1.466,0.98,0,72
R00133,NYC,Chinese,$,11.05,14.58,0.3185,6.9,-1.737,1.422,0,72
R00134,LA,Italian,$$$,18.77,22.3,0.1881,6.1,0.153,1.091,0,72
R00135,NYC,Chinese,$,11.49,15.17,0.3204,5.8,0.66,1.487,0,72
R00136,Chicago,FastFood,$,8.51,11.74,0.379,3.6,-2.575,1.079,0,72
R00137,LA,Chinese,$$,15.52,19.87,0.28,8.5,-0.003,1.418,0,72
R00138,LA,Chinese,$$,13.28,16.06,0.2092,2.0,-0.18,1.588,0,72
R00139,NYC,Japanese,$$$,22.48,28.15,0.252,8.7,0.744,1.487,1,29
R00140,LA,Chinese,$$,13.49,17.35,0.286,2.3,0.429,1.155,0,72
R00141,LA,Chinese,$,9.58,11.59,0.2089,17.6,-1.808,1.147,0,72
R00142,Chicago,Mexican,$$,13.41,17.46,0.3016,13.1,-1.08,0.891,0,72
R00143,LA,Vietnamese,$,11.84,15.8,0.3353,1.3,-0.807,1.266,0,72
R00144,LA,American,$$$,18.79,25.42,0.353,5.1,0.739,1.131,0,72
R00145,NYC,Vietnamese,$$,12.82,16.2,0.2634,1.0,0.375,1.543,0,72
R00146,NYC,Indian,$$,13.98,18.69,0.3365,5.1,-0.621,1.296,0,72
R00147,LA,Italian,$$$,21.68,27.71,0.2783,0.7,0.145,1.135,0,72
R00148,NYC,FastFood,$,8.06,11.18,0.386,0.8,-1.058,1.527,0,72
R00149,NYC,Indian,$$,15.16,18.94,0.2497,15.2,2.05,1.428,0,72
R00150,Chicago,Thai,$$,13.24,15.97,0.2068,1.9,0.574,0.794,0,72
R00151,Chicago,Indian,$$,15.76,19.77,0.2549,2.2,0.786,0.998,0,72
R00152,NYC,Italian,$$,16.82,21.1,0.2545,8.6,1.377,1.317,0,72
R00153,LA,Italian,$$$,24.21,29.11,0.202,0.6,1.016,1.383,0,72
R00154,NYC,Japanese,$$$$,31.63,42.22,0.3346,4.5,0.032,1.629,0,72
R00155,LA,Mexican,$$,14.63,19.02,0.3,4.3,-0.185,0.912,0,72
R00156,NYC,Japanese,$$$$,29.03,34.12,0.1753,0.5,1.288,1.596,0,72
R00157,LA,Mexican,$,9.48,12.4,0.3088,8.5,0.027,1.257,0,72
R00158,LA,Mexican,$,9.68,13.01,0.344,10.0,-0.749,1.004,0,72
R00159,LA,FastFood,$,8.02,10.89,0.3571,3.5,1.967,1.333,0,72
R00160,NYC,Vietnamese,$,11.59,15.6,0.3467,7.6,-0.936,1.244,0,72
R00161,Chicago,American,$$,15.44,20.14,0.3047,13.2,-1.735,1.147,1,7
R00162,NYC,Italian,$$,13.39,16.0,0.1943,8.3,0.993,1.342,0,72
R00163,NYC,American,$$$,19.69,24.78,0.2588,7.4,-0.731,1.209,0,72
R00164,LA,Mediterranean,$$$$,25.05,33.75,0.3473,1.8,0.435,1.548,1,16
R00165,NYC,Vietnamese,$$,14.48,17.84,0.2316,4.4,1.817,1.204,0,72
R00166,Chicago,American,$$$,19.45,23.87,0.2273,3.7,-1.375,0.908,0,72
R00167,Chicago,Japanese,$$$,22.91,29.36,0.2814,1.2,-0.041,0.929,1,30
R00168,NYC,Italian,$$,15.47,20.27,0.3107,4.3,1.483,1.373,0,72
R00169,Chicago,Vietnamese,$,11.65,15.3,0.313,3.2,0.682,1.087,0,72
R00170,NYC,FastFood,$$,12.42,17.31,0.3943,4.0,-0.18,1.46,1,18
R00171,LA,Japanese,$$$,20.65,24.74,0.1979,1.4,2.389,1.354,0,72
R00172,NYC,Japanese,$$$,20.27,27.13,0.3387,12.6,-0.095,1.516,0,72
R00173,Chicago,Japanese,$$$$,26.85,31.15,0.16,13.9,0.397,0.818,0,72
R00174,NYC,Japanese,$$$$,27.18,32.96,0.213,10.8,1.649,1.549,1,45
R00175,NYC,FastFood,$,7.3,10.07,0.3794,0.7,0.981,1.491,0,72
R00176,NYC,Indian,$$,13.83,17.64,0.2753,6.6,1.322,1.345,0,72
R00177,Chicago,Italian,$$,16.45,19.9,0.2103,1.2,-0.9,1.283,0,72
R00178,Chicago,Italian,$$$,18.23,22.27,0.2215,0.9,1.228,1.076,0,72
R00179,LA,Japanese,$$$$,26.83,35.93,0.3389,9.9,0.17,1.344,0,72
R00180,Chicago,Mexican,$,10.82,14.19,0.3117,0.7,-0.746,1.124,0,72
R00181,Chicago,American,$$$,19.47,23.34,0.1991,1.7,0.222,0.951,0,72
R00182,LA,Thai,$$,14.26,18.88,0.3238,0.5,0.19,1.295,0,72
R00183,NYC,Vietnamese,$$,17.48,22.52,0.2884,13.0,1.868,1.506,0,72
R00184,LA,Chinese,$$,13.77,18.53,0.3457,2.7,0.381,1.122,0,72
R00185,LA,Indian,$$,14.25,18.29,0.2832,15.4,-0.781,1.036,0,72
R00186,NYC,Indian,$$,16.08,21.23,0.32,5.5,-1.011,1.454,0,72
R00187,NYC,Chinese,$$,12.23,15.06,0.231,5.6,-0.047,1.556,0,72
R00188,LA,American,$,11.58,13.29,0.1475,7.4,-1.346,1.202,0,72
R00189,NYC,American,$$,15.32,18.46,0.2049,2.6,-0.715,1.419,0,72
R00190,Chicago,Thai,$$,13.37,18.01,0.3473,17.5,-0.244,1.003,1,26
R00191,NYC,Mexican,$,9.38,12.04,0.2826,4.8,-0.422,1.401,0,72
R00192,NYC,Chinese,$$,12.83,17.41,0.3566,5.2,0.727,1.746,0,72
R00193,Chicago,Japanese,$$,15.16,18.01,0.1879,0.7,-0.738,1.033,0,72
R00194,NYC,Mexican,$,11.74,15.59,0.328,24.8,-2.47,1.368,0,72
R00195,NYC,Japanese,$$$,22.99,29.14,0.2678,2.5,-1.686,1.167,0,72
R00196,LA,Thai,$$,14.25,19.55,0.3722,1.2,-0.018,1.172,0,72
R00197,Chicago,Chinese,$$,12.07,15.69,0.2992,4.5,-0.587,0.933,0,72
R00198,NYC,Japanese,$$$,21.66,27.93,0.2893,7.9,-1.237,1.347,1,39
R00199,NYC,FastFood,$,7.38,10.52,0.4248,1.1,1.958,1.624,1,43
R00200,LA,American,$$,16.03,19.69,0.2283,11.9,0.829,1.212,0,72
R00201,Chicago,American,$$,16.17,20.75,0.2834,5.0,-0.058,0.817,0,72
R00202,LA,American,$$,13.61,17.76,0.3051,15.6,0.233,1.293,0,72
R00203,NYC,Chinese,$$,13.64,18.61,0.3645,0.5,-0.265,1.199,1,50
R00204,NYC,Chinese,$$,13.63,17.88,0.3122,8.0,-1.254,1.576,0,72
R00205,NYC,Vietnamese,$,11.16,14.6,0.3081,2.5,1.031,1.37,0,72
R00206,NYC,Japanese,$$$$,34.02,41.72,0.2265,16.9,0.851,1.465,1,34
R00207,LA,Italian,$$,17.55,20.88,0.1896,4.3,-1.977,1.196,1,50
R00208,NYC,Mexican,$,11.89,15.38,0.2941,4.6,0.226,1.424,0,72
R00209,LA,Thai,$$,12.98,16.98,0.3083,5.0,0.337,1.231,0,72
R00210,LA,Mexican,$,10.5,13.73,0.3086,7.6,-0.322,1.212,1,39
R00211,LA,Indian,$$,16.41,21.35,0.3016,7.1,2.097,1.502,0,72
R00212,NYC,Italian,$$,15.91,20.27,0.2744,5.3,1.989,1.489,0,72
R00213,Chicago,American,$$,14.45,17.0,0.177,1.9,-0.378,1.03,0,72
R00214,LA,Chinese,$,11.8,14.7,0.2455,8.1,-0.223,1.102,0,72
R00215,LA,Chinese,$,10.89,14.03,0.2886,1.7,-0.34,1.256,0,72
R00216,NYC,American,$,11.67,14.49,0.2412,12.4,-0.611,1.282,0,72
R00217,NYC,Vietnamese,$,10.58,13.61,0.286,5.3,-0.921,1.665,0,72
R00218,Chicago,Chinese,$$,15.21,20.61,0.3548,0.9,0.507,0.837,1,38
R00219,NYC,Japanese,$$$,22.79,27.2,0.1933,11.6,1.961,1.31,0,72
R00220,NYC,Japanese,$$$$,29.14,39.95,0.3712,10.6,1.55,1.193,0,72
R00221,LA,Chinese,$$,14.88,19.56,0.3144,1.4,0.789,1.262,0,72
R00222,LA,American,$$,17.58,23.02,0.3093,3.4,-2.407,1.14,0,72
R00223,Chicago,Chinese,$$$,18.24,23.96,0.3134,6.5,-1.865,1.086,0,72
R00224,NYC,American,$$,15.72,20.61,0.3108,14.1,1.064,1.29,0,72
R00225,Chicago,Mexican,$$,12.64,17.36,0.3731,9.9,1.619,1.066,0,72
R00226,NYC,Japanese,$$$,21.95,26.69,0.2159,40.0,0.554,1.554,0,72
R00227,LA,Italian,$$$,23.77,29.05,0.2222,2.7,-0.306,1.231,0,72
R00228,LA,Japanese,$$$,22.01,26.57,0.2074,14.3,1.352,1.204,0,72
R00229,NYC,Japanese,$$$,19.58,23.2,0.1852,1.5,0.754,1.474,0,72
R00230,NYC,Mediterranean,$$$,18.9,23.75,0.2569,3.0,1.137,1.3,0,72
R00231,NYC,Japanese,$$$,18.99,25.9,0.3636,2.4,-1.857,1.274,1,14
R00232,Chicago,Thai,$$,15.41,19.28,0.2513,0.5,0.343,1.067,1,55
R00233,LA,Chinese,$$,14.01,19.6,0.3992,3.6,1.775,1.148,0,72
R00234,Chicago,Italian,$$,17.4,22.69,0.3043,9.3,0.527,1.056,0,72
R00235,Chicago,Mexican,$$,13.84,19.93,0.4398,5.5,0.948,1.205,0,72
R00236,LA,Japanese,$$,16.83,22.64,0.3453,7.4,0.036,1.136,0,72
R00237,LA,Vietnamese,$,11.84,16.91,0.4279,10.0,0.106,1.117,0,72
R00238,NYC,Thai,$$,12.88,17.08,0.3263,2.2,1.403,1.395,1,63
R00239,NYC,American,$$$$,26.78,34.59,0.2914,8.9,-0.67,1.457,0,72
R00240,Chicago,Vietnamese,$,11.83,15.31,0.2947,12.0,-0.768,1.076,0,72
R00241,LA,Chinese,$,11.68,15.18,0.3,17.0,-0.478,1.196,0,72
R00242,NYC,Mexican,$,9.75,13.14,0.3475,1.5,0.023,1.861,0,72
R00243,LA,Thai,$$,17.71,23.51,0.3276,12.2,-1.61,1.262,0,72
R00244,LA,Chinese,$$,12.21,15.58,0.2767,16.4,0.731,1.318,0,72
R00245,Chicago,Mexican,$,10.84,13.24,0.2211,5.8,-0.164,0.996,0,72
R00246,LA,FastFood,$,9.03,12.26,0.3582,5.1,0.854,1.355,0,72
R00247,NYC,FastFood,$,9.55,12.66,0.3254,1.4,-2.119,1.415,0,72
R00248,NYC,American,$$,17.93,22.43,0.2505,7.6,0.858,1.342,0,72
R00249,NYC,Italian,$$$,18.06,22.45,0.2429,8.2,1.337,1.616,0,72
R00250,LA,Thai,$$,14.41,18.32,0.2714,2.9,0.439,1.192,0,72
R00251,Chicago,Chinese,$$,13.55,17.97,0.3255,9.4,0.03,1.03,0,72
R00252,LA,Japanese,$$$,23.37,29.02,0.2417,4.2,0.865,1.35,0,72
R00253,NYC,Italian,$$$,19.43,25.42,0.308,4.4,1.271,1.474,0,72
R00254,NYC,FastFood,$,10.35,14.18,0.3703,5.3,0.523,1.424,0,72
R00255,LA,FastFood,$,8.59,11.47,0.3356,2.5,0.598,1.125,0,72
R00256,Chicago,Vietnamese,$,9.93,12.79,0.2879,11.3,1.657,1.136,0,72
R00257,NYC,Mexican,$$,12.18,15.53,0.2754,0.8,0.761,1.392,0,72
R00258,NYC,Japanese,$$$$,25.2,32.43,0.2869,3.7,-0.8,1.441,0,72
R00259,LA,Chinese,$,9.43,12.65,0.3425,3.1,1.267,1.242,0,72
R00260,NYC,Mediterranean,$$,12.34,16.53,0.3395,14.7,-0.124,1.5,0,72
R00261,Chicago,Mexican,$$,14.75,18.03,0.2224,12.8,0.033,1.129,0,72
R00262,NYC,Mexican,$$,16.43,20.77,0.2641,0.5,0.107,1.438,1,44
R00263,NYC,Indian,$,11.55,14.7,0.2732,1.3,0.969,1.71,0,72
R00264,Chicago,Japanese,$$$,22.4,28.88,0.2892,14.0,1.749,0.971,0,72
R00265,NYC,Thai,$$,13.03,17.21,0.321,1.7,0.024,1.516,0,72
R00266,NYC,Mexican,$,11.93,15.52,0.3013,0.7,1.731,1.418,0,72
R00267,NYC,Thai,$$,14.79,18.3,0.2374,1.3,0.165,1.864,1,37
R00268,NYC,Mexican,$,9.9,12.93,0.3058,13.0,1.402,1.39,0,72
R00269,NYC,Mexican,$,10.24,13.34,0.3024,1.1,0.198,1.405,0,72
R00270,NYC,Japanese,$$$,20.84,27.44,0.3168,4.6,-0.492,1.47,0,72
R00271,NYC,Chinese,$$,12.66,17.36,0.3706,1.0,1.922,1.404,0,72
R00272,NYC,American,$$,13.06,16.04,0.2275,3.1,-0.588,1.506,0,72
R00273,LA,Mexican,$$,14.41,19.56,0.3577,13.3,-0.655,1.391,0,72
R00274,LA,Mexican,$,11.59,15.68,0.3525,13.9,-1.256,1.221,0,72
R00275,NYC,Indian,$$,13.44,16.68,0.241,1.1,1.267,1.482,0,72
R00276,NYC,Chinese,$$,13.68,18.0,0.3158,1.1,1.503,1.411,0,72
R00277,LA,Vietnamese,$,11.24,14.91,0.327,3.0,0.373,1.129,0,72
R00278,Chicago,Indian,$$,16.86,21.21,0.2582,3.3,-0.984,1.012,1,39
R00279,Chicago,Mexican,$,10.57,12.73,0.2045,6.5,-0.007,1.001,0,72
R00280,NYC,Indian,$,11.28,14.73,0.3066,4.8,-0.303,1.669,0,72
R00281,NYC,Chinese,$$,12.29,16.62,0.3518,0.5,-1.03,1.292,0,72
R00282,NYC,Italian,$$$,18.2,24.18,0.329,21.3,-0.489,1.727,0,72
R00283,NYC,Mexican,$,10.0,13.06,0.3066,2.3,0.506,1.425,0,72
R00284,LA,Thai,$,10.91,13.77,0.2627,1.4,-0.605,1.222,0,72
R00285,NYC,American,$$,16.53,20.99,0.2696,1.1,0.292,1.276,0,72
R00286,NYC,American,$$,13.96,18.07,0.2946,4.3,-1.776,1.551,1,53
R00287,NYC,FastFood,$,6.54,8.93,0.3649,2.6,1.679,1.292,0,72
R00288,LA,Italian,$$$,21.42,26.99,0.2602,1.5,-0.391,1.255,0,72
R00289,NYC,Mediterranean,$$,15.17,18.72,0.2337,11.4,0.87,1.499,0,72
R00290,Chicago,Indian,$$,17.83,22.65,0.2698,2.6,0.189,0.962,1,48
R00291,NYC,FastFood,$,8.54,11.3,0.3229,0.5,0.402,1.132,1,34
R00292,Chicago,Mediterranean,$$,17.93,22.1,0.2328,10.0,-1.132,1.296,0,72
R00293,NYC,FastFood,$,8.18,11.83,0.4454,3.6,-0.761,1.278,0,72
R00294,Chicago,Mexican,$,7.75,9.46,0.2201,2.9,-0.738,1.033,0,72
R00295,Chicago,Thai,$,11.41,14.22,0.246,5.6,0.025,0.916,0,72
R00296,Chicago,Thai,$$,13.69,16.37,0.1963,0.5,1.326,1.134,0,72
R00297,Chicago,Vietnamese,$$,12.28,15.81,0.2877,0.5,0.433,0.955,0,72
R00298,LA,Italian,$$,13.04,16.73,0.2824,4.6,-0.9,1.096,1,38
R00299,LA,FastFood,$,8.42,11.35,0.3485,8.2,0.087,1.289,0,72
R00300,LA,Chinese,$,10.62,13.75,0.2942,0.5,-0.081,1.03,0,72
R00301,NYC,American,$$,16.69,22.47,0.3464,1.7,-0.351,1.38,0,72
R00302,LA,American,$$,15.94,20.35,0.2765,13.0,-0.015,1.304,0,72
R00303,LA,Chinese,$$,14.86,19.93,0.341,12.8,0.764,1.438,0,72
R00304,Chicago,Indian,$$,17.57,22.59,0.2858,6.4,-0.72,0.891,0,72
R00305,LA,Mexican,$$,13.58,15.97,0.1762,6.9,-0.346,1.115,0,72
R00306,NYC,Vietnamese,$$,13.43,17.81,0.3262,22.7,0.982,1.513,0,72
R00307,LA,Thai,$$,13.14,16.25,0.2361,1.1,0.469,0.944,1,30
R00308,NYC,Italian,$$$$,29.92,36.16,0.2085,5.7,1.279,1.707,0,72
R00309,NYC,Indian,$,11.64,16.0,0.3737,5.3,1.436,1.286,0,72
R00310,LA,Chinese,$,11.82,15.15,0.2813,1.5,-1.361,1.139,0,72
R00311,NYC,Thai,$$,16.47,23.13,0.4046,5.2,0.288,1.496,0,72
R00312,NYC,FastFood,$,9.73,12.55,0.2896,7.4,-0.508,1.459,0,72
R00313,NYC,Chinese,$$,14.19,17.96,0.2658,1.3,-1.199,1.292,0,72
R00314,NYC,Vietnamese,$$,12.99,17.77,0.3681,1.1,-0.789,1.783,1,31
R00315,NYC,American,$,11.0,13.89,0.2629,15.4,-0.301,1.065,0,72
R00316,NYC,American,$$$,21.3,27.59,0.2954,1.7,-0.295,1.267,0,72
R00317,LA,Indian,$$,13.98,17.81,0.2744,4.6,-0.607,1.112,0,72
R00318,NYC,Japanese,$$$$,27.53,34.77,0.2629,0.7,-0.014,1.294,0,72
R00319,Chicago,American,$,11.1,13.48,0.2148,3.7,2.447,1.158,0,72
R00320,Chicago,Chinese,$$,13.61,17.41,0.279,6.9,-1.725,0.82,0,72
R00321,LA,Italian,$$,16.26,20.53,0.2621,1.1,1.137,1.447,0,72
R00322,NYC,Mediterranean,$$$,18.84,25.83,0.3707,0.7,-0.018,1.402,0,72
R00323,LA,Mexican,$$,13.23,17.34,0.3099,7.6,-0.438,1.019,0,72
R00324,Chicago,American,$$,17.09,20.68,0.2103,9.5,-2.018,0.777,0,72
R00325,LA,Chinese,$,10.74,13.69,0.2739,5.7,0.763,1.169,0,72
R00326,Chicago,Thai,$$,13.86,18.48,0.3335,15.3,-1.441,0.919,1,45
R00327,LA,American,$$,15.49,20.05,0.2945,4.3,0.828,1.235,0,72
R00328,LA,Japanese,$$$,24.05,27.78,0.155,6.6,1.741,1.137,0,72
R00329,NYC,Chinese,$$,15.53,19.0,0.2228,1.9,-1.283,1.626,0,72
R00330,LA,Japanese,$$$,22.6,27.32,0.2085,1.3,1.168,1.18,1,45
R00331,NYC,FastFood,$,6.76,9.27,0.3715,9.1,0.025,1.378,0,72
R00332,LA,American,$$,16.31,20.53,0.2583,3.0,-2.094,1.349,0,72
R00333,Chicago,Japanese,$$$$,35.2,43.85,0.2457,0.8,-1.205,1.028,0,72
R00334,NYC,Indian,$$$,19.5,25.18,0.2912,2.4,0.178,1.591,0,72
R00335,LA,Italian,$,10.54,13.7,0.2999,2.8,0.401,1.377,1,25
R00336,NYC,Japanese,$$$,22.25,29.12,0.3086,7.2,-1.581,1.4,0,72
R00337,LA,Italian,$$$,21.29,26.27,0.2339,14.8,0.032,1.206,0,72
R00338,NYC,Chinese,$$,12.58,17.33,0.3773,0.7,0.824,1.605,1,40
R00339,Chicago,Indian,$$,13.35,15.58,0.1676,24.0,0.999,0.745,0,72
R00340,NYC,Mediterranean,$$,16.2,20.83,0.2857,19.8,-0.413,1.432,0,72
R00341,Chicago,Mediterranean,$$$,18.78,23.41,0.2469,2.8,0.438,0.973,0,72
R00342,Chicago,Mediterranean,$$,13.83,17.56,0.2701,9.5,1.072,1.046,0,72
R00343,LA,Japanese,$$$$,27.25,31.72,0.1642,4.9,0.852,1.09,0,72
R00344,LA,Italian,$$,17.82,21.69,0.217,1.3,0.891,1.369,1,35
R00345,LA,American,$$,13.52,17.31,0.28,3.2,0.114,1.098,0,72
R00346,Chicago,FastFood,$,10.41,13.88,0.3339,1.0,-0.095,0.946,0,72
R00347,NYC,Indian,$,10.98,14.92,0.3593,3.4,0.272,1.339,1,20
R00348,LA,American,$$,14.48,18.79,0.2981,4.5,-0.764,1.391,0,72
R00349,NYC,Vietnamese,$,10.38,13.77,0.327,0.5,1.112,1.129,0,72
R00350,LA,Indian,$$$,21.33,28.02,0.3137,14.0,-1.53,1.487,0,72
R00351,NYC,FastFood,$,7.51,10.14,0.3499,3.7,-0.504,1.73,0,72
R00352,LA,Indian,$,9.84,12.66,0.2873,5.4,-0.036,1.121,0,72
R00353,LA,Japanese,$$$,19.81,25.55,0.2897,6.5,0.47,1.357,0,72
R00354,LA,Italian,$$$,19.54,23.99,0.2277,11.5,0.658,1.219,0,72
R00355,LA,American,$$$,18.43,23.55,0.2781,2.6,1.489,1.463,0,72
R00356,LA,Italian,$$$$,27.12,34.66,0.2781,11.1,0.078,1.345,0,72
R00357,LA,FastFood,$,10.95,15.06,0.3756,2.7,-0.718,1.561,1,29
R00358,LA,American,$$,16.55,21.87,0.3217,8.1,-0.145,0.995,1,12
R00359,LA,Japanese,$$$,18.74,25.6,0.3664,0.5,-0.319,1.228,0,72
R00360,Chicago,Italian,$$$,24.11,29.78,0.2351,10.9,0.52,0.813,0,72
R00361,NYC,American,$$,14.97,18.82,0.2569,4.2,-1.067,1.362,0,72
R00362,NYC,American,$$,14.21,18.56,0.3056,1.1,-0.175,1.899,0,72
R00363,NYC,Mexican,$,11.6,15.81,0.3634,22.5,1.623,1.534,0,72
R00364,LA,Mediterranean,$$,13.57,17.65,0.3007,5.7,0.18,1.35,0,72
R00365,NYC,Italian,$$,16.55,21.93,0.3248,3.3,-1.053,1.542,0,72
R00366,LA,Japanese,$$$,21.1,24.59,0.1658,3.3,-0.34,1.267,0,72
R00367,LA,Chinese,$$,14.83,20.4,0.3757,1.8,-2.233,1.127,1,40
R00368,NYC,American,$$,14.92,20.48,0.3725,2.9,-0.059,1.332,1,14
R00369,Chicago,Indian,$,11.54,14.76,0.2784,3.0,1.648,0.936,1,39
R00370,LA,Mediterranean,$$,12.74,16.55,0.2996,0.5,-1.187,0.865,0,72
R00371,NYC,Mexican,$$,12.98,17.24,0.3279,6.7,-1.456,1.436,0,72
R00372,NYC,FastFood,$,8.61,11.71,0.3603,0.5,-0.653,1.492,1,63
R00373,NYC,Indian,$$,13.12,17.52,0.3349,2.1,0.921,1.346,0,72
R00374,NYC,Italian,$$,16.55,21.21,0.2817,5.2,1.705,1.427,0,72
R00375,NYC,Chinese,$$,13.94,18.91,0.356,11.3,0.448,1.544,1,22
R00376,Chicago,Italian,$$$,23.12,28.47,0.2313,1.4,-1.286,1.112,0,72
R00377,NYC,Mediterranean,$$,14.77,19.72,0.3349,8.3,-0.022,1.256,0,72
R00378,NYC,Italian,$$$,18.29,23.58,0.2893,12.2,1.789,1.318,0,72
R00379,LA,Japanese,$$$$,26.14,31.34,0.1988,14.5,-0.311,1.313,0,72
R00380,LA,Indian,$$,12.61,16.66,0.3216,22.4,0.14,1.288,0,72
R00381,Chicago,Mediterranean,$$,16.95,22.6,0.3329,0.9,0.241,1.175,1,23
R00382,LA,Vietnamese,$,11.42,14.95,0.3087,0.5,-1.546,1.403,0,72
R00383,LA,Indian,$,11.45,15.52,0.355,16.8,0.998,1.603,0,72
R00384,NYC,Chinese,$$,13.4,17.07,0.2741,2.2,0.854,1.4,0,72
R00385,Chicago,Mediterranean,$$,17.1,21.17,0.2385,29.2,-1.994,1.209,0,72
R00386,LA,Italian,$$$,19.89,23.83,0.1979,7.4,-1.331,1.075,0,72
R00387,Chicago,Mexican,$,10.1,13.72,0.359,19.2,-0.97,1.333,0,72
R00388,NYC,FastFood,$,8.52,12.28,0.442,5.3,0.748,1.531,0,72
R00389,Chicago,Chinese,$$,16.67,21.09,0.265,12.8,-0.751,1.067,0,72
R00390,LA,Mexican,$$$,18.17,25.05,0.3786,2.6,0.401,1.351,1,35
R00391,NYC,American,$$$,20.15,27.45,0.3625,6.8,-0.182,1.232,0,72
R00392,LA,Italian,$$,14.56,17.89,0.2284,8.1,0.071,1.055,0,72
R00393,LA,Mexican,$$,13.56,17.98,0.3265,0.5,0.496,1.217,1,55
R00394,NYC,American,$$,14.67,19.31,0.3167,1.7,0.272,1.511,0,72
R00395,LA,Indian,$$,15.26,18.89,0.2379,23.6,-0.019,1.541,0,72
R00396,Chicago,Thai,$$,12.18,15.42,0.2655,11.1,0.327,0.892,0,72
R00397,NYC,Chinese,$,9.55,13.63,0.4271,2.7,0.217,1.744,0,72
R00398,LA,American,$$,15.04,18.57,0.235,1.4,-0.21,1.162,0,72
R00399,NYC,Thai,$$,15.94,21.57,0.3527,0.5,-0.431,1.402,0,72
R00400,NYC,Chinese,$$,13.69,18.43,0.3462,5.6,1.88,1.422,0,72
R00401,Chicago,Chinese,$$,13.98,17.64,0.2618,0.5,-0.443,0.964,0,72
R00402,LA,Mexican,$$,13.0,17.3,0.3311,0.5,1.367,1.272,0,72
R00403,NYC,American,$$,17.21,23.53,0.3676,9.1,-0.685,1.383,0,72
R00404,Chicago,Chinese,$$,14.3,18.56,0.2977,1.7,0.81,0.844,0,72
R00405,Chicago,Indian,$$,13.8,17.74,0.2855,0.9,1.784,0.968,1,29
R00406,NYC,FastFood,$,8.63,12.42,0.44,2.1,-0.338,1.532,1,32
R00407,Chicago,Chinese,$$,17.79,22.34,0.2555,1.9,-0.667,0.845,0,72
R00408,NYC,Vietnamese,$,11.8,15.07,0.2777,2.0,-0.429,1.555,1,35
R00409,Chicago,Chinese,$$,13.1,17.8,0.3584,0.5,-0.019,1.152,0,72
R00410,LA,Mexican,$$,12.73,16.9,0.3268,0.7,0.322,1.433,0,72
R00411,LA,Indian,$$,13.94,18.47,0.3247,3.4,-0.04,1.25,0,72
R00412,NYC,Japanese,$$$,20.34,25.06,0.2319,3.4,-0.42,1.168,0,72
R00413,Chicago,FastFood,$,8.83,11.73,0.3294,2.1,1.955,1.081,1,47
R00414,NYC,American,$$,14.61,17.9,0.2252,19.1,-0.2,1.628,0,72
R00415,NYC,Chinese,$$,12.66,16.76,0.3232,17.7,-0.62,1.334,0,72
R00416,NYC,Japanese,$$$,19.08,23.62,0.2376,1.2,0.831,1.437,1,35
R00417,LA,Chinese,$$,13.26,16.65,0.2561,12.6,0.846,1.272,0,72
R00418,NYC,Mediterranean,$$$,18.89,24.08,0.2748,11.9,1.412,1.797,0,72
R00419,Chicago,Vietnamese,$,11.07,12.9,0.1653,8.3,1.928,0.97,0,72
R00420,LA,Italian,$$,12.54,14.7,0.172,13.5,0.346,1.335,0,72
R00421,NYC,American,$$,17.79,23.47,0.3191,3.9,-0.288,1.506,1,29
R00422,NYC,Vietnamese,$,11.75,15.83,0.3474,4.4,-1.902,1.485,0,72
R00423,NYC,Thai,$,11.71,14.71,0.2563,11.4,-0.938,1.701,0,72
R00424,LA,Mexican,$$,14.37,19.36,0.3474,8.6,0.209,1.086,0,72
R00425,Chicago,Mexican,$,9.72,12.11,0.2461,1.8,-1.181,1.028,0,72
R00426,NYC,Mexican,$$,15.09,20.76,0.3761,0.5,-1.585,1.455,1,21
R00427,Chicago,Japanese,$$$,21.77,26.44,0.2142,1.7,0.066,0.835,0,72
R00428,NYC,Japanese,$$,14.62,18.33,0.2537,0.5,0.777,1.681,1,39
R00429,Chicago,Mexican,$$,12.91,16.59,0.2854,4.8,-0.246,1.105,0,72
R00430,Chicago,Japanese,$$$,20.45,27.56,0.348,5.6,0.897,1.004,0,72
R00431,LA,Japanese,$$$,19.9,24.12,0.2121,7.9,0.617,1.163,0,72
R00432,LA,Mexican,$,10.95,14.57,0.3313,1.5,1.149,1.2,0,72
R00433,Chicago,FastFood,$,8.31,11.21,0.3491,13.9,2.173,1.089,0,72
R00434,NYC,American,$$,14.66,18.06,0.2319,14.3,2.614,1.459,0,72
R00435,NYC,Italian,$$,12.89,15.08,0.1703,2.9,0.732,1.338,1,30
R00436,NYC,American,$$$,20.12,25.15,0.2499,15.5,-0.46,1.363,0,72
R00437,LA,Italian,$$,17.23,21.84,0.268,5.5,0.062,1.198,1,66
R00438,LA,Mediterranean,$$,14.9,18.67,0.2529,12.9,1.573,1.073,0,72
R00439,LA,American,$$,13.06,16.3,0.2484,10.6,-0.893,1.249,0,72
R00440,Chicago,American,$$$,18.38,23.45,0.2755,0.5,1.448,0.909,0,72
R00441,NYC,FastFood,$,6.73,8.88,0.3197,4.3,-0.17,1.293,1,33
R00442,LA,Thai,$$,14.34,18.44,0.2856,2.9,0.227,1.76,0,72
R00443,NYC,Thai,$$,12.6,15.56,0.2343,1.5,-0.808,1.83,1,29
R00444,NYC,Chinese,$,11.83,15.8,0.336,0.6,-1.324,1.475,1,50
R00445,LA,Chinese,$,10.66,13.98,0.3115,20.9,-0.279,1.329,0,72
R00446,Chicago,Vietnamese,$,10.29,13.57,0.3198,4.6,1.303,1.13,1,52
R00447,LA,Japanese,$$$,22.03,26.28,0.1927,2.3,-0.702,1.189,0,72
R00448,NYC,Vietnamese,$,12.0,15.84,0.3204,12.3,1.613,1.5,0,72
R00449,LA,Indian,$$,12.59,15.31,0.2161,0.9,-0.573,1.163,0,72
R00450,NYC,Italian,$$,17.71,21.92,0.2377,18.9,-1.068,1.686,0,72
R00451,Chicago,Italian,$$$,21.12,26.91,0.2741,2.6,0.254,1.165,0,72
R00452,LA,American,$,11.86,14.76,0.244,0.5,0.679,1.447,0,72
R00453,NYC,Italian,$$,17.98,21.25,0.1817,1.3,0.188,1.497,0,72
R00454,NYC,Vietnamese,$,9.69,12.56,0.296,0.9,0.151,1.881,0,72
R00455,NYC,Indian,$,12.0,14.63,0.2195,17.9,1.603,1.437,0,72
R00456,Chicago,Japanese,$$$,23.06,26.64,0.1552,10.9,0.095,1.278,0,72
R00457,LA,Indian,$$,13.14,17.27,0.3135,1.5,-0.47,1.135,0,72
R00458,LA,American,$$,12.85,15.27,0.1877,1.7,-1.133,1.027,0,72
R00459,LA,Indian,$$$,18.4,23.84,0.2956,13.0,1.274,1.531,0,72
R00460,LA,Chinese,$$,15.34,19.96,0.3013,0.5,-0.426,1.299,0,72
R00461,NYC,Indian,$,10.24,13.04,0.2734,4.9,-0.328,1.543,0,72
R00462,Chicago,Indian,$,11.12,14.03,0.2614,5.5,1.052,0.958,0,72
R00463,NYC,Chinese,$$,14.47,18.42,0.2731,0.5,2.054,1.31,1,47
R00464,LA,American,$$,15.2,19.79,0.302,6.6,0.251,1.097,1,20
R00465,LA,Mediterranean,$$$,22.27,27.51,0.2351,0.5,-0.137,1.22,0,72
R00466,LA,Chinese,$$,14.53,18.6,0.2807,8.4,-0.006,1.179,0,72
R00467,Chicago,Indian,$$,15.3,18.74,0.2247,3.9,-0.456,0.792,0,72
R00468,NYC,FastFood,$,7.07,9.86,0.3945,3.0,-0.356,1.777,0,72
R00469,LA,Mediterranean,$$$,18.57,24.09,0.2972,3.4,-0.35,1.141,0,72
R00470,NYC,Japanese,$$,17.49,19.92,0.1389,15.3,0.911,1.682,0,72
R00471,LA,American,$$$,20.24,25.76,0.2727,2.3,-0.088,1.103,0,72
R00472,NYC,FastFood,$,9.17,11.67,0.2728,0.5,1.359,1.477,0,72
R00473,NYC,American,$$,13.79,17.42,0.2629,33.2,-0.116,1.629,0,72
R00474,NYC,Mexican,$$,14.45,19.28,0.3346,0.6,-0.367,1.603,0,72
R00475,NYC,Mexican,$$$,18.71,24.75,0.3224,1.3,1.278,1.404,0,72
R00476,NYC,Thai,$$,13.46,17.97,0.335,1.1,0.022,1.541,0,72
R00477,LA,Japanese,$$$,24.29,31.24,0.286,5.2,-0.126,1.301,0,72
R00478,LA,Chinese,$$,12.03,15.17,0.2613,1.6,0.034,1.179,0,72
R00479,NYC,Italian,$$$,18.28,22.11,0.2095,4.3,1.467,1.269,0,72
R00480,NYC,Indian,$,11.05,14.35,0.2982,7.8,0.306,1.345,0,72
R00481,NYC,Japanese,$$$,22.0,26.24,0.1928,2.2,1.249,1.385,0,72
R00482,LA,Mediterranean,$$,17.13,21.35,0.2462,6.5,-0.235,1.204,0,72
R00483,NYC,Indian,$$$,20.04,27.41,0.3674,9.8,1.089,1.755,0,72
R00484,NYC,FastFood,$,6.15,7.9,0.2847,1.0,0.238,1.617,0,72
R00485,NYC,Mediterranean,$$,16.16,20.57,0.273,9.0,0.883,1.315,0,72
R00486,LA,Chinese,$$,16.39,20.82,0.2704,0.5,0.967,1.496,0,72
R00487,NYC,Vietnamese,$,11.01,15.75,0.4303,3.5,-0.942,1.436,1,43
R00488,LA,Mexican,$$,12.12,15.67,0.2931,1.3,0.072,1.301,0,72
R00489,LA,FastFood,$,7.32,9.63,0.316,0.7,0.957,1.072,1,41
R00490,LA,Chinese,$,10.99,13.72,0.2485,1.8,1.116,1.137,1,19
R00491,LA,Vietnamese,$,8.28,10.85,0.3105,4.5,1.253,1.359,0,72
R00492,LA,Thai,$$,12.5,16.29,0.3035,6.1,0.105,1.08,0,72
R00493,NYC,Chinese,$,10.88,13.88,0.2757,7.9,1.54,1.46,0,72
R00494,LA,Thai,$$,14.3,19.15,0.3394,16.6,-0.657,1.27,0,72
R00495,LA,Mexican,$,10.85,14.47,0.3336,4.8,-1.495,1.061,0,72
R00496,NYC,Japanese,$$$,20.18,26.49,0.3126,3.3,-0.278,1.171,0,72
R00497,LA,Japanese,$$$,20.28,25.02,0.2336,19.7,1.196,1.338,0,72
R00498,NYC,Italian,$$,17.84,22.52,0.2622,2.0,-1.086,2.045,0,72
R00499,LA,American,$$,14.55,18.18,0.2493,1.6,-1.47,1.268,0,72
R00500,LA,FastFood,$,7.02,9.92,0.4129,4.7,-1.721,1.297,0,72
R00501,Chicago,Italian,$$$,18.28,22.04,0.2058,2.6,0.736,0.899,0,72
R00502,Chicago,American,$$$,19.39,23.86,0.2304,0.5,-1.448,1.193,0,72
R00503,LA,Mediterranean,$$,17.4,21.7,0.2471,1.1,0.549,1.147,0,72
R00504,LA,Indian,$$,12.99,16.3,0.2542,6.4,-0.328,1.38,0,72
R00505,LA,Mexican,$$,12.23,16.28,0.3319,8.3,-0.771,1.291,1,43
R00506,NYC,FastFood,$,5.88,8.23,0.401,4.5,-0.999,1.564,1,22
R00507,Chicago,Mexican,$$,12.19,15.31,0.2558,0.5,0.206,1.074,1,32
R00508,LA,American,$$,14.89,18.85,0.2663,2.0,-0.754,1.284,0,72
R00509,NYC,American,$$,13.53,17.44,0.2892,4.8,-0.005,1.5,1,20
R00510,NYC,Thai,$$,12.23,16.24,0.3279,2.1,0.401,1.629,0,72
R00511,Chicago,Chinese,$$,12.07,14.3,0.1846,3.9,0.613,0.917,0,72
R00512,NYC,Chinese,$$,15.54,19.8,0.2738,1.7,0.934,1.409,0,72
R00513,NYC,Indian,$$,17.65,21.74,0.2317,6.9,0.165,1.729,0,72
R00514,NYC,Chinese,$,11.0,14.54,0.3216,2.2,-1.05,1.48,0,72
R00515,NYC,Japanese,$$$,20.04,24.55,0.225,4.2,0.466,1.394,0,72
R00516,NYC,Indian,$$,13.27,16.92,0.2752,2.0,0.656,1.642,0,72
R00517,LA,Vietnamese,$$,13.3,16.63,0.2503,0.9,-0.182,1.327,0,72
R00518,NYC,Chinese,$$,13.34,17.35,0.2998,0.5,-0.288,1.241,0,72
R00519,Chicago,Italian,$$$,18.3,20.94,0.1438,9.7,2.475,1.092,0,72
R00520,Chicago,FastFood,$,9.36,12.62,0.3479,6.9,-1.293,1.017,1,46
R00521,NYC,Japanese,$$$,19.76,25.57,0.294,2.7,0.494,1.579,0,72
R00522,NYC,Mexican,$$,15.98,21.53,0.3475,18.8,1.046,1.452,0,72
R00523,LA,Chinese,$$,13.0,16.7,0.2849,9.9,-0.341,1.269,0,72
R00524,NYC,Italian,$$,15.43,17.72,0.1481,5.6,-0.169,1.164,0,72
R00525,NYC,FastFood,$,8.16,10.91,0.3371,3.3,-0.401,1.302,1,36
R00526,Chicago,Italian,$$$,22.47,26.11,0.1619,4.3,0.0,1.093,0,72
R00527,Chicago,Mexican,$,11.58,15.08,0.3024,5.9,0.899,1.37,0,72
R00528,LA,American,$$$,18.98,24.51,0.291,2.3,-0.198,1.254,0,72
R00529,NYC,Mexican,$,11.17,15.15,0.3562,5.7,3.111,1.334,0,72
R00530,LA,Italian,$$,15.68,20.28,0.2932,0.8,-0.453,1.22,0,72
R00531,LA,FastFood,$,9.57,12.55,0.3116,14.1,1.378,1.078,0,72
R00532,NYC,Indian,$$,12.39,15.73,0.2695,4.4,0.544,1.685,1,36
R00533,LA,Mexican,$$,14.49,19.89,0.3719,0.6,0.108,1.207,1,26
R00534,NYC,Japanese,$$$,23.44,29.96,0.2783,15.6,1.471,1.645,0,72
R00535,NYC,Chinese,$,11.11,14.53,0.3077,2.9,-1.6,1.424,0,72
R00536,LA,Mexican,$$,12.34,17.43,0.4123,0.6,0.425,1.376,0,72
R00537,NYC,American,$$,14.5,18.97,0.3089,0.5,-0.716,1.193,0,72
R00538,NYC,American,$$,17.04,21.65,0.2705,15.4,-0.436,1.454,0,72
R00539,Chicago,Indian,$$$,20.37,24.76,0.2157,1.4,-0.483,1.067,0,72
R00540,Chicago,Mediterranean,$$,15.9,20.77,0.3063,3.5,-0.964,0.968,0,72
R00541,LA,Chinese,$$,14.31,18.75,0.3103,2.1,-1.653,1.253,0,72
R00542,Chicago,FastFood,$,8.54,11.19,0.3112,1.4,0.389,1.042,0,72
R00543,Chicago,American,$$,16.07,20.31,0.2638,5.8,-0.066,1.134,0,72
R00544,NYC,Chinese,$$,12.62,17.21,0.364,1.8,-0.301,1.562,0,72
R00545,NYC,Thai,$,12.0,16.05,0.3375,4.4,0.759,1.52,0,72
R00546,NYC,Mexican,$$,13.28,18.38,0.3842,5.7,0.452,1.611,0,72
R00547,NYC,American,$$,15.19,19.79,0.3026,12.3,-0.267,1.233,0,72
R00548,LA,Indian,$$,12.32,16.11,0.3077,0.5,3.051,1.096,0,72
R00549,NYC,Italian,$$$,21.6,26.22,0.2134,3.6,1.018,1.228,0,72
R00550,LA,Mediterranean,$$,17.31,23.54,0.3605,0.9,2.445,1.282,1,52
R00551,NYC,Chinese,$$,12.48,15.7,0.2583,5.7,-0.415,1.524,1,36
R00552,NYC,Thai,$$,17.82,23.62,0.3255,7.9,0.25,1.712,0,72
R00553,Chicago,Mexican,$,8.98,10.99,0.2232,1.3,-1.238,1.043,0,72
R00554,NYC,Chinese,$$,16.35,21.5,0.3151,3.9,-0.33,1.344,1,4
R00555,NYC,Italian,$$,15.36,18.76,0.2214,7.4,-0.584,1.474,0,72
R00556,NYC,Mediterranean,$$,17.66,22.9,0.2968,1.9,2.996,1.158,0,72
R00557,LA,Chinese,$,11.69,15.4,0.3171,5.5,-0.692,1.143,0,72
R00558,LA,Mediterranean,$$,14.4,17.6,0.2222,4.5,-0.234,0.905,0,72
R00559,LA,Chinese,$$,16.47,21.38,0.2985,11.1,-1.454,1.248,1,44
R00560,NYC,Japanese,$$$$,30.73,41.17,0.3397,4.9,0.534,1.402,0,72
R00561,NYC,Italian,$$,17.3,20.49,0.1844,2.0,-0.9,1.427,0,72
R00562,Chicago,Mexican,$$,13.28,16.56,0.2473,2.0,0.919,0.894,1,48
R00563,LA,FastFood,$,8.59,11.88,0.383,9.2,-1.788,1.107,0,72
R00564,LA,Japanese,$$$$,30.04,37.67,0.2539,13.6,-0.122,1.304,0,72
R00565,LA,Vietnamese,$,7.86,10.36,0.3176,1.4,-1.846,1.01,0,72
R00566,LA,American,$$,17.12,22.45,0.3111,18.7,-0.491,1.275,0,72
R00567,NYC,American,$$,14.04,17.41,0.2403,2.5,-0.287,1.316,1,43
R00568,NYC,American,$,10.47,13.13,0.254,2.1,-0.599,1.185,1,41
R00569,LA,Mediterranean,$$,15.93,19.72,0.2379,1.5,-0.5,1.39,0,72
R00570,NYC,Vietnamese,$$,16.04,21.05,0.3126,3.0,0.971,1.701,1,38
R00571,Chicago,American,$$,14.22,18.44,0.297,4.6,2.174,0.937,0,72
R00572,LA,Vietnamese,$$,13.26,16.24,0.2249,21.1,0.339,1.123,0,72
R00573,LA,American,$$$,19.85,23.83,0.2003,6.0,-0.86,1.164,0,72
R00574,Chicago,Japanese,$$$,21.95,25.28,0.1517,0.8,0.064,0.907,0,72
R00575,LA,American,$$,16.35,21.75,0.3301,8.3,-0.354,1.112,0,72
R00576,Chicago,Japanese,$$,16.15,19.21,0.1893,1.0,0.889,1.055,0,72
R00577,LA,Indian,$$,12.75,16.11,0.2637,7.3,0.288,1.539,0,72
R00578,Chicago,FastFood,$,10.01,12.3,0.2293,2.0,-1.578,0.958,0,72
R00579,NYC,FastFood,$,8.59,11.57,0.3469,2.5,1.098,1.639,0,72
R00580,LA,Thai,$$,14.96,19.94,0.3333,3.1,0.967,1.252,1,43
R00581,LA,American,$$,16.39,20.86,0.2726,8.5,1.495,0.982,0,72
R00582,NYC,Indian,$$$,21.51,27.85,0.2946,3.3,-0.516,1.446,1,21
R00583,NYC,Chinese,$$,12.03,14.94,0.2418,20.7,0.301,1.424,0,72
R00584,Chicago,Japanese,$$$$,29.37,35.35,0.2036,2.5,-1.185,1.192,0,72
R00585,LA,Chinese,$$,13.32,17.41,0.3073,0.6,-0.051,1.438,1,34
R00586,NYC,Mexican,$$,16.96,21.88,0.2904,15.9,0.397,1.517,0,72
R00587,NYC,FastFood,$,6.82,9.5,0.3927,13.8,-0.636,1.677,0,72
R00588,NYC,Mediterranean,$$,17.57,23.45,0.3343,2.7,0.342,1.425,0,72
R00589,NYC,American,$$,14.91,18.68,0.2536,0.5,0.168,1.658,0,72
R00590,Chicago,Chinese,$$,13.33,17.41,0.3063,1.4,-0.45,1.012,0,72
R00591,NYC,Vietnamese,$$,14.33,18.98,0.3245,5.1,1.397,1.654,0,72
R00592,NYC,Japanese,$$$,23.55,31.26,0.3274,2.8,-0.234,1.674,0,72
R00593,LA,Thai,$$,17.44,24.27,0.3917,17.8,0.133,1.308,0,72
R00594,NYC,FastFood,$,7.53,9.83,0.3053,7.1,-1.467,1.327,0,72
R00595,NYC,Italian,$$,15.52,20.0,0.2885,2.9,0.519,1.379,1,16
R00596,LA,Chinese,$$,13.04,17.8,0.3652,0.5,-0.477,1.313,0,72
R00597,LA,Chinese,$$,12.91,16.16,0.2515,31.8,0.957,1.336,0,72
R00598,Chicago,Mexican,$$,12.09,15.25,0.2612,3.4,-1.311,1.019,0,72
R00599,LA,Japanese,$$$,18.51,22.6,0.2207,10.7,0.431,1.156,0,72
R00600,LA,Mexican,$$,15.51,20.37,0.3134,1.7,-2.182,1.228,0,72
R00601,LA,Mexican,$,11.71,15.25,0.3022,0.5,0.616,1.161,0,72
R00602,Chicago,Italian,$$$,23.27,27.69,0.1901,1.1,-0.175,0.968,0,72
R00603,LA,Chinese,$$,13.03,17.48,0.3419,10.6,0.399,1.518,1,19
R00604,Chicago,Indian,$$,16.3,18.82,0.1552,0.8,-0.6,0.945,0,72
R00605,LA,Mexican,$$,13.82,17.57,0.2713,16.1,-0.949,1.275,0,72
R00606,Chicago,Mediterranean,$$,14.66,18.66,0.2735,10.3,-0.435,1.019,0,72
R00607,NYC,Chinese,$$,13.89,18.72,0.3476,5.4,0.192,1.252,0,72
R00608,LA,Mexican,$$,17.69,22.41,0.2671,1.4,0.577,1.031,1,26
R00609,NYC,Mexican,$$,13.08,17.89,0.368,0.9,0.304,1.436,0,72
R00610,LA,Indian,$$,17.05,22.96,0.3463,1.9,-0.937,0.949,0,72
R00611,LA,Chinese,$$,14.73,19.11,0.2975,6.1,1.838,1.495,0,72
R00612,Chicago,American,$$,16.91,19.95,0.1796,3.6,0.333,0.958,0,72
R00613,Chicago,Mexican,$$,12.93,17.24,0.3337,4.0,-0.622,0.948,0,72
R00614,NYC,FastFood,$,9.38,13.56,0.4462,9.1,0.424,1.679,0,72
R00615,LA,Mexican,$$,14.34,18.29,0.2757,2.6,0.256,1.18,0,72
R00616,LA,Japanese,$$,17.25,21.59,0.252,5.2,-0.175,1.298,0,72
R00617,NYC,Mediterranean,$$,17.77,23.9,0.3445,1.6,-0.293,1.354,0,72
R00618,NYC,Chinese,$$,12.58,16.67,0.3258,3.1,0.985,1.458,0,72
R00619,NYC,Chinese,$$,12.12,14.93,0.2326,0.5,1.728,1.629,0,72
R00620,LA,Thai,$$,17.68,23.2,0.3122,0.5,-2.036,1.082,0,72
R00621,LA,Italian,$$,15.77,18.63,0.1811,0.7,1.231,1.278,0,72
R00622,Chicago,Mexican,$,9.72,11.93,0.2265,1.3,0.02,0.748,0,72
R00623,LA,Japanese,$$$$,25.39,29.54,0.1636,0.5,0.237,1.397,0,72
R00624,Chicago,Mexican,$,9.68,13.06,0.3495,6.5,1.352,0.935,0,72
R00625,NYC,Mediterranean,$$,12.02,15.0,0.2483,11.8,-2.655,1.435,0,72
R00626,LA,Vietnamese,$$,13.54,17.97,0.3267,0.5,0.815,1.186,0,72
R00627,NYC,American,$$,16.46,21.55,0.3089,12.0,1.282,1.29,0,72
R00628,LA,Chinese,$$,14.15,18.52,0.3081,0.5,-0.689,1.058,0,72
R00629,Chicago,Vietnamese,$,10.62,13.75,0.2948,1.2,-1.394,1.065,1,20
R00630,Chicago,Vietnamese,$,8.96,11.64,0.2991,15.1,1.64,1.071,0,72
R00631,Chicago,Mexican,$,10.1,13.1,0.2969,3.6,-1.756,0.899,0,72
R00632,NYC,Mediterranean,$$,16.19,20.27,0.252,0.5,0.419,1.547,0,72
R00633,NYC,American,$$,12.72,15.75,0.2375,9.3,1.023,1.55,0,72
R00634,NYC,Thai,$$,14.8,19.3,0.3048,2.9,0.397,1.386,1,25
R00635,NYC,Chinese,$,11.96,15.71,0.3137,6.3,0.565,1.242,0,72
R00636,LA,Mexican,$$,12.92,17.34,0.3415,8.0,-0.265,1.195,0,72
R00637,LA,Indian,$$,14.91,19.91,0.3351,2.3,0.463,1.254,0,72
R00638,LA,Thai,$$,15.01,19.62,0.3072,27.1,-0.708,1.192,0,72
R00639,Chicago,Italian,$$$,19.69,22.83,0.1595,1.1,-0.579,0.931,0,72
R00640,LA,Mexican,$,11.75,14.23,0.2109,20.7,0.036,1.269,0,72
R00641,Chicago,Thai,$$,14.47,17.68,0.2216,9.6,-1.54,1.164,0,72
R00642,NYC,Chinese,$$,13.56,16.99,0.2528,0.8,0.577,1.322,1,43
R00643,NYC,Italian,$,11.63,14.11,0.2135,0.5,-2.481,1.399,0,72
R00644,LA,American,$$,17.97,22.87,0.2721,1.6,0.363,1.668,0,72
R00645,Chicago,Mexican,$$,12.84,16.62,0.2942,0.8,0.457,1.036,1,29
R00646,NYC,Mexican,$$,13.84,19.83,0.4329,0.5,-0.795,1.246,1,14
R00647,LA,Mexican,$,9.92,13.33,0.3442,8.1,-1.234,1.133,0,72
R00648,LA,FastFood,$,8.03,11.53,0.4355,9.2,-0.408,1.096,0,72
R00649,NYC,Italian,$$,14.79,19.02,0.2858,0.5,0.64,1.518,1,40
R00650,NYC,Vietnamese,$$,13.15,18.2,0.3843,0.9,0.346,1.505,0,72
R00651,Chicago,FastFood,$,6.6,8.53,0.2921,11.9,-1.112,0.926,1,27
R00652,LA,Vietnamese,$,9.73,12.22,0.2563,3.9,0.106,1.499,0,72
R00653,NYC,American,$$,17.62,22.15,0.2576,13.2,0.262,1.465,1,24
R00654,Chicago,American,$$,14.29,17.56,0.2294,0.5,0.22,0.947,0,72
R00655,NYC,Italian,$$,15.23,18.56,0.2186,14.8,-0.987,1.252,0,72
R00656,Chicago,American,$$$,18.84,22.23,0.1799,2.6,0.156,0.898,1,31
R00657,NYC,FastFood,$,10.08,13.92,0.3808,3.6,0.918,1.249,0,72
R00658,LA,Thai,$$,15.94,19.77,0.2397,2.7,0.537,1.173,0,72
R00659,NYC,Japanese,$$$$,25.63,30.59,0.1933,0.5,0.411,1.304,0,72
R00660,NYC,Italian,$$,17.27,20.61,0.1939,0.8,1.643,1.593,0,72
R00661,Chicago,Mediterranean,$$,16.39,20.13,0.2283,2.5,0.168,0.932,0,72
R00662,NYC,Mexican,$,11.12,14.35,0.2905,1.8,-0.842,1.604,1,24
R00663,NYC,Thai,$$,14.43,18.74,0.2986,7.9,-0.839,1.538,0,72
R00664,NYC,Chinese,$,11.82,15.96,0.35,1.3,0.176,1.567,0,72
R00665,LA,Indian,$$,13.41,17.55,0.3087,12.3,-1.438,1.336,0,72
R00666,Chicago,Thai,$$,15.6,19.14,0.227,0.5,-0.311,1.27,0,72
R00667,Chicago,Japanese,$$$$,27.23,31.44,0.1548,2.5,0.464,0.903,0,72
R00668,NYC,Chinese,$$,13.97,18.03,0.2912,9.6,1.171,1.605,0,72
R00669,NYC,Thai,$$$,19.34,25.97,0.3428,0.9,-1.544,1.521,1,24
R00670,NYC,Italian,$$,15.85,20.52,0.2945,14.7,0.099,1.647,0,72
R00671,LA,Italian,$$,12.93,16.13,0.2476,4.5,-0.068,1.216,0,72
R00672,Chicago,American,$$$,18.2,23.47,0.2901,11.8,0.038,1.152,0,72
R00673,LA,Japanese,$$$,19.15,25.59,0.3365,3.3,0.142,1.028,0,72
R00674,LA,Vietnamese,$,10.95,14.08,0.2858,4.8,-0.032,1.064,0,72
R00675,NYC,Mexican,$,9.09,12.86,0.4143,5.1,1.392,1.354,0,72
R00676,Chicago,Japanese,$$$,18.71,22.59,0.207,4.5,1.244,0.991,0,72
R00677,LA,Mediterranean,$$,12.97,17.14,0.321,3.2,2.143,1.207,0,72
R00678,NYC,Mexican,$,11.56,15.9,0.3754,8.2,-0.011,1.327,1,38
R00679,NYC,Japanese,$$$,20.49,24.0,0.1711,11.9,-0.411,1.287,0,72
R00680,NYC,Vietnamese,$,11.69,14.98,0.2817,4.7,-0.968,1.34,1,22
R00681,NYC,Mediterranean,$$$,21.25,26.12,0.2289,11.5,-0.519,1.181,0,72
R00682,NYC,American,$$$,18.07,21.52,0.1909,4.4,0.715,1.401,0,72
R00683,LA,Thai,$,10.45,13.95,0.334,12.0,0.869,1.192,1,29
R00684,LA,Chinese,$$,14.5,20.35,0.4034,2.3,0.676,1.265,1,29
R00685,NYC,Italian,$$$,18.37,22.72,0.2371,2.5,-0.664,1.479,0,72
R00686,NYC,FastFood,$,8.35,11.71,0.4027,4.0,-0.659,1.798,0,72
R00687,Chicago,Mediterranean,$$,16.93,22.25,0.3142,0.5,1.956,1.102,1,37
R00688,LA,American,$$,16.6,21.09,0.2704,14.0,-0.832,1.311,0,72
R00689,LA,Japanese,$$$,19.42,24.26,0.2487,6.4,1.417,1.254,0,72
R00690,NYC,Japanese,$$$,21.29,26.78,0.2577,4.1,0.405,1.546,0,72
R00691,Chicago,Mexican,$$,15.47,20.37,0.3169,0.5,-0.733,0.974,0,72
R00692,NYC,Mediterranean,$$,14.98,19.98,0.3337,6.1,-1.184,1.467,1,36
R00693,NYC,Thai,$,11.63,15.51,0.3331,0.5,-0.689,1.826,1,46
R00694,Chicago,Japanese,$$$,21.76,27.01,0.2414,0.7,0.418,0.992,0,72
R00695,LA,Italian,$$,14.69,18.03,0.2274,5.0,-0.91,1.023,0,72
R00696,LA,Italian,$$,13.2,15.19,0.1504,0.8,1.554,1.305,0,72
R00697,LA,Mexican,$,11.75,16.04,0.3649,1.8,-0.208,1.333,0,72
R00698,LA,Indian,$$$,18.82,22.88,0.2158,8.5,0.7,1.222,0,72
R00699,NYC,American,$$,15.89,20.83,0.311,40.0,0.62,1.157,0,72
R00700,NYC,Chinese,$$,13.42,18.23,0.3578,6.0,1.622,1.692,0,72
R00701,NYC,American,$,10.9,13.34,0.223,9.8,-0.438,1.491,0,72
R00702,NYC,FastFood,$,9.2,12.23,0.3296,2.0,0.106,1.397,1,30
R00703,Chicago,Mexican,$$,12.71,17.75,0.3961,2.3,-1.401,1.153,0,72
R00704,NYC,Japanese,$$$,19.52,24.71,0.266,11.4,0.103,1.137,0,72
R00705,LA,American,$$,16.53,19.82,0.199,6.6,1.14,1.216,0,72
R00706,LA,Chinese,$$,13.4,17.96,0.34,15.9,0.219,1.125,0,72
R00707,LA,American,$$,13.22,16.15,0.2214,2.7,2.313,1.435,0,72
R00708,NYC,American,$$,16.98,20.11,0.184,3.2,0.52,1.493,0,72
R00709,LA,Chinese,$$,16.13,21.38,0.326,7.5,-0.54,1.082,0,72
R00710,Chicago,Chinese,$$,12.48,15.27,0.2242,3.3,0.456,1.146,0,72
R00711,LA,Mediterranean,$$,14.54,18.7,0.2861,0.6,-1.463,0.893,0,72
R00712,Chicago,Italian,$$,17.43,20.21,0.1594,14.5,-0.799,1.063,0,72
R00713,Chicago,American,$$$,18.66,23.61,0.2654,9.3,-1.217,0.859,0,72
R00714,LA,American,$$,12.83,16.28,0.2692,0.5,0.016,1.135,0,72
R00715,NYC,Thai,$$,15.54,18.34,0.1805,5.9,-0.061,1.409,0,72
R00716,LA,Indian,$$,12.83,16.67,0.2991,4.8,1.205,1.338,1,61
R00717,NYC,Thai,$$,14.62,18.94,0.2955,13.3,-0.099,1.889,0,72
R00718,LA,American,$$,14.45,19.24,0.3308,2.9,-1.003,0.969,0,72
R00719,Chicago,Japanese,$$$,19.87,24.63,0.2398,0.8,1.559,1.055,0,72
R00720,LA,Japanese,$$$$,28.94,37.27,0.2878,6.5,-2.945,1.563,1,45
R00721,NYC,Italian,$$,13.97,16.96,0.2145,4.4,0.038,1.354,0,72
R00722,NYC,Japanese,$$$,24.01,29.54,0.2305,2.6,0.218,1.344,0,72
R00723,Chicago,Mexican,$$,17.07,22.0,0.2887,40.0,-0.01,1.029,0,72
R00724,NYC,Japanese,$$$,24.89,31.16,0.252,5.9,0.5,1.602,1,54
R00725,NYC,Italian,$$,14.17,18.65,0.3169,2.7,0.111,1.569,0,72
R00726,NYC,Mexican,$,9.92,13.22,0.3323,1.6,0.5,1.389,0,72
R00727,NYC,Italian,$$,15.72,18.69,0.1888,14.4,-0.602,1.317,0,72
R00728,LA,Indian,$$,14.92,18.48,0.2386,0.5,-1.459,1.405,0,72
R00729,LA,American,$$,16.66,21.8,0.3083,11.7,-0.046,1.093,0,72
R00730,NYC,Thai,$,11.14,14.49,0.3016,0.8,-1.027,1.152,0,72
R00731,NYC,American,$$,13.67,17.35,0.269,0.5,-0.729,1.218,0,72
R00732,NYC,Mediterranean,$$,14.69,19.73,0.343,3.3,1.161,1.353,0,72
R00733,NYC,Thai,$$,13.55,17.13,0.2643,5.9,1.558,1.734,0,72
R00734,NYC,Mexican,$$,17.87,21.95,0.2282,17.5,1.143,1.257,0,72
R00735,LA,FastFood,$,7.19,9.32,0.2974,1.3,0.957,1.44,0,72
R00736,NYC,Mexican,$,10.48,14.18,0.3521,0.5,0.06,1.696,0,72
R00737,NYC,American,$$,13.05,16.54,0.2675,0.5,1.015,1.49,0,72
R00738,NYC,Thai,$$,15.7,19.34,0.232,2.5,0.356,1.068,0,72
R00739,NYC,Italian,$$,17.87,23.24,0.3008,2.5,1.947,1.258,0,72
R00740,NYC,American,$$,13.62,17.54,0.2882,3.5,-0.918,1.344,0,72
R00741,NYC,Italian,$$,16.86,21.41,0.2695,0.8,0.673,1.785,1,28
R00742,Chicago,Mexican,$,10.84,14.21,0.311,10.8,-1.264,0.934,0,72
R00743,NYC,Mexican,$$,13.18,16.81,0.2751,3.3,0.678,1.322,0,72
R00744,LA,Mexican,$$$,20.27,27.06,0.3351,0.5,-1.719,1.227,0,72
R00745,LA,Mexican,$$,13.8,18.85,0.3654,11.2,-1.214,1.013,0,72
R00746,NYC,American,$$,15.73,21.04,0.337,2.6,-1.283,1.446,0,72
R00747,NYC,American,$$,14.2,18.68,0.3161,5.3,0.252,1.318,0,72
R00748,LA,Japanese,$$,17.27,22.04,0.2757,15.0,0.355,1.657,0,72
R00749,Chicago,Vietnamese,$$,13.12,15.66,0.1931,4.3,2.45,0.896,0,72
R00750,NYC,Mexican,$$,14.13,18.92,0.3393,0.5,-0.091,1.828,0,72
R00751,NYC,Italian,$$,16.55,19.9,0.2022,0.5,0.773,1.265,0,72
R00752,NYC,Indian,$$$,18.04,24.61,0.3641,36.6,0.161,1.496,0,72
R00753,LA,Mediterranean,$$,17.06,22.64,0.3265,3.3,0.689,1.274,1,38
R00754,LA,Japanese,$$$$,25.29,30.41,0.2025,2.5,0.144,1.221,0,72
R00755,NYC,Mexican,$$,13.18,17.64,0.3377,0.5,1.1,1.464,0,72
R00756,NYC,Thai,$$,13.56,17.93,0.3224,3.7,-1.053,1.608,0,72
R00757,Chicago,Mediterranean,$$,14.32,18.4,0.285,6.6,-2.447,1.051,1,24
R00758,NYC,Japanese,$$$,21.43,25.42,0.1862,23.1,0.417,1.42,0,72
R00759,LA,Chinese,$$,15.13,17.99,0.1895,0.5,-1.805,1.107,1,38
R00760,LA,Mexican,$,11.41,15.08,0.3219,5.5,1.312,1.176,0,72
R00761,NYC,American,$$,17.32,19.98,0.1534,3.6,-0.548,1.419,0,72
R00762,NYC,Mediterranean,$$,13.99,18.16,0.2979,1.3,-1.038,1.416,1,34
R00763,NYC,Vietnamese,$$,13.23,17.99,0.3596,2.0,2.701,1.463,0,72
R00764,Chicago,Italian,$$$,19.04,24.03,0.2618,8.7,-0.018,0.844,0,72
R00765,NYC,Vietnamese,$,9.26,12.03,0.2989,6.1,-0.21,1.282,0,72
R00766,NYC,Thai,$$,13.45,17.72,0.3181,1.4,0.748,1.602,0,72
R00767,NYC,Japanese,$$$$,26.02,33.89,0.3026,3.7,0.815,1.107,0,72
R00768,NYC,Thai,$,11.16,13.96,0.2512,1.0,1.139,1.674,0,72
R00769,LA,Japanese,$$$,18.14,23.51,0.2958,6.9,-1.333,1.122,0,72
R00770,NYC,Italian,$$,17.78,22.46,0.2637,0.9,0.536,1.772,1,23
R00771,LA,American,$$$,23.49,28.89,0.2297,5.9,-0.293,1.39,0,72
R00772,LA,Japanese,$$$,19.49,24.5,0.2571,3.2,-0.921,1.154,0,72
R00773,Chicago,FastFood,$,9.29,12.11,0.303,4.5,0.048,0.974,1,32
R00774,NYC,American,$$,16.77,22.12,0.319,9.4,-1.811,1.756,0,72
R00775,Chicago,Italian,$$,16.19,19.13,0.182,6.9,0.923,1.165,0,72
R00776,LA,Japanese,$$$,22.65,28.57,0.2614,3.7,-0.291,1.349,0,72
R00777,NYC,American,$$,14.76,18.44,0.249,0.5,-0.478,1.663,1,46
R00778,LA,Italian,$$,16.88,19.97,0.1831,6.5,-0.138,1.053,0,72
R00779,Chicago,Indian,$,10.75,13.53,0.2586,10.0,-0.168,1.025,0,72
R00780,NYC,Italian,$$,17.92,21.6,0.2052,12.9,1.141,1.322,0,72
R00781,Chicago,Italian,$$$,21.16,26.24,0.24,4.7,-1.096,0.875,1,41
R00782,LA,American,$$,16.17,20.85,0.2896,0.5,-0.382,1.224,0,72
R00783,LA,Mexican,$$,15.21,19.5,0.2817,3.0,-0.217,1.142,1,13
R00784,Chicago,Vietnamese,$$,12.77,16.48,0.2907,1.1,-1.065,0.98,1,27
R00785,NYC,American,$$,15.83,19.65,0.2415,1.0,0.159,1.366,0,72
R00786,Chicago,Japanese,$$$,19.65,22.4,0.1398,10.1,-0.724,0.86,0,72
R00787,NYC,Indian,$$,13.28,16.87,0.2701,0.5,-1.404,1.777,1,49
R00788,LA,Indian,$,11.13,14.22,0.2775,1.7,0.526,1.223,0,72
R00789,LA,Thai,$$,13.34,17.56,0.3161,0.8,1.547,1.009,0,72
R00790,NYC,Italian,$$$,18.48,23.24,0.2575,8.4,0.048,1.482,0,72
R00791,NYC,Italian,$$$,24.51,31.75,0.2954,18.1,-0.103,1.74,0,72
R00792,NYC,Indian,$$,15.95,19.95,0.2509,2.1,-0.124,1.627,0,72
R00793,NYC,American,$$,13.69,17.27,0.2612,2.8,-0.516,1.362,0,72
R00794,NYC,American,$$,12.35,16.82,0.3622,1.1,1.17,1.366,0,72
R00795,NYC,American,$$,15.42,18.24,0.1834,8.5,0.094,1.293,0,72
R00796,NYC,Indian,$$,16.78,21.44,0.2774,9.9,-2.179,1.326,1,37
R00797,NYC,Chinese,$$,12.49,15.82,0.2664,5.5,1.199,1.339,0,72
R00798,LA,American,$$,17.64,22.05,0.2502,1.6,0.954,1.006,0,72
R00799,LA,Chinese,$$,12.58,16.08,0.2783,1.2,0.602,1.138,1,35
R00800,LA,Japanese,$$$$,25.03,32.04,0.2801,5.8,-2.755,1.251,1,23
R00801,NYC,Vietnamese,$,8.63,11.58,0.3428,12.6,-0.003,1.38,0,72
R00802,Chicago,American,$$$,21.36,24.87,0.1647,40.0,0.893,1.026,0,72
R00803,LA,Italian,$$,14.73,17.69,0.2006,10.1,0.379,1.458,0,72
R00804,NYC,Mediterranean,$$$,19.61,25.3,0.29,7.0,0.205,1.807,0,72
R00805,NYC,Indian,$$,13.81,18.46,0.337,2.4,0.896,1.438,1,43
R00806,LA,American,$$,15.67,21.65,0.3816,3.9,0.139,1.334,0,72
R00807,NYC,FastFood,$,8.14,11.36,0.3951,8.8,1.204,1.421,0,72
R00808,LA,Japanese,$$$,23.04,27.63,0.1994,31.3,0.162,1.132,0,72
R00809,Chicago,Thai,$$,15.2,19.08,0.2553,5.1,0.082,0.875,0,72
R00810,NYC,Chinese,$$,15.73,20.9,0.329,3.4,0.892,1.465,0,72
R00811,NYC,Italian,$$$,23.19,28.39,0.224,4.3,-0.399,1.652,0,72
R00812,Chicago,Italian,$$$,19.11,23.38,0.2235,3.3,-1.097,0.858,0,72
R00813,LA,Mexican,$$,17.02,20.53,0.2064,3.3,0.004,1.159,0,72
R00814,NYC,American,$$,16.27,21.28,0.3077,1.8,0.59,1.393,0,72
R00815,Chicago,Chinese,$$,15.78,19.67,0.2462,3.1,0.925,1.03,0,72
R00816,Chicago,American,$$,17.28,21.16,0.2245,5.1,0.931,1.032,0,72
R00817,LA,Chinese,$,11.78,16.17,0.3733,4.9,-0.069,1.28,0,72
R00818,LA,Mexican,$$,12.91,16.23,0.2569,3.0,-0.171,1.507,0,72
R00819,NYC,FastFood,$,9.31,12.78,0.3736,5.9,-0.592,1.306,0,72
R00820,NYC,Vietnamese,$,11.43,15.66,0.3697,2.0,0.25,1.298,0,72
R00821,LA,FastFood,$,9.16,12.35,0.3485,0.9,-1.641,1.236,0,72
R00822,NYC,Japanese,$$$$,25.71,30.57,0.1893,1.7,0.023,1.726,0,72
R00823,LA,Mexican,$$,12.45,17.27,0.3875,3.8,2.85,1.007,0,72
R00824,Chicago,American,$,9.42,11.49,0.2194,5.0,-1.504,1.041,0,72
R00825,NYC,American,$$$,21.64,27.13,0.2536,2.4,0.157,1.415,0,72
R00826,LA,Mexican,$,11.85,15.46,0.3045,10.0,0.378,1.33,0,72
R00827,NYC,Mediterranean,$$,14.66,18.63,0.2709,4.4,0.506,1.564,0,72
R00828,Chicago,American,$$,13.07,15.3,0.1705,10.7,-0.967,1.006,0,72
R00829,NYC,Indian,$$,13.65,17.85,0.3082,10.5,0.516,1.537,0,72
R00830,LA,American,$$,14.46,17.79,0.2301,11.6,-0.535,1.109,0,72
R00831,LA,American,$$,14.01,18.13,0.2935,5.8,-1.428,1.321,1,52
R00832,NYC,Chinese,$,11.5,15.47,0.3459,10.0,0.952,1.712,1,41
R00833,LA,FastFood,$,9.35,13.29,0.4213,26.9,0.665,1.215,0,72
R00834,LA,Japanese,$$$$,31.71,39.3,0.2394,7.8,-0.967,1.143,0,72
R00835,LA,Chinese,$$,15.07,18.98,0.2598,0.5,-0.544,1.179,0,72
R00836,LA,Mexican,$$,15.3,19.07,0.2465,1.3,-0.58,1.319,0,72
R00837,Chicago,American,$$,14.95,20.03,0.3397,12.6,-1.644,0.995,0,72
R00838,NYC,FastFood,$,8.66,12.07,0.3931,1.5,0.762,1.256,0,72
R00839,LA,Mediterranean,$$$,18.36,22.68,0.2354,0.9,0.8,1.345,0,72
R00840,NYC,Indian,$$,12.88,17.83,0.3847,4.6,-0.333,1.289,1,30
R00841,LA,FastFood,$,7.87,11.08,0.4078,9.2,-0.028,1.263,0,72
R00842,LA,Indian,$$,16.91,20.5,0.2124,2.9,0.115,0.959,0,72
R00843,NYC,Italian,$$$,21.9,26.55,0.2123,3.9,0.244,1.469,1,36
R00844,NYC,American,$$,16.2,20.62,0.2734,2.1,-1.348,1.438,0,72
R00845,Chicago,Mexican,$,10.08,12.46,0.2365,7.2,0.488,0.79,0,72
R00846,NYC,Chinese,$$,12.33,16.21,0.3152,3.5,-1.176,1.509,1,33
R00847,LA,Japanese,$$,16.97,21.82,0.2856,2.5,0.681,1.051,0,72
R00848,NYC,Chinese,$$,13.18,16.49,0.2513,0.5,-1.065,1.465,0,72
R00849,Chicago,FastFood,$,8.9,11.79,0.3247,7.5,-1.3,0.952,0,72
R00850,NYC,FastFood,$,8.1,11.48,0.4184,0.6,-0.028,1.214,0,72
R00851,NYC,Italian,$$$,18.8,23.88,0.27,0.5,-0.051,1.279,0,72
R00852,Chicago,Indian,$$,15.63,19.48,0.2462,17.1,0.104,0.891,0,72
R00853,Chicago,Japanese,$$$,23.04,27.34,0.1866,2.8,-0.893,1.125,0,72
R00854,NYC,Mexican,$,10.07,13.91,0.3815,1.2,0.203,1.603,1,43
R00855,LA,Italian,$$,17.2,20.14,0.1712,11.5,0.297,1.562,0,72
R00856,LA,Chinese,$$,14.0,18.36,0.3121,0.8,1.166,1.129,0,72
R00857,Chicago,Italian,$$$,23.92,28.73,0.2013,6.0,0.185,0.937,0,72
R00858,NYC,Chinese,$$,12.38,17.04,0.3763,4.8,-0.599,1.474,0,72
R00859,LA,Mexican,$$,13.8,17.82,0.2909,13.8,-1.347,1.15,0,72
R00860,LA,Chinese,$$,15.23,19.42,0.2751,1.7,-1.53,1.119,1,33
R00861,LA,Mediterranean,$$,16.41,19.82,0.2079,1.3,0.323,1.208,0,72
R00862,LA,Mexican,$$,15.37,20.62,0.3419,0.6,0.793,1.306,0,72
R00863,LA,Italian,$$$,22.35,27.02,0.2088,0.6,-0.89,0.931,1,33
R00864,NYC,American,$$$,20.51,25.37,0.2369,2.4,0.255,1.354,0,72
R00865,Chicago,Italian,$$$,19.55,22.71,0.1617,9.1,-0.174,0.845,0,72
R00866,Chicago,American,$$$,24.47,30.75,0.2569,13.3,0.718,0.982,0,72
R00867,LA,Mexican,$,11.19,14.15,0.2649,0.5,0.866,1.264,1,23
R00868,NYC,Vietnamese,$$,16.86,21.56,0.2793,7.0,-2.266,1.658,0,72
R00869,NYC,American,$$$,18.37,24.34,0.3248,3.0,1.032,1.376,0,72
R00870,LA,Vietnamese,$$,14.64,19.05,0.3017,0.5,0.252,1.215,0,72
R00871,NYC,American,$$,15.1,20.06,0.3278,4.1,-0.531,1.185,0,72
R00872,Chicago,Japanese,$$$$,25.61,30.79,0.202,0.5,-0.503,0.902,0,72
R00873,NYC,Italian,$$$,23.27,29.09,0.2499,7.5,0.032,1.486,0,72
R00874,LA,Chinese,$,10.69,13.98,0.3078,0.5,-0.504,1.019,0,72
R00875,Chicago,American,$$,15.54,20.19,0.2994,3.3,-0.937,1.16,0,72
R00876,NYC,Mexican,$,8.5,11.95,0.4053,4.2,-0.708,1.544,0,72
R00877,NYC,Italian,$$,17.43,22.79,0.3077,4.2,-1.04,1.301,0,72
R00878,LA,Vietnamese,$,9.93,12.69,0.2786,2.0,1.347,1.004,0,72
R00879,LA,Mexican,$$,12.02,15.27,0.2707,9.5,0.056,1.101,0,72
R00880,NYC,Mexican,$$$,21.16,29.16,0.378,19.6,2.253,1.302,0,72
R00881,LA,Vietnamese,$$,15.67,21.6,0.3788,0.5,0.371,1.037,1,33
R00882,Chicago,Japanese,$$,16.98,21.7,0.2781,0.5,0.589,0.845,0,72
R00883,LA,Thai,$$,15.47,19.97,0.2907,0.5,-1.062,1.167,0,72
R00884,NYC,FastFood,$,9.81,13.71,0.3964,0.5,-0.218,1.583,1,46
R00885,NYC,FastFood,$,8.0,11.18,0.3973,5.5,0.073,1.331,0,72
R00886,NYC,Japanese,$$$,22.72,29.02,0.2774,5.0,-0.637,1.53,1,11
R00887,NYC,Chinese,$$,13.66,18.17,0.3296,2.3,-0.465,1.394,0,72
R00888,NYC,American,$$,12.56,16.13,0.2849,6.5,0.42,1.561,0,72
R00889,LA,American,$$,13.29,16.22,0.2206,14.6,0.44,1.092,0,72
R00890,NYC,American,$$,16.5,20.56,0.2457,2.0,-1.337,1.5,0,72
R00891,Chicago,Italian,$$$,18.32,21.35,0.1649,0.8,0.284,1.015,0,72
R00892,NYC,Mexican,$,11.0,13.86,0.26,0.5,0.553,1.708,0,72
R00893,NYC,Chinese,$,11.27,14.95,0.3271,13.1,-0.59,1.551,0,72
R00894,LA,Chinese,$$,12.79,16.6,0.298,7.2,-0.692,1.237,0,72
R00895,Chicago,Mexican,$$,14.66,19.47,0.3281,4.3,0.441,0.838,0,72
R00896,NYC,FastFood,$,8.38,11.93,0.423,5.2,-2.573,1.361,1,31
R00897,NYC,Mexican,$$,16.74,23.54,0.4062,0.5,0.002,1.317,1,37
R00898,NYC,American,$$,14.12,19.07,0.3509,6.6,1.634,1.314,0,72
R00899,LA,FastFood,$,8.8,11.46,0.3021,3.4,-2.596,1.202,0,72
R00900,LA,Italian,$$,16.89,19.56,0.1584,2.0,0.823,1.235,0,72
R00901,NYC,American,$$,17.79,23.59,0.3265,2.6,0.544,1.5,0,72
R00902,NYC,Vietnamese,$,9.99,13.98,0.3991,1.3,-1.438,1.687,1,50
R00903,LA,Italian,$$$$,25.46,33.3,0.3078,23.0,0.52,1.272,0,72
R00904,Chicago,Japanese,$$,16.23,20.19,0.2442,6.3,1.001,0.863,0,72
R00905,LA,Thai,$$$,19.06,22.69,0.1902,4.3,-1.177,1.23,0,72
R00906,LA,Indian,$$,14.74,19.13,0.2983,0.5,-0.707,1.287,0,72
R00907,NYC,Thai,$$,15.46,20.69,0.3378,0.5,0.026,1.687,0,72
R00908,NYC,FastFood,$,10.81,15.38,0.4226,13.4,0.978,1.423,0,72
R00909,NYC,Italian,$$$,21.0,27.76,0.3215,9.5,-0.541,1.425,0,72
R00910,LA,Indian,$$,12.71,16.85,0.3255,1.0,-0.042,1.366,1,20
R00911,Chicago,American,$$,17.83,21.4,0.2006,1.9,-0.665,1.022,0,72
R00912,Chicago,Vietnamese,$$,16.09,19.77,0.2285,6.5,0.025,0.825,0,72
R00913,Chicago,Indian,$$,12.36,15.78,0.2767,6.0,1.047,0.804,0,72
R00914,Chicago,Indian,$$$,21.23,25.7,0.2104,2.6,0.106,1.247,0,72
R00915,Chicago,Mediterranean,$$$,18.22,23.94,0.3138,4.5,-0.357,0.814,0,72
R00916,NYC,Italian,$$,16.65,19.39,0.1648,6.6,-0.033,1.421,0,72
R00917,NYC,Vietnamese,$,9.79,13.3,0.3583,10.8,-0.801,1.612,0,72
R00918,NYC,Italian,$$,17.29,21.89,0.266,1.0,-0.994,1.173,1,26
R00919,LA,American,$,11.25,14.06,0.2497,2.4,1.203,1.054,0,72
R00920,NYC,Indian,$$,13.46,16.87,0.2537,6.5,1.638,1.249,0,72
R00921,Chicago,Thai,$$,13.35,15.45,0.1569,0.7,-1.792,1.241,1,45
R00922,LA,Japanese,$$$,18.13,22.18,0.2234,40.0,0.582,1.529,0,72
R00923,LA,American,$$$,18.31,22.59,0.2343,18.3,0.859,1.099,0,72
R00924,NYC,Italian,$$,17.3,22.59,0.3056,5.4,-1.212,1.554,0,72
R00925,NYC,Chinese,$,11.59,14.85,0.2809,2.0,-0.472,1.505,1,26
R00926,NYC,Chinese,$$,12.26,16.46,0.3426,6.1,-0.577,1.402,0,72
R00927,Chicago,FastFood,$,9.06,11.28,0.2454,25.8,1.901,0.823,0,72
R00928,LA,Italian,$$$,18.24,22.87,0.254,0.5,1.652,1.583,0,72
R00929,LA,FastFood,$,7.49,9.2,0.2281,4.8,-0.921,0.965,0,72
R00930,NYC,Chinese,$$,13.3,18.95,0.4248,4.8,-1.459,1.487,1,30
R00931,NYC,Indian,$$,14.37,18.58,0.2929,1.3,0.773,1.342,0,72
R00932,NYC,American,$$,13.03,14.86,0.1403,6.5,0.544,1.636,0,72
R00933,LA,Vietnamese,$,10.92,13.91,0.2741,1.2,1.244,1.328,1,16
R00934,LA,Vietnamese,$$,12.76,16.16,0.2662,5.6,-1.059,1.067,0,72
R00935,NYC,Indian,$$,16.07,20.37,0.2672,0.6,0.724,1.319,0,72
R00936,Chicago,Mediterranean,$$,16.31,19.93,0.2218,15.6,-0.732,0.83,0,72
R00937,NYC,American,$$$,18.07,22.53,0.2469,15.4,0.623,1.484,0,72
R00938,Chicago,Mexican,$,10.48,13.09,0.2492,21.7,-0.037,1.089,0,72
R00939,NYC,Italian,$$,15.17,18.09,0.1921,1.0,1.901,1.375,0,72
R00940,NYC,Indian,$$,13.86,18.59,0.3411,15.8,0.447,1.408,0,72
R00941,Chicago,American,$$$,20.95,27.03,0.2901,8.8,-0.314,1.257,0,72
R00942,NYC,American,$$,16.48,20.88,0.2673,0.8,0.138,1.622,0,72
R00943,NYC,American,$$,15.23,19.48,0.2791,1.9,-0.101,1.705,0,72
R00944,NYC,Italian,$$$,23.77,28.37,0.1937,6.9,-1.154,1.108,0,72
R00945,NYC,Indian,$$,13.77,17.95,0.3036,0.5,1.925,1.548,0,72
R00946,LA,Indian,$$$,21.68,28.0,0.2915,0.5,1.599,1.237,0,72
R00947,Chicago,Indian,$$,13.23,16.39,0.239,0.5,-0.176,0.861,0,72
R00948,Chicago,Indian,$$,12.09,15.35,0.2698,16.9,0.7,0.882,0,72
R00949,NYC,Mediterranean,$$,16.5,21.54,0.3054,0.5,2.051,1.412,0,72
R00950,LA,American,$$,15.3,18.47,0.2073,1.5,1.237,1.022,0,72
R00951,NYC,FastFood,$,7.35,10.43,0.4197,0.5,-0.307,1.317,0,72
R00952,NYC,Mexican,$$$,19.97,26.55,0.3296,13.2,-0.088,1.372,0,72
R00953,NYC,American,$$,16.94,23.11,0.3638,6.6,-1.718,1.553,1,45
R00954,Chicago,Indian,$$,15.76,20.04,0.271,3.0,0.775,0.919,1,38
R00955,Chicago,Japanese,$$$,20.24,26.69,0.3185,10.2,1.243,0.948,0,72
R00956,LA,Italian,$$,16.22,20.91,0.2888,5.3,1.25,1.357,0,72
R00957,LA,American,$$$,19.24,24.47,0.2714,8.6,0.701,0.971,0,72
R00958,LA,Italian,$$,13.31,15.89,0.1938,3.9,0.352,1.233,0,72
R00959,LA,Mediterranean,$$,13.84,17.09,0.2349,6.3,-0.998,1.257,0,72
R00960,LA,Italian,$$,17.22,21.63,0.2567,7.4,0.32,1.262,0,72
R00961,NYC,Chinese,$$,16.58,22.0,0.3272,1.7,-0.632,1.365,1,12
R00962,NYC,American,$$,14.96,18.7,0.2505,4.9,0.525,1.276,0,72
R00963,NYC,Japanese,$$$,23.71,31.1,0.3117,2.6,-0.764,1.74,1,5
R00964,Chicago,Mexican,$$,12.56,16.23,0.2919,1.6,0.519,0.902,0,72
R00965,LA,American,$$$,20.2,26.31,0.302,2.5,1.323,1.049,0,72
R00966,Chicago,American,$$,12.03,14.21,0.1812,3.6,0.377,1.002,0,72
R00967,NYC,Chinese,$$,14.84,20.33,0.37,20.3,0.328,1.327,0,72
R00968,LA,American,$$,15.44,19.84,0.285,12.0,0.913,1.361,0,72
R00969,NYC,American,$$$,18.9,25.32,0.3399,5.2,1.77,1.405,0,72
R00970,NYC,Indian,$$,12.51,16.88,0.3489,20.5,-0.107,1.671,0,72
R00971,NYC,Italian,$$$,18.08,22.52,0.2458,0.9,0.521,1.53,0,72
R00972,NYC,Chinese,$$,12.76,16.74,0.3117,0.5,1.511,1.384,0,72
R00973,Chicago,FastFood,$,7.1,9.93,0.3992,1.4,0.669,1.143,1,43
R00974,NYC,American,$$,12.71,16.08,0.2655,7.0,-2.002,1.341,0,72
R00975,LA,Mexican,$,11.26,15.28,0.3574,11.1,-0.716,1.155,0,72
R00976,LA,Thai,$$,14.33,18.21,0.2709,6.6,0.751,1.279,0,72
R00977,NYC,Chinese,$,11.34,13.92,0.2269,0.5,-0.4,1.49,0,72
R00978,LA,Thai,$$,13.19,16.21,0.2286,18.0,1.44,1.107,0,72
R00979,NYC,Indian,$,10.33,13.63,0.3203,2.1,1.858,1.206,0,72
R00980,Chicago,FastFood,$,7.95,10.7,0.3451,12.4,-0.59,0.998,0,72
R00981,Chicago,FastFood,$,10.22,13.6,0.3305,2.0,-1.033,0.916,0,72
R00982,LA,Italian,$$$,20.44,26.31,0.2873,16.9,-0.361,1.204,0,72
R00983,LA,Indian,$$,14.27,18.55,0.2996,1.0,-0.419,1.141,0,72
R00984,NYC,Italian,$$$,18.81,22.78,0.2112,2.7,1.536,1.33,0,72
R00985,Chicago,American,$$,13.78,17.36,0.2597,1.2,-1.035,0.968,1,40
R00986,NYC,American,$$$,21.43,27.62,0.2885,0.6,0.742,1.437,0,72
R00987,NYC,Mexican,$$$,18.14,23.78,0.3112,1.3,1.388,1.576,0,72
R00988,NYC,Mexican,$$,12.88,17.56,0.3636,3.2,0.819,1.526,0,72
R00989,LA,Mexican,$$$,19.93,26.38,0.324,14.0,0.436,1.543,0,72
R00990,LA,Mexican,$,11.06,14.26,0.2897,15.9,-0.162,1.221,0,72
R00991,LA,Chinese,$,10.38,13.4,0.2911,17.2,1.849,1.107,0,72
R00992,LA,Mediterranean,$$,14.96,20.06,0.3407,0.5,-0.245,1.176,1,25
R00993,NYC,American,$$,15.38,20.75,0.349,0.9,0.948,1.552,0,72
R00994,Chicago,Thai,$$$,21.23,26.94,0.2694,16.1,-0.159,1.128,0,72
R00995,NYC,Thai,$$,13.31,17.47,0.3129,11.9,-1.842,1.703,1,17
R00996,LA,Indian,$$,12.42,15.01,0.2083,8.6,-0.27,1.062,0,72
R00997,NYC,Japanese,$$$,18.71,25.38,0.356,19.7,-0.156,1.691,0,72
R00998,Chicago,Mediterranean,$$$,20.87,26.96,0.2918,12.6,-0.143,0.994,0,72
R00999,NYC,Indian,$$,17.35,23.21,0.3376,8.8,-0.66,1.297,0,72
R01000,NYC,Indian,$$,13.29,15.76,0.1863,8.9,0.626,1.415,0,72
R01001,LA,Mediterranean,$$,12.13,15.43,0.272,1.0,0.737,1.388,1,40
R01002,NYC,American,$$,13.06,16.63,0.2736,0.5,-0.306,1.532,0,72
R01003,NYC,American,$$$,21.81,28.66,0.3141,12.3,-0.314,1.254,0,72
R01004,LA,Mediterranean,$$$,19.24,24.01,0.2474,0.9,-1.051,1.038,0,72
R01005,NYC,Japanese,$$$,22.26,28.01,0.2584,4.5,0.254,1.251,1,44
R01006,Chicago,Thai,$$$,19.6,25.3,0.291,1.2,1.378,0.916,1,61
R01007,NYC,Mexican,$$,17.78,23.14,0.3013,5.4,1.379,1.464,1,39
R01008,LA,Mexican,$$,12.42,16.04,0.2913,1.0,-0.599,1.048,0,72
R01009,LA,American,$$,15.95,20.25,0.2697,21.2,1.991,1.14,0,72
R01010,LA,Mexican,$,11.26,15.61,0.3869,6.1,-0.362,1.42,0,72
R01011,LA,FastFood,$,8.08,11.15,0.3804,5.2,-1.016,1.457,0,72
R01012,LA,Mexican,$,9.57,13.14,0.3738,0.5,-1.362,1.445,0,72
R01013,Chicago,Indian,$,11.09,13.9,0.2532,10.6,-1.076,0.806,0,72
R01014,NYC,Chinese,$,9.53,13.3,0.3948,2.0,0.334,1.773,0,72
R01015,NYC,FastFood,$,10.33,13.15,0.2729,2.6,-0.257,1.466,0,72
R01016,LA,Italian,$$,13.59,18.09,0.3311,17.9,-0.632,1.211,0,72
R01017,Chicago,Mexican,$$,17.76,24.82,0.3976,0.6,-0.847,1.131,0,72
R01018,NYC,Mexican,$,10.96,14.94,0.3628,15.5,-1.086,1.578,0,72
R01019,NYC,American,$$$,21.87,28.91,0.3216,10.4,-0.89,1.159,0,72
R01020,Chicago,FastFood,$,7.96,10.41,0.3081,10.8,1.015,0.929,0,72
R01021,LA,FastFood,$,6.41,8.52,0.3295,14.2,1.803,1.148,0,72
R01022,Chicago,Italian,$$$,22.68,26.52,0.1695,5.3,1.865,0.852,0,72
R01023,LA,Japanese,$$$$,28.31,35.32,0.2475,8.2,0.687,1.353,0,72
R01024,LA,Mexican,$,10.62,14.31,0.3478,18.7,-0.492,1.426,0,72
R01025,NYC,American,$$,15.07,19.61,0.301,0.5,-0.668,1.448,0,72
R01026,Chicago,American,$$,13.59,18.07,0.3293,18.0,0.756,1.036,0,72
R01027,NYC,Chinese,$$,12.72,16.86,0.325,3.9,-0.246,1.448,0,72
R01028,LA,American,$$,16.31,19.34,0.1856,1.2,0.412,1.214,0,72
R01029,NYC,Mediterranean,$$,15.96,21.9,0.3722,3.4,1.93,1.658,0,72
R01030,LA,Mexican,$,9.01,11.34,0.259,1.2,0.217,0.971,0,72
R01031,LA,Chinese,$,11.71,14.89,0.272,0.5,2.278,1.272,0,72
R01032,LA,Chinese,$$,14.76,19.38,0.3136,2.0,-1.127,1.202,0,72
R01033,Chicago,Mexican,$$,12.04,15.78,0.3109,1.9,0.447,0.918,0,72
R01034,NYC,Chinese,$$,12.26,15.29,0.2477,0.6,0.314,1.365,0,72
R01035,LA,American,$$,13.53,16.55,0.2227,2.3,-0.984,1.495,0,72
R01036,NYC,Mexican,$,11.2,14.18,0.266,16.0,0.802,1.236,0,72
R01037,NYC,Indian,$$$,18.69,24.87,0.3311,6.7,1.531,1.421,1,33
R01038,NYC,Mediterranean,$$,13.85,18.68,0.3492,14.9,2.203,1.763,0,72
R01039,NYC,FastFood,$,9.68,12.57,0.2989,3.3,0.411,1.245,0,72
R01040,NYC,Vietnamese,$,11.6,16.0,0.3798,1.7,-1.9,1.373,0,72
R01041,LA,Chinese,$$,13.59,18.29,0.3465,23.7,0.477,1.206,0,72
R01042,LA,Mexican,$,10.96,14.1,0.287,4.1,0.742,1.261,0,72
R01043,LA,Chinese,$$,12.2,14.65,0.2009,3.9,-0.235,1.188,0,72
R01044,NYC,FastFood,$,8.49,11.09,0.3064,2.5,0.215,1.302,0,72
R01045,NYC,FastFood,$,7.74,10.3,0.3302,10.3,-0.483,1.53,0,72
R01046,NYC,Italian,$$$,19.11,25.36,0.3271,0.5,-0.134,1.433,0,72
R01047,LA,Italian,$$$,19.54,23.92,0.2241,1.0,1.017,1.294,1,35
R01048,Chicago,American,$$$,23.66,27.91,0.1797,1.3,1.389,1.117,0,72
R01049,NYC,Italian,$$$,18.92,23.8,0.2574,2.1,-1.271,1.213,0,72
R01050,LA,FastFood,$,6.02,7.68,0.2752,12.8,-0.511,1.358,0,72
R01051,NYC,Chinese,$$,16.03,21.57,0.3457,4.9,-1.588,1.406,1,28
R01052,NYC,Italian,$$,17.35,20.84,0.2011,10.6,1.838,1.601,0,72
R01053,NYC,Japanese,$$$$,31.6,38.82,0.2284,13.2,0.871,1.539,0,72
R01054,NYC,Mexican,$$,16.29,22.13,0.3588,1.7,-2.001,1.811,1,11
R01055,LA,Italian,$$,16.44,21.65,0.3175,3.1,-0.065,1.201,0,72
R01056,Chicago,Mediterranean,$$$,19.36,26.13,0.3499,6.8,-0.283,0.953,0,72
R01057,NYC,Chinese,$,11.68,14.81,0.268,7.0,-0.756,1.363,0,72
R01058,LA,American,$$,16.01,19.69,0.2302,0.5,1.036,1.06,0,72
R01059,LA,Japanese,$$$,24.85,31.7,0.2758,2.6,1.013,1.322,0,72
R01060,Chicago,Chinese,$$,15.88,21.1,0.3284,1.7,0.269,0.876,0,72
R01061,LA,Mexican,$$,14.69,17.8,0.2118,0.7,-0.642,1.321,0,72
R01062,NYC,Italian,$$$,18.24,22.89,0.2544,5.4,-0.633,1.412,0,72
R01063,LA,Mexican,$$$,19.55,25.32,0.2956,1.5,0.044,0.971,0,72
R01064,NYC,Italian,$$,16.86,19.45,0.1538,5.7,-0.457,1.734,0,72
R01065,Chicago,Thai,$,10.48,12.51,0.1931,4.7,-0.006,0.667,0,72
R01066,NYC,Indian,$,11.24,14.29,0.2716,2.5,0.558,1.436,0,72
R01067,LA,FastFood,$,11.08,14.88,0.3429,2.0,-1.534,1.234,0,72
R01068,NYC,Japanese,$$$,21.7,28.65,0.3204,0.6,-0.758,1.099,1,43
R01069,NYC,Indian,$$,14.92,19.66,0.3177,0.5,-0.034,1.529,0,72
R01070,Chicago,Vietnamese,$,10.43,13.84,0.3274,3.1,1.565,0.923,0,72
R01071,LA,Chinese,$,11.98,15.59,0.3013,2.7,0.845,1.165,0,72
R01072,NYC,Italian,$$,15.62,18.98,0.2148,3.1,-0.004,1.704,0,72
R01073,Chicago,American,$$,17.42,21.26,0.2208,4.4,0.402,1.017,0,72
R01074,Chicago,Thai,$$,13.76,17.81,0.2948,4.4,-0.102,0.959,0,72
R01075,NYC,Japanese,$$$,23.79,31.44,0.3216,10.6,1.077,1.421,0,72
R01076,LA,Chinese,$$,13.82,17.86,0.2926,11.3,0.434,1.485,0,72
R01077,LA,FastFood,$,7.87,10.18,0.2935,6.3,1.279,1.26,0,72
R01078,LA,Mexican,$,9.61,12.85,0.3368,0.8,-1.355,1.079,0,72
R01079,NYC,FastFood,$,6.44,8.91,0.3839,3.4,-0.806,1.367,1,25
R01080,NYC,Thai,$$$,24.14,33.11,0.3716,2.1,0.275,1.257,0,72
R01081,Chicago,Thai,$$$,18.27,22.4,0.2261,1.4,0.494,0.947,0,72
R01082,Chicago,Thai,$$,17.82,21.86,0.2266,11.9,2.4,1.213,0,72
R01083,Chicago,Chinese,$,11.51,15.06,0.3078,2.1,-1.808,0.98,0,72
R01084,Chicago,American,$$,16.03,19.39,0.2096,0.6,-0.033,0.852,0,72
R01085,LA,Indian,$$,12.52,15.74,0.2575,0.5,-0.078,1.264,0,72
R01086,LA,Indian,$,11.45,15.37,0.3427,4.0,0.238,1.145,1,50
R01087,LA,Italian,$$,16.19,18.8,0.1614,27.3,1.733,1.284,0,72
R01088,LA,Chinese,$$,16.5,23.15,0.4028,0.5,0.876,1.166,0,72
R01089,LA,Italian,$$$,20.94,25.12,0.1994,10.1,-1.604,1.427,0,72
R01090,NYC,Japanese,$$$,18.48,24.26,0.3133,9.4,1.534,1.3,1,35
R01091,LA,American,$$,15.12,18.97,0.2546,1.9,1.506,1.043,0,72
R01092,NYC,Thai,$$,16.02,21.2,0.3236,2.1,0.263,1.623,0,72
R01093,NYC,Indian,$$,13.08,16.84,0.2869,12.9,-1.618,1.14,0,72
R01094,LA,Vietnamese,$,11.67,15.78,0.3528,5.6,-0.152,1.175,0,72
R01095,NYC,Chinese,$$,13.98,18.2,0.3026,30.3,0.469,1.596,0,72
R01096,NYC,Japanese,$$$,23.6,29.3,0.2414,8.8,0.997,1.114,0,72
R01097,Chicago,Italian,$$$,18.84,24.32,0.2907,18.4,-1.77,1.008,0,72
R01098,Chicago,Chinese,$,11.56,14.69,0.2715,6.3,-0.769,0.836,0,72
R01099,NYC,Mexican,$,11.32,14.79,0.3062,5.3,1.098,1.162,0,72
R01100,NYC,Italian,$$,14.68,17.25,0.1755,7.9,1.502,1.276,0,72
R01101,NYC,Chinese,$,9.81,13.87,0.4133,3.5,0.431,1.418,1,24
R01102,LA,American,$$,15.67,19.32,0.2324,7.0,1.149,1.103,0,72
R01103,Chicago,Mexican,$$,14.48,20.17,0.3931,1.0,0.455,1.142,0,72
R01104,NYC,Italian,$$,14.04,17.83,0.2699,7.9,0.963,1.464,0,72
R01105,LA,Mexican,$$,13.13,17.42,0.3271,2.8,0.145,1.132,0,72
R01106,NYC,Vietnamese,$$,13.24,17.73,0.3385,2.1,0.48,1.239,1,29
R01107,NYC,American,$,11.5,15.99,0.3908,1.7,-1.222,1.49,1,37
R01108,Chicago,Italian,$$,17.14,18.69,0.0904,4.8,0.722,1.28,0,72
R01109,NYC,Chinese,$$,17.48,23.27,0.3307,18.4,-1.252,1.333,0,72
R01110,NYC,FastFood,$,9.39,12.64,0.3467,2.0,0.721,1.352,0,72
R01111,NYC,American,$,11.43,14.5,0.2693,4.1,-0.439,1.277,0,72
R01112,LA,Vietnamese,$$,12.95,17.06,0.3175,7.1,0.37,1.383,1,49
R01113,Chicago,American,$$,13.99,17.02,0.2167,2.6,-0.953,1.118,1,34
R01114,Chicago,Thai,$$,15.86,20.13,0.2694,0.5,-0.504,0.948,0,72
R01115,NYC,Mediterranean,$$,15.01,19.35,0.2888,2.1,0.368,1.349,1,53
R01116,NYC,Italian,$$,17.83,21.12,0.1843,4.7,0.754,1.295,0,72
R01117,LA,Vietnamese,$,10.44,13.87,0.3291,3.1,1.094,1.159,0,72
R01118,NYC,Chinese,$$,13.01,17.64,0.3558,0.6,-1.15,1.639,0,72
R01119,Chicago,Vietnamese,$,10.38,13.01,0.2529,5.0,-1.501,1.005,0,72
R01120,LA,Japanese,$$$,21.13,28.39,0.3434,14.3,-0.975,1.401,0,72
R01121,NYC,Mexican,$,10.12,14.23,0.4068,9.5,-1.066,1.33,0,72
R01122,Chicago,FastFood,$,9.28,12.55,0.3522,0.9,1.567,0.758,1,22
R01123,NYC,Mediterranean,$$,17.54,23.36,0.3316,0.5,1.34,1.982,0,72
R01124,NYC,Italian,$$,13.46,16.84,0.2515,0.5,-0.997,1.488,0,72
R01125,LA,FastFood,$,10.16,14.2,0.3971,18.6,1.71,1.318,0,72
R01126,LA,Italian,$$,17.44,22.82,0.3085,0.5,1.28,1.092,0,72
R01127,LA,Japanese,$$$,22.65,29.23,0.2904,0.5,-1.63,1.019,1,33
R01128,LA,Mediterranean,$$$,19.51,24.22,0.2415,2.8,-1.03,1.222,0,72
R01129,Chicago,Italian,$$$,19.1,22.88,0.198,2.0,-1.659,0.787,0,72
R01130,Chicago,Japanese,$$$$,27.13,33.88,0.2487,0.6,-0.087,0.968,0,72
R01131,LA,Vietnamese,$,10.91,14.75,0.3519,8.1,0.017,1.357,0,72
R01132,NYC,Mexican,$$,15.06,20.12,0.3361,6.1,0.016,1.53,0,72
R01133,LA,Japanese,$$$,22.49,27.48,0.2217,5.3,-2.027,1.237,0,72
R01134,Chicago,Italian,$$$,19.72,25.23,0.2792,1.0,-1.427,1.233,1,46
R01135,NYC,Vietnamese,$$,12.37,15.78,0.2764,1.7,0.26,1.517,0,72
R01136,LA,Mexican,$$,15.63,19.89,0.2729,1.3,0.622,0.955,0,72
R01137,NYC,Chinese,$$,14.8,18.56,0.2536,0.5,-2.02,1.424,0,72
R01138,NYC,Indian,$$,13.39,16.77,0.2528,3.0,-1.281,1.827,0,72
R01139,LA,Chinese,$,11.58,15.78,0.3624,2.8,1.022,1.156,0,72
R01140,NYC,Japanese,$$$,21.8,29.09,0.334,0.5,-1.224,1.813,1,31
R01141,LA,Indian,$$,12.65,16.14,0.2763,12.5,-0.015,1.357,0,72
R01142,Chicago,Indian,$,12.0,15.3,0.2748,15.2,-1.32,0.952,0,72
R01143,Chicago,Mexican,$,8.52,10.99,0.2895,0.5,0.831,0.878,0,72
R01144,NYC,Mediterranean,$$,12.86,15.83,0.2304,18.6,-2.017,1.51,0,72
R01145,NYC,Indian,$$$,20.73,29.25,0.4109,32.4,-0.304,1.689,0,72
R01146,LA,Italian,$$,15.99,20.77,0.2987,7.8,0.94,0.993,0,72
R01147,Chicago,Indian,$$$,20.43,25.89,0.2677,1.1,0.61,1.015,0,72
R01148,LA,Indian,$$,15.59,19.29,0.2372,15.2,-0.464,0.939,0,72
R01149,Chicago,American,$$,15.86,19.33,0.2188,0.5,-0.699,0.96,0,72
R01150,NYC,American,$$,12.21,15.21,0.2454,4.9,-0.233,1.189,0,72
R01151,Chicago,Indian,$$,14.51,18.21,0.2549,13.3,-1.289,1.07,0,72
R01152,NYC,FastFood,$,11.95,16.44,0.3755,8.1,-0.1,1.335,0,72
R01153,NYC,American,$$$,21.18,26.75,0.2629,0.5,-0.083,1.666,0,72
R01154,LA,Thai,$$,14.71,17.9,0.2173,18.6,-0.418,1.125,0,72
R01155,NYC,Indian,$,11.79,16.59,0.4066,11.0,1.0,1.344,1,13
R01156,NYC,Mediterranean,$$,14.31,18.63,0.3019,2.5,-1.07,1.195,0,72
R01157,NYC,FastFood,$,7.29,10.08,0.3828,2.6,-1.704,1.52,1,24
R01158,NYC,Chinese,$$,16.36,21.25,0.2989,1.3,-0.525,1.538,0,72
R01159,LA,Chinese,$$,17.44,21.31,0.2219,7.0,0.124,1.343,0,72
R01160,NYC,American,$$,16.57,21.15,0.2758,3.6,-0.107,1.569,1,33
R01161,LA,Japanese,$$$,20.83,25.7,0.2338,2.2,-0.151,1.259,0,72
R01162,Chicago,American,$$$,21.14,26.76,0.2655,5.1,-1.126,1.074,0,72
R01163,NYC,Thai,$,11.74,15.91,0.3553,1.7,-0.983,1.576,0,72
R01164,NYC,FastFood,$,8.58,12.0,0.3983,4.4,-0.488,1.617,0,72
R01165,Chicago,Japanese,$$$,23.91,30.35,0.2694,2.5,-0.567,0.833,0,72
R01166,Chicago,Indian,$$,12.41,16.64,0.3402,0.5,1.098,0.946,1,57
R01167,LA,Chinese,$,11.59,15.3,0.3195,0.9,0.264,0.988,0,72
R01168,Chicago,American,$$,14.07,18.08,0.285,0.5,-0.533,1.041,0,72
R01169,NYC,Mexican,$$,16.13,22.01,0.3647,0.7,1.095,1.763,0,72
R01170,NYC,American,$$$,22.58,26.76,0.185,1.0,0.446,1.615,0,72
R01171,LA,American,$$,16.33,20.45,0.2523,11.4,-1.358,1.116,0,72
R01172,NYC,Indian,$$,13.82,17.36,0.2566,0.5,-3.242,1.541,0,72
R01173,LA,Vietnamese,$,10.32,13.64,0.3216,1.5,-1.326,1.251,0,72
R01174,LA,Italian,$$$,18.01,21.43,0.1904,6.8,0.595,1.234,0,72
R01175,LA,Mexican,$,11.32,15.29,0.3503,7.2,0.891,1.026,0,72
R01176,LA,Mexican,$$,12.28,16.82,0.3691,11.1,-1.66,1.405,0,72
R01177,NYC,FastFood,$,9.16,13.0,0.4202,7.4,0.659,1.259,0,72
R01178,NYC,FastFood,$,7.9,11.39,0.441,3.6,0.621,1.388,0,72
R01179,NYC,Italian,$$,17.4,20.29,0.1662,0.5,1.395,1.627,0,72
R01180,LA,Chinese,$$,12.57,15.59,0.24,0.5,0.95,1.147,0,72
R01181,NYC,Japanese,$$$,20.78,29.43,0.4164,0.6,1.352,1.464,1,30
R01182,NYC,Vietnamese,$,10.62,14.66,0.3805,21.4,0.488,1.471,0,72
R01183,NYC,Italian,$$$,20.65,26.04,0.2612,2.8,0.455,1.462,0,72
R01184,NYC,Mexican,$,9.09,12.19,0.3416,15.0,-0.337,1.47,0,72
R01185,Chicago,Japanese,$$$$,29.21,35.55,0.2172,9.4,0.82,1.026,1,47
R01186,NYC,Chinese,$$,13.32,16.3,0.2233,14.5,-1.332,1.463,0,72
R01187,Chicago,Italian,$$$,20.09,23.33,0.1614,3.6,-0.139,0.898,0,72
R01188,NYC,Chinese,$$,14.81,19.47,0.3144,5.0,0.54,1.204,1,49
R01189,LA,Vietnamese,$,10.12,12.9,0.2742,3.6,1.408,1.353,0,72
R01190,NYC,American,$$,13.57,16.98,0.2507,0.5,-0.478,1.643,0,72
R01191,NYC,Italian,$$,14.95,20.6,0.3779,3.2,0.967,1.51,0,72
R01192,Chicago,American,$$,15.3,18.63,0.2174,12.1,-0.197,1.04,0,72
R01193,Chicago,American,$$$,18.15,22.57,0.2439,19.5,0.987,0.896,0,72
R01194,Chicago,Thai,$$,12.6,16.03,0.2721,5.2,-0.801,0.746,0,72
R01195,NYC,FastFood,$,9.48,13.18,0.3895,6.5,0.726,1.407,1,19
R01196,NYC,Mexican,$,8.16,10.74,0.3161,6.9,-0.095,1.155,0,72
R01197,LA,Mediterranean,$$,15.86,21.13,0.3323,2.1,-1.185,1.227,0,72
R01198,NYC,Indian,$$,17.89,23.65,0.3222,5.6,-0.153,1.696,0,72
R01199,LA,Vietnamese,$,11.15,13.89,0.2456,0.7,1.322,1.114,0,72
R01200,LA,Italian,$$,15.5,18.99,0.2246,0.5,-1.019,1.122,0,72
R01201,LA,Italian,$$,15.99,19.53,0.2214,18.3,-1.484,1.064,0,72
R01202,Chicago,Mexican,$,7.25,9.27,0.2791,10.5,0.399,1.005,0,72
R01203,LA,FastFood,$,7.08,9.67,0.3655,1.9,-1.678,1.195,0,72
R01204,NYC,American,$$$,19.35,25.39,0.3117,0.5,1.563,1.283,0,72
R01205,NYC,Japanese,$$$,19.81,25.67,0.2958,0.9,1.538,1.618,0,72
R01206,LA,American,$$,14.72,18.79,0.2769,5.8,1.038,1.66,0,72
R01207,LA,Mexican,$,8.22,10.88,0.3243,4.9,-0.011,1.384,0,72
R01208,NYC,Chinese,$,9.69,11.75,0.2124,14.5,1.665,1.431,0,72
R01209,NYC,American,$$$,19.82,26.14,0.3189,0.5,1.345,1.429,0,72
R01210,LA,American,$$,17.88,22.97,0.2844,1.1,-0.533,1.128,0,72
R01211,Chicago,Thai,$,11.08,13.42,0.2108,12.3,1.439,0.938,0,72
R01212,LA,Vietnamese,$,10.27,13.59,0.324,5.1,-0.912,1.346,0,72
R01213,NYC,American,$$,15.92,20.89,0.3124,0.5,-0.197,1.635,1,18
R01214,NYC,Thai,$,11.29,15.45,0.3686,1.7,-1.793,1.26,1,49
R01215,LA,Mexican,$,8.71,11.73,0.3455,3.4,0.146,1.254,1,31
R01216,NYC,Vietnamese,$,11.18,15.04,0.3461,0.6,-0.295,1.657,0,72
R01217,LA,Indian,$$,16.07,21.34,0.3273,1.3,-0.452,1.151,0,72
R01218,LA,Italian,$$$,20.02,24.32,0.2147,15.9,-0.166,1.17,0,72
R01219,NYC,Chinese,$$,15.22,20.4,0.3406,3.2,-0.58,1.576,0,72
R01220,NYC,Chinese,$,9.83,12.67,0.2889,5.9,0.042,1.582,0,72
R01221,NYC,Chinese,$$,13.14,18.07,0.3755,5.8,1.284,1.527,0,72
R01222,Chicago,American,$$,15.25,17.52,0.1495,1.9,-1.062,1.031,0,72
R01223,LA,Mexican,$$,12.31,16.75,0.3608,8.0,0.863,1.257,0,72
R01224,NYC,Vietnamese,$,11.07,14.73,0.3309,8.2,0.215,1.402,0,72
R01225,Chicago,Mexican,$,11.1,14.85,0.3383,3.3,0.374,0.874,0,72
R01226,LA,Mexican,$,7.26,9.3,0.281,9.1,-0.031,0.996,0,72
R01227,LA,Italian,$$$,22.19,27.39,0.2345,0.7,-0.717,1.289,0,72
R01228,Chicago,Chinese,$$,13.8,17.56,0.273,1.3,0.445,1.013,0,72
R01229,NYC,FastFood,$,6.51,8.99,0.3817,1.1,0.519,1.531,1,23
R01230,NYC,Italian,$$$,19.6,23.47,0.1976,5.6,-0.8,1.313,1,34
R01231,LA,Chinese,$,11.99,15.97,0.3318,1.6,-1.339,1.215,0,72
R01232,NYC,Chinese,$$,12.06,14.8,0.2277,1.0,0.085,1.464,0,72
R01233,LA,Italian,$$,15.67,18.76,0.1966,2.2,0.755,1.399,1,51
R01234,NYC,American,$$,17.62,21.18,0.2019,6.1,1.005,1.606,0,72
R01235,NYC,Thai,$$,12.12,16.38,0.3514,0.5,1.203,1.327,1,34
R01236,NYC,Italian,$$,14.78,18.76,0.27,0.5,0.371,1.541,0,72
R01237,NYC,American,$$$,19.62,25.55,0.3028,4.3,-0.263,1.326,0,72
R01238,NYC,Japanese,$$$,21.3,28.62,0.3437,0.5,-0.002,1.06,0,72
R01239,NYC,Thai,$$,13.63,17.64,0.2942,4.7,-1.243,1.784,0,72
R01240,Chicago,American,$$$,18.12,22.84,0.2605,10.5,-0.683,0.956,0,72
R01241,NYC,Italian,$$,15.96,20.01,0.2533,4.2,-0.053,1.643,0,72
R01242,NYC,Indian,$$,13.33,17.27,0.2957,15.6,-0.267,1.339,0,72
R01243,NYC,Thai,$$,14.79,20.34,0.3753,1.0,0.092,1.316,0,72
R01244,NYC,Japanese,$$,16.67,22.91,0.3741,1.2,-1.375,1.358,0,72
R01245,NYC,FastFood,$,8.85,11.84,0.3384,1.9,-1.151,1.495,1,28
R01246,LA,Mediterranean,$$,14.84,19.46,0.3117,6.5,0.776,1.226,0,72
R01247,NYC,Chinese,$$,15.16,20.26,0.336,5.3,-0.833,1.539,1,11
R01248,Chicago,Thai,$$,15.45,19.72,0.2766,4.8,-0.676,0.942,0,72
R01249,Chicago,American,$$,17.24,21.42,0.2424,2.4,0.095,1.005,1,27
R01250,NYC,American,$,11.98,15.14,0.2633,1.6,-0.931,1.31,0,72
R01251,NYC,American,$$,15.7,17.29,0.1008,0.5,1.106,1.73,0,72
R01252,NYC,Mediterranean,$$,13.75,18.8,0.3667,2.7,-1.257,1.238,0,72
R01253,LA,American,$$,15.89,19.47,0.2253,3.9,0.002,1.087,0,72
R01254,NYC,American,$,10.55,13.37,0.2679,1.5,-0.749,1.378,0,72
R01255,Chicago,Mexican,$,9.47,12.12,0.279,6.8,0.156,1.332,0,72
R01256,LA,Japanese,$$$$,27.25,33.0,0.2108,3.0,-0.497,1.316,0,72
R01257,Chicago,Mediterranean,$$$,18.17,22.75,0.252,0.8,-0.024,0.903,0,72
R01258,LA,Indian,$$,13.61,17.38,0.2778,5.4,1.221,1.324,1,34
R01259,Chicago,Mexican,$,10.61,13.31,0.2542,0.7,-0.687,1.064,0,72
R01260,NYC,Mediterranean,$$,13.99,18.15,0.2975,5.0,-0.696,1.498,0,72
R01261,NYC,Thai,$$,14.51,18.99,0.3083,4.4,-0.316,1.576,1,14
R01262,NYC,American,$$,15.04,19.95,0.3264,8.6,1.474,1.46,1,38
R01263,Chicago,Mexican,$$,16.51,20.19,0.223,7.1,-0.09,1.021,0,72
R01264,LA,American,$$,15.48,18.88,0.2197,27.3,1.234,0.996,0,72
R01265,Chicago,Mexican,$$,12.63,16.75,0.3263,25.6,-0.177,1.189,0,72
R01266,NYC,Italian,$$,14.02,17.08,0.218,1.1,1.19,1.374,0,72
R01267,Chicago,American,$$,14.99,17.77,0.1848,9.6,0.407,0.862,0,72
R01268,LA,FastFood,$,8.78,11.5,0.3105,0.8,0.555,1.13,1,44
R01269,LA,Italian,$$,16.83,20.62,0.225,3.1,-1.436,1.135,0,72
R01270,Chicago,Mediterranean,$$,15.58,19.24,0.2351,3.5,-1.584,0.908,0,72
R01271,NYC,FastFood,$,9.02,12.17,0.3495,0.5,1.07,1.592,0,72
R01272,NYC,Mexican,$$,16.42,21.16,0.2886,8.5,1.058,1.63,0,72
R01273,LA,Chinese,$$,13.34,17.86,0.3387,0.9,2.421,0.949,0,72
R01274,NYC,Indian,$$,17.82,24.34,0.3663,0.7,-1.486,1.363,1,43
R01275,NYC,Indian,$$,16.22,19.53,0.2045,7.1,0.486,1.375,0,72
R01276,NYC,Japanese,$$$$,26.74,31.88,0.1923,6.8,-1.024,1.42,0,72
R01277,NYC,Vietnamese,$,10.3,14.22,0.3801,4.2,-0.741,1.779,0,72
R01278,Chicago,American,$$,15.42,20.17,0.3085,11.2,-0.502,0.907,0,72
R01279,LA,Indian,$$,13.98,16.41,0.1735,1.9,0.382,1.447,0,72
R01280,NYC,Indian,$$,16.0,21.45,0.3408,1.5,-0.664,1.425,1,43
R01281,NYC,Mexican,$$,14.42,20.5,0.4219,2.0,0.034,1.751,0,72
R01282,NYC,Chinese,$$,13.3,16.98,0.2769,10.8,0.832,1.397,0,72
R01283,LA,Mexican,$$,14.64,20.48,0.399,1.7,1.128,1.14,0,72
R01284,Chicago,FastFood,$,7.68,9.99,0.3011,6.9,0.693,0.997,0,72
R01285,Chicago,FastFood,$,9.97,13.22,0.3257,12.2,0.452,1.168,0,72
R01286,NYC,Thai,$$,16.81,21.42,0.274,0.5,-0.142,1.478,0,72
R01287,NYC,Mexican,$$,14.12,19.63,0.3901,3.1,-0.569,1.487,0,72
R01288,LA,American,$$,16.39,21.34,0.3017,8.3,0.539,1.295,0,72
R01289,LA,Chinese,$$,14.78,20.49,0.3862,1.8,-1.051,1.08,0,72
R01290,LA,Italian,$$,15.32,19.95,0.302,1.1,0.119,1.249,0,72
R01291,LA,Chinese,$$,13.47,17.51,0.2995,9.8,-1.076,1.113,0,72
R01292,LA,Thai,$$,14.78,21.36,0.4454,12.7,-0.041,1.432,1,25
R01293,NYC,Chinese,$,10.23,14.2,0.3875,1.0,-1.054,1.525,0,72
R01294,NYC,Vietnamese,$$,12.53,17.0,0.357,2.7,-0.401,1.576,0,72
R01295,NYC,FastFood,$,6.79,8.89,0.3101,19.6,-0.676,1.135,0,72
R01296,NYC,Vietnamese,$,10.65,13.35,0.2535,6.2,-0.797,1.578,1,32
R01297,NYC,Mexican,$$,12.59,15.96,0.2677,7.0,-0.087,1.419,1,58
R01298,LA,Mediterranean,$$,14.9,18.23,0.2233,19.9,-2.424,1.01,0,72
R01299,NYC,Vietnamese,$,11.67,16.33,0.3989,5.9,-1.802,1.467,0,72
R01300,NYC,Japanese,$$$,22.27,28.82,0.2944,2.2,0.804,1.208,0,72
R01301,LA,Vietnamese,$,9.92,12.69,0.2793,0.5,0.147,1.291,0,72
R01302,LA,Mediterranean,$$$,18.83,23.79,0.2632,4.7,-0.723,1.425,0,72
R01303,NYC,Japanese,$$$,19.17,24.1,0.2571,7.8,0.974,1.17,0,72
R01304,Chicago,American,$$$,24.15,30.67,0.27,1.9,-0.639,0.996,0,72
R01305,Chicago,Japanese,$$$,21.57,25.37,0.1761,2.8,-0.58,0.98,0,72
R01306,LA,Mexican,$,10.12,13.54,0.3375,0.5,-0.783,0.945,0,72
R01307,LA,Thai,$,11.73,15.3,0.305,6.8,1.907,1.34,0,72
R01308,NYC,Mexican,$$,15.37,19.94,0.2976,24.9,0.235,1.563,0,72
R01309,Chicago,Japanese,$$$,20.44,26.56,0.2994,0.5,0.196,1.275,0,72
R01310,NYC,Italian,$$,14.08,17.39,0.2352,8.4,0.466,1.539,0,72
R01311,Chicago,Italian,$$$,20.99,24.15,0.1504,0.7,-1.853,0.9,0,72
R01312,LA,Japanese,$$$,20.41,26.39,0.2926,7.5,-0.594,1.276,0,72
R01313,NYC,American,$$,18.0,23.09,0.2827,3.3,0.455,1.692,1,13
R01314,NYC,Italian,$$$,21.3,27.06,0.2704,22.2,-0.004,1.371,0,72
R01315,LA,Chinese,$$,13.66,16.95,0.2408,7.5,2.205,1.329,0,72
R01316,LA,Mediterranean,$$$$,26.17,34.29,0.3106,21.2,-0.535,0.905,0,72
R01317,NYC,FastFood,$,6.23,9.15,0.4686,7.5,0.943,1.731,0,72
R01318,LA,Japanese,$$$,18.99,22.54,0.1869,9.6,0.806,1.321,0,72
R01319,Chicago,Italian,$$,17.19,20.93,0.2177,0.5,0.143,0.737,0,72
R01320,LA,Mexican,$$$,18.78,24.05,0.2807,13.5,0.324,1.256,0,72
R01321,LA,Mexican,$$,17.28,25.13,0.4545,24.1,-0.29,0.945,0,72
R01322,NYC,Japanese,$$$$,27.74,36.95,0.332,15.5,-1.973,1.347,1,31
R01323,LA,FastFood,$,7.37,9.98,0.3541,1.8,0.349,1.302,0,72
R01324,NYC,Indian,$$,12.84,15.9,0.2386,9.1,0.428,1.427,0,72
R01325,Chicago,Italian,$$,15.51,17.84,0.1507,21.0,0.586,1.163,0,72
R01326,NYC,FastFood,$,7.38,10.32,0.3973,8.8,0.063,1.461,1,33
R01327,LA,Japanese,$$$$,28.78,34.02,0.1819,6.0,0.97,1.195,0,72
R01328,NYC,Italian,$$,17.23,20.39,0.1834,8.9,-0.866,1.654,0,72
R01329,NYC,Japanese,$$$,21.56,27.39,0.2704,1.0,1.468,1.392,0,72
R01330,LA,Chinese,$$,14.94,19.53,0.3067,4.2,-0.988,1.196,0,72
R01331,LA,Mediterranean,$$,12.6,16.24,0.289,10.1,-0.108,1.215,0,72
R01332,LA,Italian,$$$,18.17,21.95,0.208,5.3,0.681,1.19,0,72
R01333,Chicago,Vietnamese,$,9.44,12.52,0.326,4.3,-0.515,1.149,0,72
R01334,Chicago,Italian,$$,17.07,19.75,0.1569,5.7,0.749,0.923,0,72
R01335,Chicago,Mediterranean,$$,15.3,19.45,0.2713,3.6,-0.343,0.905,0,72
R01336,NYC,Vietnamese,$,10.25,13.75,0.3407,14.2,0.118,1.277,0,72
R01337,LA,Japanese,$$$,22.91,29.33,0.28,0.5,-0.181,0.928,1,3
R01338,Chicago,Mexican,$$,13.01,17.55,0.3491,4.2,-0.577,1.195,0,72
R01339,NYC,Mediterranean,$$,16.34,20.71,0.2672,1.1,2.251,1.301,0,72
R01340,NYC,American,$$,17.1,21.33,0.2469,2.7,-0.84,1.409,0,72
R01341,Chicago,Italian,$$,15.39,17.17,0.1156,1.0,-2.286,1.206,0,72
R01342,LA,Mediterranean,$$$,19.22,22.47,0.169,8.6,-0.804,1.18,0,72
R01343,LA,Mexican,$$,12.04,15.79,0.3112,3.6,0.131,1.276,1,54
R01344,Chicago,Italian,$$,16.5,19.71,0.1946,14.3,-0.377,0.843,0,72
R01345,LA,American,$$,13.87,16.72,0.2057,16.1,1.019,1.419,0,72
R01346,NYC,Italian,$$,17.23,20.79,0.2064,10.8,0.982,1.429,0,72
R01347,NYC,Japanese,$$$$,30.81,41.47,0.3462,10.4,-0.318,1.283,0,72
R01348,NYC,Chinese,$$,12.85,17.53,0.3638,5.8,-1.682,1.283,0,72
R01349,NYC,Mexican,$,10.17,12.99,0.2769,4.3,-1.283,1.776,0,72
R01350,LA,Mexican,$$,14.75,19.14,0.2979,9.4,-0.032,1.118,0,72
R01351,Chicago,Chinese,$,11.94,15.41,0.2903,1.9,-1.565,0.887,1,17
R01352,NYC,FastFood,$,8.95,11.89,0.3287,6.8,-0.368,1.377,0,72
R01353,NYC,American,$$,14.35,17.78,0.2396,0.5,1.421,1.458,0,72
R01354,Chicago,Japanese,$$$$,27.7,33.33,0.2031,6.0,0.343,1.018,0,72
R01355,NYC,Italian,$$,16.18,21.11,0.3045,1.8,0.046,1.529,0,72
R01356,LA,Indian,$$$,18.65,24.97,0.3391,7.8,-1.041,1.234,1,17
R01357,LA,Chinese,$,10.76,13.6,0.2632,7.5,0.182,1.297,0,72
R01358,LA,Italian,$$,17.08,21.4,0.253,5.6,-0.259,1.161,0,72
R01359,NYC,Vietnamese,$$,14.8,19.67,0.3297,4.1,0.239,1.859,0,72
R01360,LA,Japanese,$$$,22.68,27.2,0.1996,1.5,0.727,1.132,0,72
R01361,NYC,Indian,$$$,21.82,28.05,0.2851,5.5,0.898,1.705,0,72
R01362,LA,Mediterranean,$$,16.2,19.55,0.2068,0.5,0.129,1.117,0,72
R01363,NYC,Thai,$$,14.66,20.06,0.3682,3.0,0.512,1.222,0,72
R01364,LA,Chinese,$$$,18.32,25.24,0.3776,3.6,-0.512,0.982,0,72
R01365,LA,Mexican,$,9.52,12.37,0.2995,0.6,1.133,1.245,0,72
R01366,NYC,Chinese,$,9.68,12.46,0.2875,2.1,-0.887,1.667,1,22
R01367,NYC,Thai,$$,12.13,16.53,0.3627,10.8,-0.207,1.263,0,72
R01368,NYC,FastFood,$,9.84,13.98,0.4208,14.5,1.237,1.305,0,72
R01369,NYC,FastFood,$,6.36,8.3,0.3043,3.5,-0.482,1.519,1,49
R01370,NYC,Italian,$$$,20.04,24.9,0.2426,25.9,-1.341,1.45,0,72
R01371,Chicago,Thai,$$,15.39,19.35,0.2571,2.2,-0.411,0.932,0,72
R01372,NYC,American,$$$,22.99,28.54,0.2415,6.8,1.392,1.244,0,72
R01373,Chicago,Thai,$$,16.9,21.62,0.2793,0.8,-2.271,1.038,0,72
R01374,Chicago,American,$$,17.08,20.41,0.195,24.8,0.102,1.082,1,71
R01375,NYC,Chinese,$$,16.6,21.47,0.293,4.9,-0.634,1.538,1,15
R01376,LA,Mexican,$$,13.77,18.11,0.3149,3.8,-0.168,1.204,0,72
R01377,Chicago,FastFood,$,7.82,9.67,0.2355,5.3,-0.349,0.881,0,72
R01378,LA,Japanese,$$,17.9,20.54,0.1472,16.9,0.96,1.246,0,72
R01379,NYC,Italian,$$,16.25,21.05,0.2959,12.6,0.054,1.492,0,72
R01380,NYC,Italian,$$,17.87,21.68,0.213,2.5,1.011,1.239,0,72
R01381,NYC,Italian,$$$,18.58,25.2,0.3567,1.8,1.284,1.398,0,72
R01382,LA,FastFood,$,5.79,8.33,0.4386,0.5,0.03,1.254,0,72
R01383,Chicago,Mexican,$$,12.02,15.2,0.2647,12.7,-0.359,0.991,0,72
R01384,Chicago,Mexican,$$,12.56,17.68,0.407,1.5,0.377,0.79,0,72
R01385,NYC,Thai,$$,15.45,20.96,0.3569,2.0,0.57,1.343,1,51
R01386,LA,American,$$$,21.44,26.33,0.2277,2.5,-1.153,1.102,0,72
R01387,NYC,Mexican,$$,12.92,15.65,0.2109,0.7,0.236,1.551,0,72
R01388,Chicago,Mexican,$,10.61,14.05,0.3244,2.8,-0.254,1.366,0,72
R01389,NYC,Chinese,$,9.37,12.39,0.3216,8.7,-0.42,1.473,0,72
R01390,Chicago,Chinese,$$,14.71,19.0,0.2916,6.2,-0.691,0.866,0,72
R01391,Chicago,Mexican,$,10.69,13.67,0.2786,3.8,-0.626,0.981,0,72
R01392,NYC,Chinese,$$,15.2,19.19,0.2628,6.2,1.256,1.452,1,49
R01393,NYC,Indian,$$$,18.65,23.84,0.2786,10.2,-0.364,1.588,0,72
R01394,Chicago,Mediterranean,$$,12.87,16.42,0.2753,0.7,1.144,1.161,0,72
R01395,NYC,Mediterranean,$$$,18.78,23.9,0.2723,3.3,0.131,1.713,0,72
R01396,LA,Italian,$$$,22.72,27.53,0.212,3.1,-1.133,1.28,0,72
R01397,Chicago,Italian,$$$,21.62,24.31,0.124,6.7,0.191,1.0,0,72
R01398,LA,FastFood,$,5.83,7.84,0.3446,0.5,-1.188,1.434,0,72
R01399,NYC,Indian,$$,12.43,15.47,0.2444,10.0,0.607,1.391,0,72
R01400,NYC,American,$$,12.71,16.85,0.3259,2.0,-0.208,1.46,0,72
R01401,NYC,Chinese,$$,14.28,18.33,0.2833,1.9,0.855,1.408,0,72
R01402,Chicago,Italian,$$$,19.39,22.98,0.1852,2.6,1.434,0.774,0,72
R01403,NYC,American,$,9.85,13.67,0.3882,3.5,-1.735,1.689,0,72
R01404,NYC,American,$$,15.16,19.17,0.2647,12.2,-0.461,1.572,1,45
R01405,NYC,Mexican,$$,14.44,19.03,0.318,0.9,-1.209,1.091,0,72
R01406,Chicago,FastFood,$,8.73,11.69,0.3393,1.0,2.158,1.128,0,72
R01407,NYC,American,$$,16.43,19.56,0.1907,14.5,-0.44,1.398,0,72
R01408,Chicago,American,$$,14.98,19.37,0.2925,14.9,-1.315,1.126,1,40
R01409,LA,Chinese,$,10.74,14.5,0.3497,10.4,2.24,1.211,1,45
R01410,Chicago,Indian,$$,14.46,18.45,0.2762,0.7,-0.726,0.85,0,72
R01411,Chicago,Indian,$$,14.64,15.82,0.0811,3.0,-1.622,1.003,0,72
R01412,Chicago,Mexican,$$,13.96,17.83,0.277,1.7,-1.158,0.898,0,72
R01413,Chicago,American,$$$,18.14,21.15,0.1664,0.5,0.143,0.864,0,72
R01414,NYC,Vietnamese,$,11.68,16.19,0.3862,2.7,0.046,1.609,0,72
R01415,LA,Thai,$$,17.05,22.89,0.3426,30.7,-0.836,1.258,0,72
R01416,LA,Chinese,$$,12.15,16.03,0.3194,4.9,-0.485,1.436,0,72
R01417,LA,Mediterranean,$$,13.11,15.86,0.2098,2.5,0.053,1.145,0,72
R01418,Chicago,Japanese,$$$,23.97,31.04,0.2947,0.9,1.324,0.891,0,72
R01419,Chicago,Mexican,$$,12.79,16.33,0.2769,0.5,0.333,1.08,0,72
R01420,LA,Mexican,$$,13.67,19.28,0.4103,1.1,-0.563,1.086,0,72
R01421,LA,Chinese,$,10.35,13.6,0.3133,0.7,-0.228,1.156,0,72
R01422,LA,Italian,$$$,24.85,31.19,0.2553,6.3,0.77,1.278,0,72
R01423,NYC,American,$$$,18.18,22.86,0.257,1.8,1.68,1.428,0,72
R01424,NYC,Indian,$$,13.77,18.87,0.3703,7.2,-1.105,1.367,0,72
R01425,NYC,Chinese,$,10.99,14.83,0.3504,17.6,1.114,1.225,0,72
R01426,NYC,FastFood,$,10.32,14.78,0.4321,4.4,-0.313,1.623,0,72
R01427,NYC,Chinese,$,10.66,14.17,0.3289,1.6,-1.624,1.387,0,72
R01428,LA,American,$$$,24.04,30.23,0.2576,2.0,-1.822,1.292,0,72
R01429,NYC,FastFood,$,7.61,10.58,0.3898,7.7,1.334,1.537,0,72
R01430,Chicago,Thai,$$$,19.08,25.42,0.3321,0.5,1.453,1.14,0,72
R01431,LA,Vietnamese,$,11.12,15.14,0.3608,0.8,-0.569,1.167,1,16
R01432,NYC,Indian,$$$,19.27,25.19,0.3069,5.2,-0.212,1.391,0,72
R01433,NYC,Mexican,$,10.95,13.66,0.2471,6.3,-1.782,1.269,0,72
R01434,NYC,Mexican,$$,12.54,17.32,0.3805,12.3,0.762,1.359,0,72
R01435,Chicago,Japanese,$$$$,25.43,29.19,0.1481,11.7,-0.028,1.042,0,72
R01436,NYC,Mexican,$$,14.08,18.89,0.3418,0.9,-1.552,1.315,0,72
R01437,LA,Italian,$$$,21.94,26.86,0.2242,2.9,0.205,1.246,0,72
R01438,Chicago,Chinese,$,11.91,14.28,0.1991,0.5,-1.389,1.193,0,72
R01439,Chicago,FastFood,$,8.63,11.47,0.3286,1.3,0.557,0.948,0,72
R01440,NYC,Mediterranean,$$$,21.28,29.75,0.3977,3.5,-1.083,1.238,1,18
R01441,NYC,Thai,$$,12.33,15.96,0.2944,3.5,0.337,1.38,0,72
R01442,NYC,Indian,$$,16.07,21.51,0.3383,2.4,-0.653,1.222,1,26
R01443,NYC,Chinese,$$,12.5,17.97,0.4378,3.7,-2.366,1.702,1,10
R01444,NYC,Mexican,$$,12.97,17.94,0.3831,3.8,0.996,1.465,0,72
R01445,LA,Vietnamese,$,11.68,14.92,0.2778,3.5,1.051,1.1,0,72
R01446,Chicago,Vietnamese,$,9.98,12.89,0.2919,14.6,-0.522,0.935,0,72
R01447,LA,Italian,$$,17.17,21.54,0.254,1.4,0.274,1.041,0,72
R01448,LA,Japanese,$$$,22.58,29.85,0.3217,3.7,0.438,1.355,0,72
R01449,NYC,Japanese,$$$,21.6,28.74,0.3307,4.2,0.47,1.808,0,72
R01450,Chicago,Chinese,$$,17.25,19.52,0.1315,4.5,1.726,0.836,0,72
R01451,LA,Italian,$$$,21.59,25.63,0.1872,0.5,0.417,1.36,0,72
R01452,Chicago,Japanese,$$$,23.18,28.2,0.2165,17.1,-0.358,0.971,0,72
R01453,Chicago,American,$$,13.95,16.45,0.1792,11.9,0.428,1.164,0,72
R01454,NYC,FastFood,$,7.33,8.61,0.175,3.1,-0.43,1.164,1,19
R01455,NYC,American,$$$,22.83,28.39,0.2437,1.6,-1.066,1.49,0,72
R01456,NYC,Indian,$$,12.09,15.71,0.2998,5.8,1.22,1.381,0,72
R01457,NYC,Thai,$$,14.29,18.34,0.2837,10.9,0.534,1.569,1,31
R01458,Chicago,Mexican,$$,13.34,16.54,0.2402,24.2,-1.862,1.007,0,72
R01459,NYC,Vietnamese,$,10.87,14.48,0.3321,0.5,-0.684,1.454,0,72
R01460,LA,Japanese,$$$,18.37,23.28,0.2672,0.9,0.758,1.185,0,72
R01461,LA,American,$$,13.89,17.18,0.2366,11.4,-1.564,1.447,0,72
R01462,NYC,Mexican,$,11.33,15.96,0.4086,10.4,-0.753,1.42,1,32
R01463,NYC,Mediterranean,$$,14.96,19.34,0.2929,0.7,2.662,1.608,0,72
R01464,LA,FastFood,$,10.79,13.99,0.2964,20.4,-0.331,1.294,0,72
R01465,LA,Mexican,$$,12.48,15.77,0.2638,25.4,1.083,1.335,0,72
R01466,NYC,Chinese,$,11.83,15.49,0.3094,14.3,1.5,1.284,0,72
R01467,NYC,Chinese,$$,13.25,18.23,0.3757,5.0,-0.908,1.578,0,72
R01468,LA,Thai,$$,15.79,19.72,0.2488,4.7,0.266,1.25,0,72
R01469,NYC,American,$$,15.04,19.7,0.3098,0.5,2.059,1.257,0,72
R01470,Chicago,Chinese,$$,15.29,19.49,0.2747,13.3,0.46,0.975,0,72
R01471,NYC,Thai,$,11.14,15.7,0.4097,11.3,2.366,1.91,0,72
R01472,NYC,Italian,$$$,22.22,28.21,0.2695,2.3,-0.637,1.383,0,72
R01473,LA,Japanese,$$$,21.96,26.69,0.2151,15.9,1.797,1.148,0,72
R01474,LA,Italian,$$,17.85,22.61,0.2668,1.5,0.017,1.267,0,72
R01475,LA,American,$$,14.12,18.34,0.2985,1.3,-0.327,1.125,0,72
R01476,NYC,Japanese,$$,17.64,22.05,0.2501,9.7,0.64,1.475,0,72
R01477,Chicago,Italian,$$,13.33,15.23,0.1418,6.9,-0.111,0.948,0,72
R01478,LA,Japanese,$$$,19.18,24.49,0.2768,2.6,-0.085,1.259,1,31
R01479,LA,Mediterranean,$$$,18.9,24.06,0.2732,13.0,0.485,1.191,0,72
R01480,NYC,American,$$,13.46,16.21,0.2042,10.4,-1.808,1.833,0,72
R01481,NYC,FastFood,$,6.43,8.83,0.3727,1.7,-0.799,1.458,0,72
R01482,LA,American,$$,13.58,16.68,0.2282,10.7,0.723,1.168,0,72
R01483,NYC,Indian,$$,13.53,16.56,0.2242,5.9,0.992,1.641,0,72
R01484,LA,Italian,$$,16.91,20.51,0.2124,3.5,0.357,1.016,1,49
R01485,NYC,Thai,$$,13.68,18.8,0.3741,9.7,0.276,1.776,0,72
R01486,Chicago,Chinese,$$,15.66,20.83,0.3304,0.5,0.402,0.888,0,72
R01487,LA,Mexican,$$,15.65,21.4,0.3673,1.3,0.958,1.385,0,72
R01488,Chicago,Chinese,$$$,18.65,23.94,0.2835,4.8,-1.426,1.191,0,72
R01489,LA,Mexican,$,9.33,12.59,0.3498,4.8,-0.509,1.127,1,23
R01490,NYC,FastFood,$,7.29,9.95,0.3649,4.9,-0.074,1.377,1,39
R01491,Chicago,FastFood,$,9.64,12.09,0.2547,2.5,0.196,0.987,0,72
R01492,LA,Indian,$$,13.36,16.5,0.2347,4.2,-2.11,1.293,0,72
R01493,LA,Mexican,$$,14.59,18.82,0.2896,13.5,-1.257,1.065,0,72
R01494,NYC,Mediterranean,$$,17.65,24.0,0.3601,1.7,-0.017,1.431,0,72
R01495,LA,Indian,$$$,19.27,25.7,0.3338,2.6,1.013,1.156,0,72
R01496,Chicago,Italian,$$$,21.72,24.89,0.146,2.9,-0.419,0.871,0,72
R01497,LA,American,$$$,19.37,24.45,0.2627,6.2,-0.667,1.059,0,72
R01498,NYC,Vietnamese,$,10.68,13.99,0.3099,2.6,0.529,1.472,0,72
R01499,LA,Mexican,$$,12.28,16.12,0.3122,0.6,-0.328,1.216,0,72
R01500,LA,American,$$,15.14,18.68,0.2332,0.9,0.881,1.095,0,72
R01501,Chicago,Indian,$,11.06,14.6,0.3203,2.2,-0.221,1.01,0,72
R01502,NYC,Chinese,$$,16.94,22.35,0.3191,3.1,-1.115,1.342,0,72
R01503,NYC,Japanese,$$$$,25.16,32.22,0.2808,26.7,1.421,1.696,0,72
R01504,Chicago,American,$$,15.04,18.66,0.2412,28.8,1.237,0.988,0,72
R01505,LA,Indian,$$$,18.34,22.53,0.2286,15.8,-0.955,1.369,0,72
R01506,LA,FastFood,$,7.59,10.21,0.3454,14.1,0.396,0.979,0,72
R01507,LA,Thai,$,10.06,13.51,0.3431,4.3,-0.327,1.247,1,47
R01508,NYC,American,$$$,19.18,25.96,0.3536,1.8,0.619,1.558,0,72
R01509,LA,American,$$,12.71,15.29,0.2026,9.2,-0.876,1.18,0,72
R01510,NYC,American,$$,15.45,18.6,0.2041,18.2,0.872,1.359,0,72
R01511,NYC,American,$$,16.6,21.31,0.2831,5.5,1.195,1.423,0,72
R01512,LA,Mexican,$$,13.4,18.43,0.3755,5.2,-0.947,1.312,0,72
R01513,LA,Vietnamese,$$,13.4,17.79,0.328,2.3,0.068,1.038,0,72
R01514,Chicago,Indian,$$,16.1,20.67,0.284,3.3,1.216,1.088,0,72
R01515,NYC,American,$$,17.66,21.41,0.212,6.5,-1.001,1.506,0,72
R01516,NYC,Mediterranean,$$,14.74,18.6,0.2614,1.0,-0.669,1.405,0,72
R01517,Chicago,Vietnamese,$$,12.13,14.19,0.1702,14.6,0.662,0.974,0,72
R01518,NYC,Italian,$$,13.73,17.06,0.2429,1.1,-0.161,1.461,0,72
R01519,NYC,Mexican,$$,16.56,20.4,0.2318,11.1,-1.575,1.769,1,28
R01520,NYC,Mexican,$,9.71,13.66,0.4066,0.9,-0.32,1.512,0,72
R01521,LA,Italian,$$,16.91,22.12,0.3077,3.0,1.746,1.072,0,72
R01522,Chicago,Japanese,$$,17.35,21.29,0.227,14.9,2.063,0.949,0,72
R01523,LA,Chinese,$,11.4,13.96,0.2244,19.5,-0.637,1.046,0,72
R01524,LA,Chinese,$$,13.03,17.19,0.3188,15.9,-0.913,0.957,0,72
R01525,NYC,Chinese,$,11.82,16.7,0.413,2.1,-0.458,1.261,0,72
R01526,NYC,Thai,$$,17.2,22.94,0.3338,4.3,1.802,1.471,0,72
R01527,LA,Indian,$$,15.1,20.23,0.3392,11.0,0.842,1.398,0,72
R01528,NYC,Italian,$$,16.56,20.3,0.2257,25.8,1.464,1.634,0,72
R01529,NYC,Chinese,$$,12.69,16.2,0.2764,0.6,0.999,1.262,0,72
R01530,NYC,Mexican,$$,15.57,20.81,0.3365,0.5,-1.319,1.318,0,72
R01531,NYC,Mexican,$$,14.72,18.31,0.2437,5.8,-0.949,1.296,0,72
R01532,LA,Japanese,$$,17.92,24.43,0.3632,0.5,-0.696,0.88,0,72
R01533,LA,Mexican,$,11.06,14.67,0.327,8.7,-0.522,1.176,0,72
R01534,NYC,Italian,$$$,19.61,25.36,0.2933,11.7,-0.678,1.597,0,72
R01535,LA,FastFood,$,9.06,11.93,0.3169,4.3,-0.562,1.164,0,72
R01536,LA,American,$$,13.24,15.67,0.1828,3.4,0.64,1.031,0,72
R01537,LA,Thai,$$,16.02,21.81,0.3613,19.3,0.136,1.084,0,72
R01538,Chicago,Mexican,$,10.65,13.14,0.2338,10.8,1.22,0.961,0,72
R01539,NYC,Chinese,$$,16.44,21.99,0.3374,3.2,0.252,1.59,1,56
R01540,Chicago,FastFood,$,9.35,12.46,0.3322,9.0,-0.676,0.978,0,72
R01541,NYC,Italian,$$,14.68,18.41,0.2537,12.9,0.188,1.565,0,72
R01542,NYC,Vietnamese,$,10.46,13.5,0.2908,3.8,-1.511,1.436,1,27
R01543,NYC,FastFood,$,7.7,10.42,0.3525,6.3,-2.312,1.492,0,72
R01544,LA,American,$$,16.47,19.97,0.2125,12.6,0.643,1.072,0,72
R01545,NYC,Italian,$$,17.35,22.39,0.2905,8.9,1.018,1.335,0,72
R01546,NYC,American,$$,13.02,17.04,0.3086,2.2,0.072,1.247,0,72
R01547,LA,Mexican,$,9.73,12.83,0.3189,2.3,-0.391,1.29,0,72
R01548,NYC,Mexican,$$,13.8,18.1,0.3116,8.6,-1.342,1.4,0,72
R01549,NYC,Mexican,$$,13.16,19.02,0.4454,4.8,1.167,0.942,0,72
R01550,NYC,Mediterranean,$$,17.33,21.22,0.2249,10.6,0.493,1.536,1,29
R01551,NYC,Vietnamese,$$,12.07,15.13,0.2528,8.0,0.291,1.63,1,37
R01552,NYC,Italian,$$,16.1,20.06,0.2459,9.6,-0.005,1.315,1,33
R01553,NYC,Chinese,$$,13.44,17.56,0.3071,6.3,-0.47,1.536,0,72
R01554,NYC,Vietnamese,$$$,18.16,25.15,0.3849,12.9,-1.113,1.414,0,72
R01555,LA,FastFood,$,10.5,14.41,0.3723,5.5,0.253,0.931,1,29
R01556,Chicago,Italian,$$,17.09,20.53,0.2015,0.5,-0.539,1.264,0,72
R01557,LA,Italian,$$,16.38,20.56,0.255,2.9,-0.424,1.171,0,72
R01558,LA,Mediterranean,$,10.16,13.15,0.2941,15.4,1.718,1.229,0,72
R01559,Chicago,Mediterranean,$$$,20.61,27.72,0.3452,1.3,-0.048,0.928,0,72
R01560,Chicago,FastFood,$,9.79,12.95,0.3227,10.6,-2.453,0.965,0,72
R01561,LA,Italian,$$,16.32,19.52,0.1959,3.8,-0.535,1.224,0,72
R01562,Chicago,Mexican,$,9.66,12.56,0.2999,1.6,-1.001,0.882,0,72
R01563,Chicago,Japanese,$$,17.87,19.46,0.0891,1.0,-0.139,1.225,0,72
R01564,LA,Italian,$$$,19.5,23.95,0.2284,12.5,-1.424,1.327,0,72
R01565,LA,Mediterranean,$$,16.73,22.16,0.3246,12.0,0.434,1.277,0,72
R01566,NYC,Mexican,$$,14.16,19.4,0.3701,5.0,-0.296,1.426,0,72
R01567,NYC,American,$$,16.25,21.04,0.2949,5.8,-0.476,1.323,0,72
R01568,LA,Mediterranean,$$$,20.23,26.35,0.3025,7.1,0.15,1.358,0,72
R01569,LA,FastFood,$,9.08,12.67,0.3952,10.7,-0.077,1.291,1,55
R01570,NYC,Vietnamese,$$,13.35,18.71,0.4013,3.8,-0.135,1.382,0,72
R01571,LA,FastFood,$,5.84,7.95,0.3624,7.5,-0.224,1.054,0,72
R01572,LA,Mexican,$,10.01,13.05,0.3042,0.9,-0.02,0.993,0,72
R01573,Chicago,Italian,$$,16.86,18.28,0.0843,4.9,0.343,1.003,0,72
R01574,NYC,Mexican,$$,15.18,21.09,0.3889,2.3,0.218,1.407,0,72
R01575,NYC,FastFood,$,11.92,16.52,0.3858,1.8,1.127,1.672,0,72
R01576,LA,Mediterranean,$$,16.5,21.09,0.2776,8.9,-0.547,1.352,0,72
R01577,Chicago,Mexican,$,11.2,14.06,0.2556,2.0,0.238,1.005,0,72
R01578,Chicago,Mexican,$,8.79,11.77,0.3383,4.4,2.446,0.99,0,72
R01579,Chicago,Italian,$$$,21.03,24.96,0.1871,9.4,-0.041,0.871,0,72
R01580,Chicago,Chinese,$,11.77,14.93,0.2683,3.1,-0.002,1.136,0,72
R01581,NYC,Thai,$$$,23.84,31.17,0.3072,1.5,-1.263,1.44,1,31
R01582,NYC,Chinese,$,11.38,15.28,0.3425,0.7,-0.713,1.559,0,72
R01583,NYC,Thai,$$$,20.45,25.62,0.2526,12.2,-0.106,1.67,0,72
R01584,LA,American,$$$,18.31,23.58,0.2881,9.0,0.533,1.121,0,72
R01585,Chicago,Italian,$$,14.96,17.41,0.164,5.5,0.649,0.905,0,72
R01586,NYC,Chinese,$$,13.55,17.43,0.2857,0.7,0.326,1.95,1,24
R01587,LA,FastFood,$,9.77,13.52,0.3843,1.3,0.804,1.289,0,72
R01588,NYC,American,$$,15.36,18.9,0.2302,0.7,-0.999,1.402,1,35
R01589,NYC,Japanese,$$$$,25.58,33.62,0.3142,0.5,0.489,1.683,0,72
R01590,NYC,Italian,$$$,20.85,26.17,0.2551,10.8,0.013,1.397,0,72
R01591,NYC,Mediterranean,$$$,18.93,22.86,0.2076,1.5,0.125,1.508,0,72
R01592,Chicago,Thai,$$,13.96,18.54,0.3282,0.7,-0.362,0.934,1,24
R01593,NYC,Thai,$,11.33,15.02,0.3255,11.8,-0.953,1.447,0,72
R01594,Chicago,American,$$,15.78,19.72,0.2497,2.1,-1.215,0.968,0,72
R01595,LA,Mediterranean,$$,17.55,23.17,0.3204,15.6,0.321,1.096,0,72
R01596,NYC,Italian,$$,12.84,17.01,0.325,8.0,0.498,1.493,1,39
R01597,NYC,Indian,$$,14.95,19.58,0.3101,2.2,-0.13,1.343,0,72
R01598,Chicago,Japanese,$$$,21.62,27.04,0.2509,0.5,-0.015,1.072,0,72
R01599,NYC,American,$$,12.67,16.45,0.2986,1.5,-0.72,1.398,1,40
R01600,Chicago,FastFood,$,8.01,10.35,0.2929,2.6,0.503,0.813,0,72
R01601,NYC,FastFood,$,8.04,10.29,0.2808,1.8,0.061,1.562,0,72
R01602,LA,American,$$$,22.65,28.78,0.2707,0.7,-0.366,1.295,0,72
R01603,Chicago,American,$$,16.65,21.62,0.2989,2.1,0.866,1.311,1,57
R01604,NYC,Mediterranean,$$$,20.49,27.02,0.3192,1.9,0.645,1.453,0,72
R01605,NYC,FastFood,$,8.32,10.87,0.3066,2.1,-1.536,1.482,0,72
R01606,Chicago,Indian,$,10.35,13.5,0.3049,5.9,0.049,1.059,0,72
R01607,NYC,Mexican,$$,14.11,18.69,0.3245,16.7,-0.958,1.639,1,33
R01608,NYC,Italian,$$,15.99,18.31,0.1454,3.4,0.14,1.626,0,72
R01609,NYC,Mediterranean,$$,16.0,21.46,0.3409,0.5,-3.152,1.507,0,72
R01610,NYC,Indian,$,12.0,15.03,0.2527,9.7,0.197,1.444,0,72
R01611,LA,Indian,$$,14.69,20.11,0.369,5.8,0.712,1.328,0,72
R01612,LA,Vietnamese,$$,13.93,19.05,0.3674,1.1,-0.111,1.189,1,40
R01613,NYC,Japanese,$$$$,26.02,32.75,0.2586,6.4,-1.165,1.242,0,72
R01614,Chicago,Japanese,$$$$,29.27,36.38,0.243,7.3,1.956,0.835,0,72
R01615,NYC,Thai,$$$,19.11,27.35,0.4312,0.9,1.156,1.4,1,37
R01616,NYC,Italian,$$,12.45,16.19,0.3,2.4,-0.531,1.471,1,51
R01617,LA,Vietnamese,$,9.28,12.26,0.3219,4.2,-0.261,1.614,0,72
R01618,Chicago,Indian,$,10.47,14.6,0.3945,2.8,-1.981,0.986,0,72
R01619,NYC,Thai,$$,15.69,20.64,0.3159,0.7,0.473,1.458,0,72
R01620,NYC,Italian,$$,15.89,20.32,0.2791,12.8,-1.369,1.381,0,72
R01621,LA,Indian,$$,13.28,16.37,0.2332,1.1,0.666,1.292,0,72
R01622,Chicago,Mexican,$$,12.02,14.5,0.2063,0.5,1.026,1.034,0,72
R01623,NYC,Mexican,$$,13.39,17.75,0.3256,5.0,-0.07,1.343,0,72
R01624,NYC,Japanese,$$,16.84,21.42,0.2719,20.9,-1.064,1.284,0,72
R01625,LA,Mexican,$,9.97,13.32,0.3365,8.2,1.249,1.143,0,72
R01626,NYC,FastFood,$,8.5,10.96,0.289,3.5,0.002,1.31,0,72
R01627,NYC,Mediterranean,$$$,21.09,27.91,0.323,3.5,0.093,1.41,0,72
R01628,NYC,Mexican,$$,12.44,16.16,0.2985,5.9,-0.932,1.475,0,72
R01629,NYC,Thai,$$,12.14,16.27,0.3404,12.0,0.193,1.365,1,29
R01630,LA,American,$,10.87,14.2,0.3067,19.5,-0.203,1.429,0,72
R01631,Chicago,Indian,$$,17.21,21.18,0.2302,0.8,-1.328,1.149,0,72
R01632,LA,Mediterranean,$$,14.89,18.19,0.2218,1.1,1.34,1.167,0,72
R01633,LA,American,$$,13.01,17.4,0.3372,3.6,1.759,1.069,1,44
R01634,Chicago,Mexican,$,9.18,12.24,0.3336,5.1,1.018,0.996,0,72
R01635,NYC,Mexican,$,9.65,13.0,0.3476,8.8,0.869,1.427,0,72
R01636,NYC,American,$$,13.46,18.21,0.3534,4.1,1.765,1.439,0,72
R01637,Chicago,FastFood,$,8.14,10.7,0.3142,6.4,-1.047,0.953,0,72
R01638,NYC,American,$$,12.87,16.08,0.249,12.2,-1.06,1.278,0,72
R01639,LA,Italian,$$$,18.61,21.96,0.1799,10.9,-0.414,1.205,0,72
R01640,LA,Mexican,$,11.96,15.72,0.3146,9.1,0.298,1.151,0,72
R01641,NYC,FastFood,$$,12.68,17.73,0.3986,0.5,-0.293,1.405,0,72
R01642,LA,Italian,$$,13.24,17.21,0.2995,11.9,-1.02,1.214,0,72
R01643,NYC,Indian,$$,14.93,19.42,0.3012,3.6,0.006,1.438,0,72
R01644,NYC,Vietnamese,$,11.87,16.5,0.3907,0.5,-0.094,1.463,1,44
R01645,LA,Chinese,$,10.8,13.92,0.2893,1.0,0.841,1.144,1,31
R01646,NYC,Mexican,$$,12.72,16.54,0.3009,2.3,0.045,1.514,0,72
R01647,LA,Italian,$$$,20.67,24.08,0.1647,2.7,-1.905,1.101,0,72
R01648,Chicago,Italian,$$$,18.32,21.51,0.1747,5.6,0.385,0.878,0,72
R01649,Chicago,Indian,$$$,18.6,22.07,0.1866,31.0,1.582,0.899,0,72
R01650,NYC,Thai,$,9.46,13.34,0.4105,1.5,0.029,1.337,0,72
R01651,NYC,Chinese,$,11.17,14.99,0.342,7.9,0.987,1.242,1,52
R01652,NYC,American,$$$,20.87,26.61,0.2752,8.5,-0.505,1.183,0,72
R01653,NYC,Mexican,$$,14.73,21.01,0.4261,13.9,0.566,1.54,0,72
R01654,Chicago,Chinese,$$,14.33,17.26,0.2049,3.0,-0.745,1.165,0,72
R01655,NYC,Indian,$$$,18.1,23.41,0.2931,6.2,-0.246,1.55,0,72
R01656,NYC,Thai,$,9.92,13.98,0.41,1.6,-0.239,1.368,0,72
R01657,Chicago,Indian,$$,16.73,20.8,0.2428,2.3,0.477,0.814,0,72
R01658,NYC,Chinese,$$,15.75,22.71,0.4423,1.7,-0.824,1.484,0,72
R01659,NYC,American,$$,14.21,18.75,0.3193,8.0,-1.465,1.196,1,40
R01660,NYC,Japanese,$$$$,35.31,47.16,0.3353,14.1,0.47,1.435,0,72
R01661,LA,FastFood,$,8.81,12.39,0.4067,5.0,0.433,1.09,1,41
R01662,LA,Vietnamese,$,7.75,10.15,0.3101,1.1,0.112,0.913,0,72
R01663,NYC,FastFood,$,9.1,12.16,0.3356,9.2,0.933,1.732,0,72
R01664,Chicago,Chinese,$,11.42,14.44,0.2642,8.8,-0.203,0.86,0,72
R01665,Chicago,Japanese,$$$$,27.13,31.76,0.1707,0.6,0.281,0.958,0,72
R01666,Chicago,Indian,$$,16.0,19.95,0.2467,16.7,-0.35,0.985,0,72
R01667,NYC,Italian,$$,16.16,20.2,0.2498,3.6,-0.259,1.37,1,29
R01668,NYC,American,$$$,20.97,28.61,0.3645,0.5,0.34,1.533,0,72
R01669,Chicago,American,$$$,18.95,23.87,0.2597,9.0,2.267,0.915,0,72
R01670,NYC,FastFood,$,7.32,10.82,0.4781,1.2,0.742,1.518,1,26
R01671,LA,Chinese,$$,12.65,15.08,0.192,17.0,0.549,1.247,0,72
R01672,LA,FastFood,$,9.33,11.93,0.2791,1.1,0.773,1.017,0,72
R01673,NYC,Japanese,$$$,20.6,25.8,0.2522,5.3,-2.348,1.492,1,29
R01674,LA,Japanese,$$$,20.71,27.44,0.3246,9.4,0.319,1.057,0,72
R01675,Chicago,American,$$,16.11,19.72,0.2245,0.5,0.91,0.869,0,72
R01676,LA,Chinese,$,10.73,13.16,0.2266,16.6,0.084,1.243,0,72
R01677,NYC,FastFood,$,5.69,7.66,0.3477,10.8,-0.043,1.381,0,72
R01678,Chicago,FastFood,$,8.87,11.09,0.2501,0.5,-0.94,1.046,0,72
R01679,LA,FastFood,$,5.94,7.55,0.2703,17.6,-0.433,1.256,0,72
R01680,LA,FastFood,$,7.11,10.24,0.4399,2.0,-0.833,1.011,1,27
R01681,Chicago,Vietnamese,$,8.36,10.55,0.2624,11.0,1.0,1.093,0,72
R01682,LA,Japanese,$$,16.35,20.58,0.2587,16.1,1.502,1.242,0,72
R01683,NYC,Mediterranean,$$$,18.36,23.59,0.2854,5.5,1.935,1.351,0,72
R01684,NYC,Mexican,$$,12.01,15.94,0.3274,0.5,-0.85,1.427,0,72
R01685,NYC,Thai,$$,13.36,16.94,0.268,13.3,-0.668,1.59,0,72
R01686,LA,American,$$,12.63,15.71,0.2445,24.6,-0.75,1.155,0,72
R01687,LA,Vietnamese,$,10.22,13.56,0.3269,3.3,-1.019,1.547,0,72
R01688,LA,Italian,$$$,19.26,25.06,0.3009,2.8,-1.002,1.435,1,38
R01689,NYC,Italian,$$,17.83,23.13,0.2974,1.2,-0.515,1.47,1,31
R01690,LA,Mexican,$$,14.5,18.25,0.259,9.5,0.874,1.168,0,72
R01691,Chicago,Japanese,$$$$,26.17,33.23,0.2694,5.6,-0.718,0.978,1,14
R01692,NYC,Japanese,$$$,21.02,27.2,0.2938,0.8,1.053,1.349,0,72
R01693,LA,Chinese,$,9.31,11.82,0.2688,1.7,1.367,1.218,0,72
R01694,LA,Chinese,$,11.34,14.85,0.3091,2.2,0.285,1.303,0,72
R01695,LA,American,$$,15.72,20.26,0.2886,0.5,1.229,1.021,1,43
R01696,NYC,Italian,$$,15.65,19.6,0.2524,4.7,-1.361,1.566,1,28
R01697,LA,Thai,$,11.58,15.22,0.314,0.6,-0.558,1.342,0,72
R01698,Chicago,Mexican,$$,12.66,15.78,0.2469,6.4,0.189,1.071,0,72
R01699,LA,American,$$$,24.78,33.69,0.3596,2.5,0.223,1.181,0,72
R01700,Chicago,Chinese,$,11.91,13.97,0.1735,1.6,1.429,1.066,0,72
R01701,Chicago,American,$$,15.99,20.13,0.2589,3.9,-0.999,1.169,0,72
R01702,NYC,American,$$,12.63,16.4,0.2983,0.5,-0.537,1.44,1,58
R01703,LA,Vietnamese,$$,14.38,19.31,0.3421,1.5,-0.085,1.203,0,72
R01704,LA,Japanese,$$$$,25.75,31.28,0.2146,0.9,-0.519,1.55,0,72
R01705,Chicago,American,$$$,18.5,23.83,0.2885,12.5,-1.043,1.038,0,72
R01706,NYC,Chinese,$$,16.61,21.83,0.3146,11.3,-0.477,1.285,1,24
R01707,NYC,Japanese,$$$,20.37,24.66,0.2107,2.6,-0.246,1.61,0,72
R01708,Chicago,Italian,$$,17.05,19.52,0.1453,0.5,1.448,1.049,0,72
R01709,NYC,Vietnamese,$$,15.64,20.9,0.3362,7.7,-1.02,1.34,1,33
R01710,LA,Japanese,$$$,24.65,28.85,0.1702,3.6,0.815,1.051,0,72
R01711,NYC,Indian,$,9.72,13.52,0.39,2.2,1.272,1.492,0,72
R01712,Chicago,Japanese,$$$,23.88,30.38,0.2724,1.2,-0.513,0.993,0,72
R01713,Chicago,Chinese,$,11.71,15.94,0.3613,1.9,0.26,0.861,1,45
R01714,NYC,Italian,$$$,21.16,28.27,0.3361,16.7,0.576,1.435,0,72
R01715,LA,Mexican,$$,13.45,17.52,0.3024,5.8,0.411,1.178,0,72
R01716,NYC,American,$,11.7,14.46,0.2365,4.4,0.082,1.439,0,72
R01717,LA,Thai,$$,14.69,16.99,0.1561,5.1,-0.679,1.273,0,72
R01718,LA,Indian,$$,15.06,18.97,0.2597,0.5,0.662,0.971,0,72
R01719,Chicago,Japanese,$$$,23.49,30.73,0.3083,11.6,-0.374,0.875,0,72
R01720,NYC,Chinese,$$,14.42,18.44,0.2786,3.3,0.029,1.368,0,72
R01721,NYC,Mediterranean,$$$,22.25,28.47,0.2795,9.7,0.176,1.7,0,72
R01722,LA,Mexican,$$,13.47,17.4,0.2923,2.9,0.856,1.594,0,72
R01723,LA,Japanese,$$$,22.09,28.03,0.2687,3.9,1.928,1.201,0,72
R01724,LA,Mediterranean,$$$,20.9,27.89,0.3343,3.9,-0.738,1.207,0,72
R01725,NYC,Japanese,$$$$,32.94,39.3,0.193,0.5,0.053,1.082,0,72
R01726,NYC,Mexican,$$,14.74,18.76,0.2726,2.4,-1.484,1.616,0,72
R01727,Chicago,Chinese,$$,13.49,18.14,0.3443,0.5,1.481,1.055,0,72
R01728,NYC,American,$$,17.3,22.77,0.3167,21.5,0.044,1.5,0,72
R01729,NYC,Chinese,$$,13.61,17.79,0.307,3.5,-0.3,1.249,0,72
R01730,Chicago,Vietnamese,$,11.54,15.75,0.3654,8.6,0.052,1.268,0,72
R01731,NYC,Japanese,$$$$,32.48,39.04,0.2017,7.4,0.103,1.74,0,72
R01732,LA,Italian,$$,15.73,20.08,0.2766,4.3,-0.732,1.243,1,37
R01733,NYC,Chinese,$$,16.0,21.07,0.3166,9.5,1.188,1.633,0,72
R01734,Chicago,Thai,$$,13.69,17.66,0.2903,10.4,0.645,1.006,0,72
R01735,LA,Japanese,$$,16.85,19.06,0.1306,6.0,0.784,1.324,0,72
R01736,Chicago,Indian,$$,14.02,17.34,0.237,0.9,-0.68,0.855,1,31
R01737,NYC,Japanese,$$$,19.94,26.06,0.3068,3.1,-0.734,1.104,0,72
R01738,LA,Mexican,$$,13.87,18.26,0.3168,2.0,-0.114,1.03,1,28
R01739,LA,Japanese,$$$,22.36,29.36,0.3128,19.9,0.8,1.089,0,72
R01740,NYC,American,$$,13.31,17.85,0.3411,0.9,0.502,1.342,0,72
R01741,NYC,Japanese,$$$$,28.67,35.04,0.2221,6.2,-0.778,1.53,0,72
R01742,NYC,Thai,$$,17.04,23.02,0.3512,10.1,0.668,1.406,0,72
R01743,Chicago,FastFood,$,11.31,14.25,0.2604,2.2,-0.972,0.997,0,72
R01744,LA,Thai,$$,14.61,18.89,0.2927,0.5,-0.662,1.041,1,34
R01745,LA,American,$$,15.9,20.55,0.2928,2.2,0.158,1.03,0,72
R01746,LA,American,$$$,18.16,22.12,0.2182,3.3,-1.171,1.206,0,72
R01747,LA,Vietnamese,$,10.36,13.99,0.3493,1.4,-0.964,1.124,0,72
R01748,LA,Italian,$$$,18.43,22.2,0.2047,3.5,1.552,1.201,0,72
R01749,NYC,Thai,$$,13.56,17.38,0.281,6.8,1.366,1.548,1,26
R01750,LA,Mediterranean,$$,13.07,17.06,0.3053,9.7,2.29,1.461,0,72
R01751,NYC,Chinese,$$,13.3,17.0,0.2782,0.5,0.451,1.446,0,72
R01752,Chicago,Mediterranean,$$,15.7,18.78,0.1957,6.6,0.645,1.243,0,72
R01753,Chicago,Thai,$$,13.4,17.58,0.3121,4.2,-0.155,1.05,0,72
R01754,NYC,Japanese,$$$,23.49,29.96,0.2754,5.3,-0.35,1.575,0,72
R01755,LA,Mediterranean,$$$,21.38,25.59,0.1973,2.7,0.872,1.362,0,72
R01756,NYC,Mexican,$,10.73,14.84,0.3828,19.9,1.362,1.581,0,72
R01757,Chicago,Mexican,$,11.77,14.94,0.2697,0.5,0.787,0.908,0,72
R01758,Chicago,Italian,$$,15.68,17.72,0.1298,1.6,-0.84,1.139,0,72
R01759,Chicago,American,$$,13.78,15.22,0.1046,2.4,0.392,0.956,0,72
R01760,NYC,Italian,$$,16.17,20.95,0.2952,4.7,-0.77,1.503,1,31
R01761,NYC,FastFood,$,8.2,10.81,0.317,19.3,-0.324,1.473,0,72
R01762,NYC,Chinese,$$,14.45,18.17,0.2578,1.4,1.636,1.663,0,72
R01763,NYC,Italian,$$$,19.07,24.45,0.282,3.7,-1.2,1.52,1,30
R01764,NYC,American,$$,13.23,17.47,0.3203,8.0,2.169,1.228,0,72
R01765,NYC,Mexican,$$,15.78,20.52,0.3006,0.5,0.55,1.864,1,25
R01766,Chicago,Indian,$$,17.19,22.27,0.2956,4.4,-0.466,1.105,0,72
R01767,NYC,Italian,$$,15.3,20.7,0.3527,10.9,0.068,1.357,0,72
R01768,NYC,FastFood,$,10.6,15.12,0.4273,10.0,-0.685,1.265,1,42
R01769,Chicago,Vietnamese,$$,12.2,16.34,0.3396,3.4,-0.547,1.121,0,72
R01770,LA,Mexican,$$,12.15,16.23,0.3357,11.3,0.073,1.062,0,72
R01771,LA,Mexican,$$,13.33,17.3,0.2978,1.0,-0.329,1.321,0,72
R01772,LA,Mexican,$$,12.44,16.39,0.3172,0.5,-0.933,1.364,1,39
R01773,Chicago,FastFood,$,9.38,12.49,0.332,2.9,-0.221,0.925,0,72
R01774,LA,Vietnamese,$,11.89,14.83,0.2471,0.6,-1.315,1.098,0,72
R01775,LA,Japanese,$$$,20.7,25.08,0.2115,3.4,-1.272,1.134,0,72
R01776,LA,Chinese,$,9.03,11.09,0.2286,2.0,-1.282,1.066,0,72
R01777,NYC,Mediterranean,$$$,18.69,24.33,0.3018,19.9,1.671,1.491,0,72
R01778,NYC,Chinese,$$,12.15,16.09,0.3242,1.0,0.406,1.516,1,43
R01779,LA,Indian,$$,16.68,20.81,0.2474,3.0,0.596,1.309,0,72
R01780,NYC,Indian,$$,15.81,21.21,0.341,6.8,0.011,1.312,0,72
R01781,LA,Italian,$$,16.91,19.91,0.1778,2.6,0.506,1.327,0,72
R01782,NYC,American,$$$,19.23,23.96,0.2455,13.6,1.176,1.288,0,72
R01783,NYC,Chinese,$$,13.49,18.33,0.359,14.3,0.408,1.604,0,72
R01784,NYC,Italian,$$$,18.54,24.03,0.2964,3.5,1.64,1.213,0,72
R01785,Chicago,FastFood,$,8.29,10.53,0.2702,0.9,-0.037,1.207,0,72
R01786,NYC,Vietnamese,$$,15.57,20.89,0.3416,14.8,0.599,1.362,0,72
R01787,LA,Thai,$$,12.31,15.4,0.2511,3.2,0.704,1.289,1,48
R01788,Chicago,American,$$,15.1,18.42,0.2201,6.1,-0.932,1.085,0,72
R01789,NYC,Chinese,$,10.4,13.81,0.3272,1.6,0.043,1.245,0,72
R01790,LA,Indian,$$,16.53,21.62,0.308,17.6,-1.841,1.326,0,72
R01791,NYC,American,$$,14.41,18.67,0.2959,4.9,-0.13,1.357,0,72
R01792,NYC,Chinese,$,11.95,15.93,0.3337,38.9,-0.279,1.398,0,72
R01793,LA,Japanese,$$$,20.05,23.98,0.1961,0.7,-0.339,1.107,0,72
R01794,Chicago,American,$$,16.18,20.22,0.2494,2.5,-0.408,1.214,0,72
R01795,NYC,Indian,$,11.58,15.37,0.3276,10.3,0.512,1.26,0,72
R01796,LA,Chinese,$,8.68,11.58,0.3344,0.6,-0.886,1.264,0,72
R01797,NYC,Mediterranean,$$$,18.46,23.15,0.254,0.5,1.86,1.345,0,72
R01798,LA,Italian,$$,12.3,15.7,0.2758,6.1,0.567,1.368,0,72
R01799,LA,Italian,$$$,20.99,24.44,0.1641,0.6,-0.803,1.585,0,72
R01800,LA,Chinese,$$,17.21,22.0,0.2785,9.7,0.647,1.113,0,72
R01801,LA,Thai,$$,13.59,17.35,0.2762,14.9,0.995,1.22,0,72
R01802,NYC,Italian,$$$,22.74,26.99,0.1869,4.4,0.369,1.385,0,72
R01803,LA,Japanese,$$$,21.9,27.06,0.2355,0.8,-1.006,1.359,0,72
R01804,LA,Chinese,$$,17.34,22.73,0.3111,3.8,2.237,1.165,1,43
R01805,LA,Vietnamese,$,10.59,12.91,0.2187,6.1,0.639,1.338,0,72
R01806,NYC,Thai,$,9.15,11.8,0.2903,18.6,-1.248,1.382,0,72
R01807,NYC,Italian,$$,17.74,20.63,0.1626,0.9,0.209,1.898,0,72
R01808,NYC,FastFood,$,11.56,16.9,0.4621,0.5,-0.22,1.115,0,72
R01809,NYC,Mexican,$$,13.76,18.59,0.3506,1.1,0.006,1.517,0,72
R01810,NYC,Mexican,$,11.39,15.34,0.3463,3.1,-1.194,1.448,0,72
R01811,NYC,American,$$,16.98,21.93,0.2916,0.5,0.054,1.442,0,72
R01812,LA,Indian,$$,17.27,22.63,0.3102,2.0,-0.831,1.242,1,37
R01813,NYC,Chinese,$$,12.8,17.52,0.3689,2.3,-0.35,1.46,0,72
R01814,Chicago,American,$$$$,25.67,29.57,0.1518,0.8,0.387,1.027,0,72
R01815,LA,Italian,$$,16.4,21.25,0.2955,3.0,-0.477,1.26,0,72
R01816,LA,American,$$$,19.16,25.34,0.3223,2.0,-0.29,1.48,1,41
R01817,LA,Vietnamese,$$,13.19,17.24,0.3067,1.2,0.82,0.861,0,72
R01818,LA,FastFood,$,7.49,10.0,0.3341,3.2,-0.889,1.498,1,40
R01819,LA,Japanese,$$$,20.38,22.32,0.0949,7.3,-0.648,1.631,0,72
R01820,Chicago,Vietnamese,$$,13.81,16.82,0.2178,6.1,-1.255,0.81,0,72
R01821,LA,American,$$,16.42,21.12,0.2859,5.5,-0.823,1.207,1,50
R01822,LA,Italian,$$$,19.13,24.68,0.29,16.4,0.129,1.415,0,72
R01823,LA,Chinese,$,9.68,12.94,0.3364,0.5,0.639,1.34,1,24
R01824,LA,FastFood,$,9.57,12.78,0.3362,2.8,-0.806,1.467,0,72
R01825,NYC,Chinese,$$,13.69,19.39,0.4163,0.8,0.61,1.516,1,19
R01826,LA,Thai,$$,13.84,18.55,0.3403,13.1,0.105,0.94,0,72
R01827,LA,Chinese,$$,13.87,17.76,0.2803,9.8,-1.383,1.403,0,72
R01828,Chicago,Thai,$$,13.01,17.81,0.3691,12.3,0.175,1.079,0,72
R01829,LA,Chinese,$,11.69,14.55,0.2452,3.6,1.194,1.431,0,72
R01830,LA,FastFood,$,8.14,10.31,0.2664,2.8,-1.892,0.998,0,72
R01831,Chicago,Vietnamese,$,10.58,13.32,0.2589,2.6,2.005,0.864,0,72
R01832,LA,Mexican,$$$,18.51,23.73,0.2821,5.5,-0.611,1.202,0,72
R01833,NYC,Vietnamese,$$,13.55,17.78,0.3118,5.8,-1.649,1.702,0,72
R01834,NYC,American,$$,13.44,17.74,0.3199,7.7,0.138,1.759,0,72
R01835,NYC,Italian,$$$$,25.97,32.42,0.2483,2.2,0.831,1.329,0,72
R01836,NYC,Chinese,$$,12.03,15.87,0.3196,11.4,-0.28,1.381,0,72
R01837,NYC,Indian,$$,14.58,18.99,0.3029,12.8,0.312,2.047,0,72
R01838,LA,Indian,$$,17.04,19.84,0.1644,1.6,2.12,1.123,0,72
R01839,LA,Italian,$$,12.63,14.57,0.1542,4.4,0.206,1.301,0,72
R01840,NYC,Mediterranean,$$,16.29,20.7,0.2707,6.7,2.982,1.373,0,72
R01841,LA,Chinese,$,11.73,14.75,0.2579,4.5,1.265,1.27,0,72
R01842,NYC,Mexican,$$,12.97,17.23,0.3284,28.2,0.052,1.307,0,72
R01843,Chicago,American,$$,17.1,22.24,0.3002,11.8,0.292,0.904,0,72
R01844,NYC,Mexican,$$,12.33,16.47,0.3363,2.3,-0.319,1.387,0,72
R01845,LA,Italian,$$,17.6,20.49,0.1639,1.9,0.25,1.124,0,72
R01846,NYC,American,$$$,19.38,24.04,0.2403,1.6,0.562,1.398,0,72
R01847,LA,Italian,$$$,19.0,25.0,0.3155,1.7,-0.404,1.278,1,33
R01848,NYC,Chinese,$$,13.1,18.29,0.3966,0.5,-1.38,1.819,0,72
R01849,LA,Indian,$$,14.89,19.5,0.3098,9.1,1.321,1.118,0,72
R01850,NYC,American,$$$,22.27,26.76,0.2019,0.5,0.973,1.288,0,72
R01851,Chicago,Thai,$$,14.44,18.42,0.2753,1.2,-1.417,1.001,0,72
R01852,LA,American,$$,14.58,18.66,0.2792,12.1,0.171,1.083,0,72
R01853,LA,Japanese,$$,15.6,19.52,0.2513,3.0,1.027,0.986,0,72
R01854,Chicago,Chinese,$,10.04,12.47,0.2415,9.7,0.924,1.136,0,72
R01855,Chicago,Thai,$$,12.87,15.98,0.2419,5.2,-0.694,1.01,0,72
R01856,NYC,Chinese,$$,12.75,16.42,0.288,1.2,0.982,1.481,0,72
R01857,NYC,Chinese,$,11.76,14.85,0.2627,2.6,0.015,1.151,0,72
R01858,NYC,Thai,$$,14.91,20.56,0.3783,3.5,0.389,1.352,0,72
R01859,NYC,Indian,$$,13.09,17.59,0.3441,8.6,-0.919,1.223,1,24
R01860,LA,American,$$,13.57,16.91,0.2458,1.2,-4.257,1.197,1,34
R01861,Chicago,Mexican,$$,13.96,18.25,0.3076,15.9,-0.777,1.016,1,32
R01862,Chicago,Mexican,$$,15.99,20.94,0.3095,1.9,0.537,1.016,0,72
R01863,LA,American,$$,13.11,18.05,0.3771,6.9,-0.205,1.108,0,72
R01864,LA,Indian,$$,15.15,20.05,0.3236,5.6,0.65,1.083,0,72
R01865,Chicago,Japanese,$$,15.61,19.7,0.2617,12.9,1.106,0.977,0,72
R01866,Chicago,Mexican,$,9.59,12.38,0.2919,2.1,-0.331,1.044,0,72
R01867,NYC,Chinese,$,11.69,15.18,0.2983,5.1,-0.429,1.353,0,72
R01868,LA,American,$$$,19.63,26.09,0.3291,8.7,-2.187,1.072,0,72
R01869,Chicago,Vietnamese,$,10.0,13.12,0.3126,4.8,-1.548,0.898,0,72
R01870,NYC,Mexican,$,10.79,14.01,0.2985,6.0,-1.34,1.34,1,49
R01871,NYC,Mexican,$$,12.58,17.14,0.3627,4.8,0.557,1.373,0,72
R01872,Chicago,Chinese,$$,13.09,17.17,0.3119,17.3,-0.321,0.877,0,72
R01873,Chicago,Mexican,$,10.85,12.86,0.1852,19.6,-0.534,0.948,0,72
R01874,Chicago,American,$$$,22.88,27.08,0.1839,1.9,-0.649,1.16,0,72
R01875,LA,Mexican,$,11.92,15.95,0.3381,4.2,-0.779,1.158,1,22
R01876,NYC,Vietnamese,$,11.74,14.48,0.2338,4.3,0.923,1.25,0,72
R01877,NYC,Indian,$$,13.49,16.34,0.2117,8.0,0.093,1.106,0,72
R01878,LA,FastFood,$,9.2,12.2,0.3265,3.1,0.991,1.496,0,72
R01879,LA,FastFood,$,10.62,14.49,0.3646,5.0,-2.193,1.376,0,72
R01880,LA,Italian,$$$,24.28,30.52,0.2569,2.4,0.533,1.242,0,72
R01881,LA,Mexican,$,10.9,15.25,0.3991,6.1,-0.484,1.38,0,72
R01882,NYC,Italian,$$$,21.94,27.52,0.2541,4.1,-0.281,1.545,0,72
R01883,LA,Indian,$$,16.01,20.19,0.2614,5.9,1.353,1.189,0,72
R01884,NYC,Mexican,$$,14.9,18.99,0.2746,0.7,-0.39,1.249,0,72
R01885,NYC,Italian,$$,17.7,21.79,0.2308,5.1,0.492,1.823,0,72
R01886,NYC,Italian,$$,17.4,22.37,0.2854,2.7,-1.018,1.376,0,72
R01887,NYC,Chinese,$$,15.38,20.89,0.3576,12.8,0.036,1.385,0,72
R01888,Chicago,Indian,$$,17.22,21.75,0.2632,1.2,-1.591,1.005,1,24
R01889,NYC,Vietnamese,$$,15.24,20.69,0.3574,10.9,-0.057,1.46,0,72
R01890,NYC,American,$$,16.58,22.28,0.3438,0.5,0.385,1.554,0,72
R01891,LA,FastFood,$,8.34,11.2,0.3438,0.5,1.106,1.268,1,35
R01892,LA,Mexican,$,8.03,11.15,0.3884,7.9,-0.818,1.12,0,72
R01893,NYC,Chinese,$,9.73,12.49,0.2837,1.2,-0.529,1.455,0,72
R01894,NYC,Italian,$$,16.77,20.9,0.2463,0.5,-0.644,1.548,0,72
R01895,NYC,Vietnamese,$,9.43,12.32,0.306,2.6,-0.254,1.339,0,72
R01896,LA,American,$$$,18.53,24.08,0.2996,3.8,-0.964,1.427,0,72
R01897,NYC,Mexican,$,9.87,12.73,0.2893,1.5,-2.157,1.446,0,72
R01898,NYC,FastFood,$,7.77,10.44,0.3439,4.5,-1.043,1.757,1,20
R01899,NYC,Italian,$$,16.56,19.16,0.157,4.3,-0.049,1.227,0,72
R01900,LA,Italian,$$$,22.36,28.17,0.2597,8.4,-0.148,1.298,0,72
R01901,NYC,American,$$,14.34,19.25,0.3423,11.1,0.552,1.303,0,72
R01902,Chicago,FastFood,$,9.22,12.5,0.3555,8.4,0.842,0.927,0,72
R01903,NYC,Vietnamese,$,11.91,16.33,0.3706,7.7,-0.45,1.616,0,72
R01904,LA,FastFood,$,10.0,13.82,0.382,6.5,-1.586,1.168,0,72
R01905,NYC,Chinese,$$,15.15,20.53,0.355,4.6,0.403,1.98,0,72
R01906,NYC,American,$$,15.9,20.85,0.3107,0.5,-0.01,1.543,0,72
R01907,NYC,Thai,$,10.32,13.86,0.3439,7.7,-0.258,1.334,1,47
R01908,Chicago,American,$$,15.35,18.37,0.1972,1.8,1.22,1.064,0,72
R01909,Chicago,Italian,$$,17.94,21.34,0.19,0.6,0.451,0.972,0,72
R01910,NYC,FastFood,$,8.95,12.2,0.3635,0.5,0.123,1.602,0,72
R01911,NYC,Chinese,$,11.38,14.84,0.3032,0.9,0.164,1.399,0,72
R01912,Chicago,Japanese,$$$$,27.02,30.84,0.1417,1.2,0.85,1.05,0,72
R01913,LA,Mediterranean,$$,17.04,20.59,0.2082,0.5,-0.69,1.229,0,72
R01914,NYC,Mediterranean,$$,14.4,18.75,0.3015,8.0,-0.88,1.464,0,72
R01915,NYC,FastFood,$,7.83,11.0,0.4053,4.5,-0.234,1.643,0,72
R01916,LA,Mediterranean,$$$,24.06,30.56,0.2705,0.9,-1.178,0.967,1,30
R01917,LA,Mexican,$$,14.09,20.54,0.4582,4.3,-0.045,1.214,0,72
R01918,LA,FastFood,$,10.27,13.28,0.294,0.5,0.097,1.103,0,72
R01919,Chicago,Japanese,$$$,18.24,22.66,0.2422,10.3,-0.069,0.851,0,72
R01920,LA,Vietnamese,$,10.16,13.96,0.3746,4.0,-0.361,1.085,1,44
R01921,NYC,Japanese,$$$,19.46,25.75,0.3233,4.2,1.653,1.346,0,72
R01922,LA,Thai,$$,14.47,19.14,0.3228,1.4,0.941,1.167,0,72
R01923,NYC,American,$$,15.51,20.68,0.3335,4.3,-0.097,1.51,0,72
R01924,NYC,Thai,$$,12.82,16.83,0.3128,3.7,0.093,1.547,0,72
R01925,NYC,Chinese,$$,12.18,17.08,0.4031,10.7,1.376,1.381,0,72
R01926,NYC,Chinese,$,11.27,15.6,0.3842,1.8,-0.585,1.754,1,32
R01927,LA,Japanese,$$$,21.3,25.72,0.2074,12.3,-0.966,1.148,0,72
R01928,NYC,Mexican,$$,15.27,20.71,0.3561,18.7,0.227,1.148,0,72
R01929,NYC,Vietnamese,$,8.76,10.97,0.2526,3.6,0.414,1.391,0,72
R01930,LA,Italian,$$$,19.16,25.02,0.3061,20.3,0.489,1.207,0,72
R01931,LA,American,$$$,20.51,26.07,0.2712,12.8,0.828,0.81,0,72
R01932,LA,Mexican,$$,12.09,16.78,0.3874,4.6,-0.733,1.387,0,72
R01933,Chicago,Chinese,$,11.82,14.95,0.2645,6.2,-1.408,0.988,0,72
R01934,LA,American,$$$,18.9,22.06,0.1672,4.1,-0.585,1.045,0,72
R01935,NYC,Italian,$$,15.08,20.84,0.3819,7.6,0.582,1.292,1,52
R01936,LA,Chinese,$$,12.95,16.92,0.3066,0.5,-0.922,1.315,0,72
R01937,LA,Chinese,$,10.78,13.48,0.25,4.0,-1.934,1.334,0,72
R01938,NYC,Chinese,$,9.28,12.79,0.3773,0.5,0.144,1.341,0,72
R01939,NYC,American,$$,15.57,21.51,0.3818,22.4,-0.567,1.232,0,72
R01940,NYC,Chinese,$,10.36,13.56,0.3099,13.9,-1.727,1.473,0,72
R01941,LA,Italian,$$,17.96,22.0,0.225,1.1,0.074,1.246,1,40
R01942,NYC,Vietnamese,$$,14.06,18.86,0.3419,1.4,-0.386,1.552,0,72
R01943,NYC,American,$$$,22.34,27.35,0.2245,3.1,1.676,1.355,0,72
R01944,Chicago,American,$$,16.27,19.45,0.1955,6.4,0.089,0.985,0,72
R01945,Chicago,Chinese,$$,15.62,21.23,0.3591,5.8,0.586,1.002,1,48
R01946,NYC,FastFood,$,9.13,12.36,0.3534,1.9,-0.017,1.628,1,56
R01947,Chicago,Japanese,$$$,20.53,24.19,0.1781,2.8,-0.598,1.173,0,72
R01948,NYC,Italian,$$,12.73,15.62,0.2274,0.9,-0.488,1.757,1,31
R01949,Chicago,Mediterranean,$$$,22.78,29.47,0.2936,1.3,1.081,1.169,1,20
R01950,Chicago,Vietnamese,$,9.52,11.25,0.1812,1.5,0.748,1.243,0,72
R01951,NYC,American,$$$,20.52,26.53,0.2927,15.6,-1.489,1.637,0,72
R01952,LA,Mediterranean,$$$,18.72,26.09,0.3931,13.0,-1.249,1.118,0,72
R01953,Chicago,Mexican,$,10.49,14.59,0.3916,7.0,-1.193,1.202,0,72
R01954,Chicago,Thai,$$,14.81,19.08,0.2887,6.8,1.06,0.848,0,72
R01955,Chicago,Vietnamese,$$,16.88,22.72,0.3458,3.0,-1.731,1.328,0,72
R01956,LA,Italian,$$$,23.73,30.74,0.2953,0.5,0.786,1.067,0,72
R01957,NYC,Chinese,$,11.85,15.57,0.3137,4.5,0.398,1.613,0,72
R01958,Chicago,Mexican,$,11.0,14.69,0.3362,0.5,0.147,1.189,0,72
R01959,LA,FastFood,$,8.65,12.37,0.4294,0.5,-0.473,1.268,0,72
R01960,LA,Chinese,$$,12.62,15.61,0.2368,1.4,1.189,0.938,0,72
R01961,NYC,Chinese,$$,16.13,21.76,0.3488,4.5,0.113,1.294,0,72
R01962,LA,Vietnamese,$$,13.14,17.45,0.3281,9.5,-1.444,1.252,0,72
R01963,NYC,Indian,$,10.69,13.96,0.3052,3.1,-1.211,1.565,1,21
R01964,LA,Chinese,$$,14.12,18.36,0.3007,7.9,-1.645,1.175,1,43
R01965,NYC,Thai,$$,13.56,17.92,0.3216,0.5,1.2,1.463,0,72
R01966,LA,American,$$,16.11,20.55,0.2758,2.5,1.424,1.006,0,72
R01967,Chicago,Thai,$$,14.64,19.27,0.3159,7.5,1.086,1.237,0,72
R01968,LA,Mexican,$$,15.51,20.84,0.3438,1.7,-0.143,1.147,0,72
R01969,LA,Mexican,$$,14.91,19.54,0.3111,10.2,-1.426,1.319,0,72
R01970,NYC,American,$$,13.98,17.31,0.238,0.5,-1.054,1.716,0,72
R01971,Chicago,Chinese,$$,12.86,16.03,0.2464,24.1,-0.989,0.871,0,72
R01972,LA,American,$$,14.76,18.79,0.2731,14.9,-0.046,1.219,0,72
R01973,NYC,Mexican,$,9.23,12.05,0.3047,9.9,1.387,1.499,0,72
R01974,NYC,Indian,$$,14.22,19.15,0.3473,2.2,1.384,1.406,0,72
R01975,NYC,Mediterranean,$$$,23.7,31.08,0.3115,0.5,-0.488,1.621,0,72
R01976,LA,Thai,$,10.29,13.86,0.3472,1.6,-2.237,1.108,0,72
R01977,Chicago,FastFood,$,8.46,10.82,0.2781,6.6,-1.167,1.007,0,72
R01978,LA,Mediterranean,$$,16.83,20.67,0.2284,4.4,1.189,1.148,0,72
R01979,NYC,Japanese,$$$,23.17,30.74,0.3268,0.7,0.232,1.917,1,3
R01980,Chicago,Japanese,$$$,18.5,22.69,0.2265,0.6,-0.356,0.924,0,72
R01981,NYC,Mediterranean,$$,13.15,16.83,0.2799,10.7,-0.425,1.586,1,41
R01982,Chicago,FastFood,$,6.63,8.92,0.3449,2.8,-0.751,1.241,1,24
R01983,NYC,FastFood,$,10.8,15.05,0.3931,2.7,-1.204,1.299,0,72
R01984,LA,Indian,$$,12.15,14.79,0.2172,3.6,2.072,1.214,0,72
R01985,Chicago,Chinese,$,11.88,15.91,0.3392,18.5,1.718,0.888,0,72
R01986,NYC,FastFood,$$,12.41,16.63,0.3395,12.1,-0.822,1.139,1,20
R01987,LA,FastFood,$,7.45,10.61,0.425,21.4,-1.754,1.092,0,72
R01988,Chicago,Vietnamese,$$,12.23,14.84,0.2133,14.3,0.169,0.934,0,72
R01989,NYC,Mediterranean,$$$,20.59,26.89,0.3059,4.0,-0.147,1.364,0,72
R01990,NYC,American,$$$,19.21,24.41,0.2707,4.9,0.628,1.399,0,72
R01991,LA,FastFood,$,6.69,8.3,0.2412,5.4,0.855,1.201,0,72
R01992,NYC,Mexican,$,10.99,15.09,0.3729,4.4,-1.17,1.256,0,72
R01993,NYC,Mediterranean,$$,17.95,21.43,0.1938,5.9,1.28,1.512,0,72
R01994,LA,Mexican,$$,17.69,23.09,0.3054,6.3,-0.353,1.388,0,72
R01995,LA,Italian,$$,15.69,20.17,0.2852,9.5,0.608,1.408,0,72
R01996,NYC,Mexican,$,11.44,15.02,0.3135,3.9,-0.261,1.405,0,72
R01997,NYC,Japanese,$$$,23.73,29.06,0.2248,8.1,0.922,1.614,0,72
R01998,Chicago,Chinese,$$,14.53,19.04,0.31,4.0,-2.362,0.922,1,56
R01999,LA,FastFood,$,9.61,12.75,0.3275,19.5,0.738,1.152,0,72
R02000,Chicago,American,$$,13.74,16.62,0.2097,6.7,-0.832,1.049,0,72
R02001,NYC,Mediterranean,$$,15.45,20.91,0.3537,6.1,0.073,1.393,0,72
R02002,Chicago,Italian,$$$,18.71,21.36,0.1416,3.3,1.245,0.859,0,72
R02003,LA,Mexican,$$,15.69,20.35,0.297,1.0,-0.803,1.326,0,72
R02004,NYC,Indian,$$,13.89,18.66,0.3433,0.7,-0.96,1.313,0,72
R02005,Chicago,Indian,$$,14.44,17.16,0.1884,1.1,-0.372,0.94,0,72
R02006,LA,American,$$,13.3,17.94,0.3488,12.5,-0.435,1.362,0,72
R02007,NYC,Thai,$$$,19.58,25.44,0.2992,1.1,-1.05,1.547,0,72
R02008,NYC,Thai,$$,14.39,19.49,0.3537,12.2,0.106,1.481,0,72
R02009,LA,American,$$$,19.43,25.32,0.3036,3.3,0.158,1.006,0,72
R02010,NYC,FastFood,$,8.55,11.56,0.3524,9.9,0.463,1.261,1,26
R02011,NYC,Indian,$$,14.72,18.79,0.276,5.4,-0.82,1.521,0,72
R02012,NYC,Vietnamese,$,8.78,11.66,0.3279,5.8,-0.944,1.564,0,72
R02013,NYC,Italian,$$,12.22,15.71,0.2856,8.3,-0.119,1.495,0,72
R02014,NYC,Mexican,$$,15.66,20.21,0.2907,2.4,-0.245,1.37,1,34
R02015,LA,Chinese,$$,13.18,16.35,0.2398,0.5,-0.226,1.129,1,48
R02016,NYC,Indian,$$,15.05,20.68,0.3742,6.3,-0.707,1.488,1,34
R02017,NYC,Indian,$,11.58,14.63,0.2633,2.8,0.33,1.248,0,72
R02018,LA,Italian,$$,15.3,19.09,0.2477,5.1,-0.942,1.213,0,72
R02019,NYC,American,$$$,19.37,24.6,0.2699,7.0,-0.122,1.227,0,72
R02020,LA,Chinese,$$,17.78,22.98,0.2921,1.5,-0.306,1.058,1,30
R02021,NYC,Chinese,$,11.62,16.18,0.3915,3.2,-0.033,1.481,1,43
R02022,NYC,FastFood,$,9.59,13.0,0.3557,2.5,1.185,1.555,0,72
R02023,NYC,Japanese,$$$,22.77,28.51,0.2522,0.5,-1.315,1.511,0,72
R02024,LA,Chinese,$$,12.72,16.37,0.2865,3.5,-2.391,1.05,0,72
R02025,NYC,Japanese,$$$$,30.7,38.22,0.2448,6.9,-0.594,1.158,0,72
R02026,Chicago,Italian,$$,16.59,19.35,0.1665,0.5,-1.151,0.999,0,72
R02027,NYC,Indian,$$$,18.13,23.11,0.275,3.1,-3.012,1.154,0,72
R02028,LA,FastFood,$,9.1,12.96,0.4232,2.5,1.746,1.344,1,53
R02029,LA,American,$$,15.95,20.67,0.2956,5.2,0.56,1.054,0,72
R02030,NYC,American,$$$,20.48,25.86,0.2627,0.9,0.667,1.896,1,31
R02031,LA,Italian,$$$,18.97,24.26,0.2791,1.5,-0.285,1.069,0,72
R02032,NYC,American,$$,15.72,18.88,0.2006,6.6,0.421,1.533,0,72
R02033,NYC,Italian,$$$,23.07,30.43,0.3188,3.4,-0.423,1.327,0,72
R02034,NYC,Mexican,$$,15.65,21.99,0.4048,4.4,0.814,1.421,0,72
R02035,LA,Mediterranean,$$$,21.11,29.16,0.3818,5.7,0.189,1.227,1,27
R02036,Chicago,Japanese,$,10.93,13.88,0.2706,0.6,-0.037,1.109,0,72
R02037,NYC,American,$$,17.32,22.55,0.3019,6.1,0.039,1.639,0,72
R02038,LA,Mexican,$$,12.99,17.98,0.3846,6.9,1.465,1.309,0,72
R02039,LA,Thai,$$,13.91,17.51,0.2587,3.8,0.167,1.359,0,72
R02040,NYC,Chinese,$$,14.51,18.86,0.3002,5.1,-1.03,1.347,0,72
R02041,LA,Japanese,$$$,23.06,28.75,0.2468,13.6,0.336,1.297,0,72
R02042,LA,Thai,$$,15.82,21.49,0.3584,12.6,0.489,1.152,0,72
R02043,Chicago,Japanese,$$$,20.96,24.68,0.1772,6.3,-0.145,1.126,0,72
R02044,Chicago,FastFood,$,11.13,14.05,0.2619,8.8,-0.052,1.014,0,72
R02045,NYC,Chinese,$$,14.96,19.92,0.3318,12.5,-1.066,1.562,0,72
R02046,NYC,Indian,$$,15.99,21.36,0.3359,10.1,0.097,1.502,0,72
R02047,LA,FastFood,$,9.29,12.12,0.3048,6.9,-1.214,1.315,0,72
R02048,NYC,American,$$$,19.71,25.88,0.3135,8.6,-0.251,1.316,0,72
R02049,NYC,Vietnamese,$$,13.82,19.33,0.3984,7.3,-0.669,1.201,1,32
R02050,Chicago,Japanese,$$$,21.56,27.59,0.28,4.9,0.983,1.126,0,72
R02051,NYC,Indian,$$,17.33,22.83,0.3177,4.4,1.55,1.704,0,72
R02052,LA,Mediterranean,$$,17.54,22.2,0.2655,11.3,-1.144,1.183,1,27
R02053,Chicago,Indian,$$$,20.47,27.37,0.3368,9.2,-0.005,1.102,1,59
R02054,NYC,FastFood,$,10.36,14.09,0.3608,1.9,-0.31,1.192,0,72
R02055,LA,American,$$,14.3,18.69,0.307,10.3,0.464,1.114,1,31
R02056,Chicago,American,$$$,24.34,32.32,0.3279,24.9,0.096,1.01,0,72
R02057,LA,Italian,$$,12.33,15.68,0.2718,4.7,-0.387,0.974,0,72
R02058,NYC,Indian,$$,16.26,20.33,0.2501,4.4,0.094,1.207,0,72
R02059,NYC,Mediterranean,$$,15.0,18.42,0.228,3.3,-0.215,1.478,0,72
R02060,Chicago,Vietnamese,$$,16.14,20.42,0.2651,8.0,1.589,0.93,0,72
R02061,NYC,Chinese,$$,13.61,18.44,0.3555,1.4,-0.794,1.391,0,72
R02062,LA,American,$$,13.87,17.78,0.2822,0.7,0.257,1.143,1,48
R02063,NYC,Indian,$$,13.82,19.49,0.4104,3.2,0.51,1.243,0,72
R02064,NYC,FastFood,$,7.47,10.33,0.3818,18.5,0.438,1.413,0,72
R02065,Chicago,Chinese,$$,12.3,15.42,0.2536,5.3,-0.298,0.998,0,72
R02066,LA,Mexican,$,11.78,14.88,0.2633,8.7,1.368,1.119,0,72
R02067,Chicago,Japanese,$$$,19.22,24.58,0.279,7.6,-2.089,0.942,0,72
R02068,NYC,Mexican,$$,13.12,17.58,0.3397,2.2,-1.094,1.415,1,36
R02069,LA,FastFood,$,9.12,11.53,0.2647,7.0,0.664,1.324,0,72
R02070,Chicago,Japanese,$$$,18.39,22.45,0.2211,1.3,-0.88,0.989,0,72
R02071,NYC,American,$,11.87,14.6,0.2302,0.5,-0.939,1.151,0,72
R02072,NYC,Chinese,$$,13.75,17.86,0.2987,1.3,-0.467,1.256,0,72
R02073,Chicago,Japanese,$$$,24.21,29.54,0.2203,5.8,-0.786,1.118,0,72
R02074,NYC,FastFood,$,9.69,12.75,0.3147,2.8,0.637,1.335,0,72
R02075,LA,Japanese,$$$,24.29,29.78,0.2256,3.8,0.904,1.187,0,72
R02076,Chicago,Mexican,$$,16.59,20.78,0.2528,3.6,0.088,1.26,1,42
R02077,NYC,Chinese,$$,15.56,19.98,0.2841,3.5,1.055,1.564,0,72
R02078,NYC,FastFood,$$,13.77,18.03,0.3096,8.2,-1.386,1.12,0,72
R02079,NYC,FastFood,$$,14.85,19.84,0.3359,5.6,0.076,1.725,0,72
R02080,NYC,Chinese,$,9.47,12.08,0.2753,20.9,1.348,1.476,0,72
R02081,NYC,American,$,10.77,14.11,0.3093,3.8,0.977,1.516,0,72
R02082,LA,Mexican,$$,12.48,16.6,0.33,6.0,1.436,1.245,0,72
R02083,NYC,American,$$,17.52,23.47,0.3397,10.3,-0.59,1.618,0,72
R02084,LA,Mexican,$$,12.33,17.44,0.4143,0.5,0.917,1.189,1,12
R02085,NYC,Thai,$$,15.89,21.35,0.3439,0.5,-0.427,1.214,1,19
R02086,NYC,FastFood,$,8.1,11.19,0.3825,6.0,0.595,1.507,0,72
R02087,NYC,Chinese,$,11.47,15.57,0.357,0.6,1.311,1.228,0,72
R02088,LA,Japanese,$$$,19.95,25.41,0.2733,2.4,-0.794,1.492,1,32
R02089,LA,Mexican,$$,12.06,15.95,0.3225,15.0,-1.856,1.149,0,72
R02090,NYC,Italian,$$$,20.95,26.16,0.2485,15.4,1.848,1.441,0,72
R02091,Chicago,Mexican,$,11.45,14.19,0.2389,0.5,0.488,0.922,0,72
R02092,LA,Chinese,$$,12.34,16.56,0.3419,3.5,-0.107,1.25,0,72
R02093,NYC,FastFood,$,9.42,12.79,0.3584,4.7,-0.162,1.531,0,72
R02094,Chicago,Mexican,$$,12.06,16.43,0.3625,12.2,-2.096,0.922,0,72
R02095,NYC,Mediterranean,$$$,20.78,27.76,0.3358,11.1,0.209,1.531,0,72
R02096,NYC,Mexican,$,10.59,13.86,0.3087,4.2,-0.531,1.462,0,72
R02097,LA,American,$$,13.04,17.24,0.3223,3.8,0.052,1.186,0,72
R02098,NYC,Japanese,$$$,23.24,26.54,0.142,2.9,0.03,1.325,1,32
R02099,NYC,FastFood,$,9.14,13.31,0.4565,6.7,-3.378,1.914,0,72
R02100,LA,Chinese,$,11.13,13.72,0.2331,3.0,0.49,1.383,0,72
R02101,NYC,Chinese,$$,16.56,22.26,0.3448,0.7,0.189,1.582,1,52
R02102,Chicago,Indian,$$$,20.5,26.07,0.2714,3.9,0.323,1.145,0,72
R02103,Chicago,Indian,$$,12.95,16.92,0.3062,2.4,-0.183,1.037,0,72
R02104,LA,Vietnamese,$$,15.03,19.44,0.2936,14.8,0.049,1.151,0,72
R02105,LA,Mexican,$,8.14,9.87,0.2127,2.7,0.173,0.874,0,72
R02106,LA,Chinese,$$,15.78,20.25,0.2836,0.9,0.274,1.037,0,72
R02107,Chicago,Thai,$,12.0,14.98,0.249,19.2,0.476,1.297,0,72
R02108,NYC,American,$$$,19.07,22.46,0.1775,14.2,0.283,1.667,0,72
R02109,NYC,American,$$,13.46,17.26,0.2823,2.7,1.85,1.486,0,72
R02110,LA,Italian,$$,17.78,20.91,0.1762,2.0,-0.726,0.993,0,72
R02111,LA,Chinese,$,11.24,14.97,0.3325,3.0,-0.375,1.295,1,38
R02112,NYC,FastFood,$,8.18,11.02,0.3477,9.3,1.693,1.402,0,72
R02113,LA,Indian,$$$,20.16,27.78,0.3781,9.2,-0.155,1.305,0,72
R02114,NYC,Mexican,$$,12.26,16.27,0.3272,0.5,0.932,1.269,0,72
R02115,Chicago,FastFood,$$,12.43,16.55,0.3315,7.4,0.136,0.943,0,72
R02116,NYC,American,$$,14.93,18.95,0.2693,0.5,-0.228,1.612,0,72
R02117,NYC,Italian,$$$,23.54,27.52,0.1688,3.2,0.986,1.827,0,72
R02118,NYC,Japanese,$$,16.42,20.68,0.2598,1.5,0.518,1.34,1,50
R02119,NYC,Indian,$$,13.77,18.42,0.3377,1.2,-1.534,1.286,1,52
R02120,NYC,Italian,$$,16.34,20.92,0.2801,4.9,0.173,1.639,1,31
R02121,NYC,American,$$$,21.1,26.7,0.2653,9.2,-0.995,1.247,0,72
R02122,NYC,Indian,$$,14.99,18.4,0.2272,3.5,1.271,1.257,0,72
R02123,NYC,Chinese,$,8.93,12.07,0.3522,8.3,1.754,1.497,0,72
R02124,NYC,FastFood,$,6.71,9.27,0.381,4.6,1.874,1.862,0,72
R02125,NYC,Italian,$$,15.0,19.38,0.2922,5.4,0.358,1.31,0,72
R02126,NYC,Japanese,$$$$,26.03,32.7,0.2563,2.1,-0.462,1.387,0,72
R02127,NYC,Vietnamese,$$,13.29,16.56,0.2458,15.5,0.322,1.469,0,72
R02128,NYC,American,$$,15.16,19.81,0.3067,15.2,-0.94,1.37,0,72
R02129,NYC,Japanese,$$$,19.93,25.3,0.2695,4.3,2.345,1.173,0,72
R02130,NYC,Vietnamese,$$,13.08,18.31,0.3996,3.9,1.194,1.596,1,16
R02131,LA,Mediterranean,$$,13.87,17.64,0.2714,0.5,0.305,1.227,0,72
R02132,Chicago,Thai,$$,15.2,19.12,0.2577,2.5,0.997,1.045,0,72
R02133,Chicago,Thai,$$,14.97,19.18,0.2809,12.9,-0.492,0.983,0,72
R02134,LA,Chinese,$$,12.37,15.72,0.2702,11.5,-1.108,1.439,0,72
R02135,LA,Japanese,$$$,23.63,28.78,0.2177,3.2,-2.213,1.13,0,72
R02136,NYC,American,$$,16.3,20.78,0.2751,0.5,0.083,1.274,0,72
R02137,LA,Mexican,$$,13.67,17.42,0.274,14.8,-0.208,1.465,0,72
R02138,LA,Indian,$,11.4,14.47,0.2685,1.7,0.519,0.922,0,72
R02139,Chicago,Italian,$$$,20.11,26.08,0.297,1.2,0.013,0.982,1,42
R02140,Chicago,Italian,$$$,21.65,27.11,0.2521,19.9,0.474,0.991,1,40
R02141,NYC,Chinese,$$,13.77,18.39,0.3354,4.0,0.811,1.43,0,72
R02142,LA,Italian,$$$,20.06,26.23,0.3076,10.0,-1.46,0.996,0,72
R02143,Chicago,Italian,$$,17.65,20.45,0.1588,10.2,0.869,0.867,0,72
R02144,NYC,American,$$$,18.78,26.38,0.4045,14.0,-0.407,1.627,0,72
R02145,Chicago,American,$$,16.19,19.54,0.207,1.2,0.518,1.181,0,72
R02146,NYC,Chinese,$,10.57,15.02,0.4202,2.9,1.022,1.379,0,72
R02147,Chicago,Chinese,$$,15.07,20.64,0.37,0.5,1.029,0.894,0,72
R02148,LA,Thai,$,10.43,12.54,0.2023,5.9,0.129,0.969,0,72
R02149,NYC,Mexican,$$,13.15,18.59,0.4134,22.0,0.178,1.623,0,72
R02150,LA,American,$$,14.93,18.6,0.2458,5.6,0.892,1.353,0,72
R02151,NYC,American,$$,14.76,18.47,0.2516,5.9,-1.501,1.035,1,26
R02152,LA,American,$$,16.5,21.23,0.2862,9.2,-0.952,0.897,0,72
R02153,LA,Mediterranean,$$,14.96,18.25,0.2196,4.4,-0.279,1.22,0,72
R02154,LA,American,$$,17.55,22.55,0.2851,3.5,-1.333,1.239,0,72
R02155,Chicago,FastFood,$,8.59,10.85,0.263,4.8,-0.272,0.944,0,72
R02156,NYC,Mediterranean,$$,15.21,19.76,0.2989,1.9,-0.326,1.444,1,6
R02157,NYC,Chinese,$$,16.54,22.94,0.3868,2.0,0.087,1.408,0,72
R02158,NYC,Chinese,$$,13.49,18.07,0.3393,3.3,-0.057,1.455,0,72
R02159,NYC,Italian,$$$,20.16,24.84,0.232,3.9,1.069,1.301,0,72
R02160,NYC,Japanese,$$$$,28.39,36.82,0.2971,8.5,0.573,1.448,0,72
R02161,NYC,American,$$$,20.59,24.9,0.2097,4.1,-0.071,1.337,0,72
R02162,NYC,Chinese,$$,14.43,18.44,0.2781,14.2,-0.333,1.324,0,72
R02163,NYC,Chinese,$$,12.31,15.99,0.2985,6.3,-0.048,1.159,0,72
R02164,Chicago,Italian,$$,13.92,17.25,0.2393,10.3,-0.03,0.979,0,72
R02165,NYC,Vietnamese,$,11.94,16.12,0.3503,1.7,2.519,1.597,0,72
R02166,Chicago,Vietnamese,$$,14.0,18.3,0.3068,5.7,-1.458,0.962,0,72
R02167,NYC,FastFood,$,9.06,12.31,0.3586,20.9,-0.926,1.39,0,72
R02168,NYC,Chinese,$,6.99,8.96,0.2806,0.5,-1.073,1.686,0,72
R02169,LA,Japanese,$$$$,25.73,34.08,0.3244,4.6,0.269,1.357,1,42
R02170,NYC,FastFood,$,10.05,13.32,0.3251,3.3,0.23,1.786,0,72
R02171,NYC,Vietnamese,$,10.89,14.72,0.351,0.5,-0.573,1.901,0,72
R02172,LA,American,$$$,19.12,23.98,0.2544,0.6,0.896,1.209,1,40
R02173,NYC,American,$$,17.91,23.44,0.3081,5.2,0.37,1.262,1,57
R02174,NYC,Mexican,$,11.05,14.47,0.3097,7.5,0.938,1.362,0,72
R02175,LA,Mediterranean,$$$,21.37,28.27,0.3226,14.3,1.203,1.285,0,72
R02176,NYC,American,$$,12.74,17.18,0.3489,9.9,-2.131,1.724,1,41
R02177,Chicago,American,$$,15.84,20.26,0.2796,19.7,0.686,0.882,0,72
R02178,NYC,American,$$,15.55,20.03,0.2879,0.5,-1.29,1.495,0,72
R02179,Chicago,Japanese,$$$,18.96,22.72,0.1982,21.1,0.249,0.909,0,72
R02180,LA,Chinese,$$,13.73,19.79,0.4411,5.8,-0.073,1.179,1,20
R02181,Chicago,Indian,$$$,18.36,22.04,0.2004,5.4,-0.03,0.981,0,72
R02182,Chicago,American,$$$,20.03,25.52,0.2741,2.6,-1.205,1.047,0,72
R02183,NYC,Mexican,$$,14.24,19.32,0.3566,7.0,1.03,1.85,0,72
R02184,LA,Japanese,$$,16.21,20.21,0.2469,18.1,-1.29,1.27,0,72
R02185,NYC,FastFood,$,6.68,9.15,0.3693,6.3,0.751,1.377,0,72
R02186,Chicago,Italian,$$$,18.55,21.78,0.1745,1.8,-1.432,0.931,0,72
R02187,LA,Japanese,$$$,21.86,27.8,0.2714,6.3,-0.018,1.173,0,72
R02188,NYC,American,$$,14.63,18.96,0.2958,4.4,1.804,1.306,0,72
R02189,Chicago,Thai,$$$,19.73,27.5,0.3939,2.3,2.362,1.017,0,72
R02190,NYC,Vietnamese,$,11.72,16.22,0.3835,4.8,-1.619,1.086,0,72
R02191,LA,Mediterranean,$$$,18.74,24.29,0.2958,3.3,-0.705,1.17,0,72
R02192,LA,Mexican,$$,14.93,20.14,0.3488,1.8,-0.523,1.181,0,72
R02193,NYC,FastFood,$,8.58,12.46,0.452,0.5,2.255,1.261,0,72
R02194,LA,Mediterranean,$$$$,27.1,33.1,0.2215,1.0,-0.068,1.146,0,72
R02195,Chicago,American,$$,13.51,16.49,0.2209,11.8,1.075,1.144,0,72
R02196,NYC,American,$$,14.35,17.0,0.1846,3.4,0.3,1.673,0,72
R02197,LA,Chinese,$,10.97,14.57,0.3279,2.1,-1.199,1.126,1,43
R02198,NYC,Japanese,$$$$,29.15,38.25,0.3124,4.7,-1.86,1.544,0,72
R02199,LA,Chinese,$$,15.02,18.78,0.2502,6.8,-0.613,1.003,0,72
R02200,NYC,Mexican,$,11.33,16.0,0.4118,6.0,2.317,1.399,0,72
R02201,Chicago,FastFood,$,7.28,9.27,0.2741,2.0,0.258,1.028,0,72
R02202,Chicago,Chinese,$$,16.68,20.9,0.2529,29.7,1.054,1.201,0,72
R02203,NYC,American,$$,17.08,21.96,0.286,2.0,-1.418,1.673,0,72
R02204,NYC,Italian,$$$,23.2,30.85,0.3297,2.2,-0.325,1.487,0,72
R02205,LA,Italian,$$,17.81,21.14,0.1871,3.2,0.779,1.076,0,72
R02206,LA,Japanese,$$$,24.12,30.5,0.2646,13.9,-1.091,1.412,0,72
R02207,NYC,Italian,$$$,19.0,24.49,0.2887,5.0,-0.064,1.392,0,72
R02208,NYC,American,$$,14.3,18.71,0.3084,1.3,-0.88,1.53,0,72
R02209,NYC,FastFood,$,8.28,11.51,0.3903,2.9,0.826,1.429,0,72
R02210,Chicago,Japanese,$$,17.78,22.36,0.2581,1.5,0.399,1.27,0,72
R02211,LA,FastFood,$,9.29,12.19,0.3123,3.3,0.683,1.115,0,72
R02212,Chicago,Vietnamese,$$,13.19,17.99,0.3644,2.9,0.871,1.116,1,24
R02213,LA,American,$$$,19.12,23.99,0.2544,0.5,-0.228,1.188,0,72
R02214,Chicago,Chinese,$$,14.66,18.44,0.2578,2.2,1.003,1.071,0,72
R02215,NYC,Mexican,$$,12.21,17.19,0.4074,6.8,-0.59,1.761,0,72
R02216,NYC,Mediterranean,$$$,22.48,28.29,0.2585,11.7,0.626,1.14,0,72
R02217,Chicago,American,$$$,18.79,23.41,0.246,2.7,-1.971,0.992,1,39
R02218,Chicago,Japanese,$$$$,28.25,33.44,0.1839,3.4,-0.746,0.898,0,72
R02219,NYC,Thai,$$$,18.18,26.1,0.436,10.5,2.316,1.53,0,72
R02220,NYC,Italian,$$,17.6,24.03,0.3654,7.3,0.611,1.575,0,72
R02221,LA,Thai,$$,15.01,19.28,0.2845,16.0,0.611,1.134,0,72
R02222,NYC,Italian,$$$,20.69,26.4,0.276,3.4,-0.824,1.362,0,72
R02223,NYC,FastFood,$,6.91,9.4,0.3603,0.8,-1.094,1.486,0,72
R02224,Chicago,Chinese,$,10.61,13.29,0.2526,0.9,-0.264,0.858,0,72
R02225,NYC,Mexican,$,9.89,13.32,0.346,3.0,-0.067,1.509,0,72
R02226,LA,Vietnamese,$,11.28,14.75,0.308,9.3,1.914,1.088,0,72
R02227,NYC,Chinese,$$,12.24,15.23,0.244,10.2,1.019,1.583,0,72
R02228,NYC,FastFood,$,6.56,9.01,0.3732,2.0,0.109,1.238,1,26
R02229,LA,Vietnamese,$,11.81,15.45,0.3079,1.4,0.066,1.121,0,72
R02230,NYC,Chinese,$$,12.78,17.07,0.3356,11.6,0.758,1.325,0,72
R02231,LA,Chinese,$$,16.08,20.85,0.2961,7.1,-1.319,1.158,1,53
R02232,NYC,FastFood,$$,12.21,16.39,0.342,0.7,-1.921,1.71,1,41
R02233,Chicago,American,$$,17.37,22.13,0.2737,3.3,0.743,1.107,0,72
R02234,LA,Mediterranean,$$,15.0,19.45,0.2967,5.7,0.072,1.133,0,72
R02235,Chicago,Mexican,$$,14.04,19.1,0.3598,12.2,-1.312,0.944,0,72
R02236,NYC,FastFood,$,8.51,11.79,0.3847,0.8,-2.095,1.613,0,72
R02237,NYC,American,$$,15.32,19.46,0.2701,12.0,0.894,1.261,0,72
R02238,NYC,Vietnamese,$,9.85,13.4,0.3608,1.1,-0.522,1.454,1,25
R02239,LA,Italian,$$,16.56,18.73,0.131,2.2,0.4,1.116,0,72
R02240,NYC,Mexican,$$,12.11,17.5,0.4452,9.0,-0.264,1.42,0,72
R02241,NYC,FastFood,$,9.82,13.5,0.3737,22.1,-0.034,1.598,0,72
R02242,NYC,FastFood,$,9.32,13.69,0.4692,0.5,-0.592,1.338,0,72
R02243,NYC,Italian,$$$$,25.0,30.17,0.2065,17.8,-0.077,1.63,0,72
R02244,NYC,FastFood,$,9.6,12.52,0.3041,2.0,0.577,1.888,0,72
R02245,NYC,Chinese,$$,14.03,18.78,0.3383,6.1,-0.276,1.559,0,72
R02246,NYC,Chinese,$$,12.3,16.46,0.3381,2.9,-0.333,1.435,0,72
R02247,LA,Mexican,$,10.37,13.86,0.3369,5.7,0.608,1.379,0,72
R02248,NYC,Japanese,$$$,19.86,25.4,0.2793,6.6,0.674,1.269,0,72
R02249,NYC,Mexican,$,11.02,14.42,0.3086,8.4,-1.137,1.74,0,72
R02250,LA,Japanese,$$,13.87,16.31,0.1757,0.5,-0.029,1.096,0,72
R02251,LA,Mexican,$,10.42,13.91,0.3342,5.9,-0.524,1.557,0,72
R02252,NYC,Indian,$$$,19.35,23.91,0.2359,2.7,0.014,1.33,0,72
R02253,LA,Thai,$$,14.96,18.27,0.2211,3.9,1.434,1.299,0,72
R02254,Chicago,Vietnamese,$,10.75,13.55,0.261,17.2,0.359,0.829,0,72
R02255,LA,Chinese,$$,13.97,18.46,0.3215,8.3,2.164,1.17,0,72
R02256,Chicago,Indian,$,10.2,13.77,0.3494,3.3,0.22,0.878,0,72
R02257,LA,Chinese,$$,13.68,18.45,0.349,5.4,-0.166,1.009,1,26
R02258,NYC,Indian,$$$,18.25,25.03,0.3717,11.0,-0.02,1.676,0,72
R02259,NYC,American,$$,15.65,20.55,0.3127,14.0,0.143,1.251,0,72
R02260,LA,Italian,$$,13.08,16.33,0.2483,2.7,0.323,1.099,1,29
R02261,Chicago,Mexican,$,11.6,16.42,0.4153,0.6,-0.992,0.903,1,36
R02262,LA,Thai,$$,17.63,21.57,0.2239,6.9,-0.233,1.376,0,72
R02263,NYC,FastFood,$,8.91,11.93,0.3393,3.1,-0.724,1.638,0,72
R02264,LA,Vietnamese,$,8.91,11.52,0.2932,0.8,1.03,1.398,0,72
R02265,NYC,FastFood,$$,13.02,18.28,0.4047,6.0,-1.926,1.319,1,20
R02266,LA,FastFood,$,6.78,8.76,0.2911,1.2,0.157,1.411,0,72
R02267,LA,Chinese,$$,12.44,16.65,0.3382,1.1,-1.518,1.091,0,72
R02268,LA,Indian,$$,12.03,15.75,0.309,9.6,0.432,1.096,0,72
R02269,Chicago,Italian,$$,14.94,18.53,0.2407,4.8,-0.399,0.92,0,72
R02270,LA,Japanese,$$$,20.28,26.16,0.2898,4.2,-1.817,1.108,0,72
R02271,LA,Chinese,$$,14.58,20.07,0.3769,1.7,0.942,1.187,0,72
R02272,LA,FastFood,$,10.72,14.34,0.3375,7.1,-2.516,1.085,0,72
R02273,Chicago,Indian,$$,13.53,17.27,0.2765,4.6,-0.031,1.028,0,72
R02274,Chicago,Chinese,$,10.84,13.37,0.2332,4.7,0.691,0.731,0,72
R02275,NYC,Italian,$$$,19.62,23.58,0.2018,1.5,1.377,1.49,0,72
R02276,LA,Japanese,$$$,24.11,32.26,0.3382,20.5,-1.61,1.053,0,72
R02277,NYC,Indian,$$,15.14,19.07,0.2594,7.1,-0.516,1.338,0,72
R02278,Chicago,FastFood,$,8.93,11.99,0.3421,1.5,1.084,0.925,0,72
R02279,LA,Italian,$$,17.64,22.16,0.2566,3.4,1.151,1.344,0,72
R02280,NYC,Japanese,$$$,22.39,29.75,0.3287,13.2,1.281,1.541,0,72
R02281,NYC,American,$$,15.49,18.54,0.1971,13.9,2.562,1.421,0,72
R02282,NYC,Japanese,$$$$,26.67,35.06,0.3146,4.2,-0.509,1.331,0,72
R02283,LA,American,$$$,23.9,30.04,0.2571,21.5,0.372,1.318,0,72
R02284,NYC,Mexican,$$,12.91,16.91,0.31,5.5,-0.346,1.798,1,31
R02285,NYC,Chinese,$$,12.98,16.98,0.3075,3.2,-1.975,1.445,0,72
R02286,Chicago,Japanese,$$$,23.04,29.3,0.2718,1.4,-0.09,0.825,0,72
R02287,LA,FastFood,$,7.55,10.39,0.3766,3.8,-1.994,1.103,0,72
R02288,NYC,Italian,$$$,20.66,25.69,0.2436,17.3,-0.521,1.551,0,72
R02289,NYC,Chinese,$$,14.07,17.78,0.263,14.2,-1.468,1.375,0,72
R02290,Chicago,Indian,$$,13.44,16.09,0.1966,13.8,0.439,0.902,0,72
R02291,LA,FastFood,$,10.0,13.77,0.3777,1.4,-0.779,1.077,0,72
R02292,LA,Japanese,$$$,22.08,26.18,0.1861,6.9,-1.785,1.213,0,72
R02293,NYC,Mexican,$,10.5,14.0,0.3341,12.7,0.866,1.206,0,72
R02294,NYC,Vietnamese,$$,12.25,17.94,0.4641,14.7,-0.604,1.444,0,72
R02295,NYC,Japanese,$$$,22.96,29.69,0.293,4.6,-0.432,1.465,1,26
R02296,LA,Vietnamese,$$,13.67,18.42,0.3471,6.5,-0.978,1.137,0,72
R02297,NYC,Italian,$$$,20.91,25.02,0.1969,0.5,1.149,1.279,1,35
R02298,NYC,Mexican,$$,12.26,15.67,0.2786,11.3,0.271,1.638,0,72
R02299,LA,Italian,$$,16.53,20.99,0.2698,9.2,-0.613,1.023,0,72
R02300,Chicago,Indian,$$,14.5,17.93,0.2359,10.8,-1.914,1.021,0,72
R02301,LA,Japanese,$$$,23.49,30.74,0.3087,0.7,2.511,1.31,0,72
R02302,LA,Chinese,$$,14.18,18.54,0.3072,21.5,1.979,1.223,0,72
R02303,LA,Japanese,$$$,23.23,33.16,0.4278,2.0,1.443,1.391,1,50
R02304,NYC,Indian,$$,14.27,18.21,0.2764,3.5,-0.703,1.265,1,49
R02305,NYC,Mexican,$$,14.96,20.33,0.3595,5.5,-0.501,1.319,0,72
R02306,LA,Vietnamese,$,10.19,12.94,0.2703,7.1,0.401,1.135,0,72
R02307,NYC,Vietnamese,$$,17.97,24.92,0.3866,6.1,-0.894,2.152,0,72
R02308,LA,Italian,$$$,20.65,25.96,0.257,2.3,-0.989,1.275,0,72
R02309,Chicago,FastFood,$,6.94,8.79,0.2669,12.0,1.459,1.087,0,72
R02310,Chicago,Mediterranean,$$,17.58,21.6,0.2291,1.7,-0.055,1.082,0,72
R02311,NYC,Italian,$$$,20.69,27.38,0.3236,1.1,-1.12,1.464,0,72
R02312,NYC,Mexican,$,11.74,16.52,0.4076,4.3,0.953,1.645,0,72
R02313,NYC,Italian,$$,13.75,16.29,0.1843,0.9,-0.574,1.159,0,72
R02314,NYC,Chinese,$,10.78,14.04,0.3017,20.7,-1.979,1.499,0,72
R02315,NYC,American,$$,17.64,24.27,0.3761,7.3,-1.135,1.526,0,72
R02316,NYC,FastFood,$,6.2,8.41,0.3566,2.2,-0.516,1.639,0,72
R02317,LA,Mediterranean,$$,13.1,16.82,0.2842,2.4,0.22,1.045,0,72
R02318,LA,Italian,$$$,19.83,25.5,0.2863,11.0,0.172,1.054,0,72
R02319,Chicago,Japanese,$$$,21.14,24.48,0.1584,2.3,1.228,0.885,0,72
R02320,NYC,Mexican,$,11.03,14.32,0.298,4.7,-0.237,1.544,0,72
R02321,NYC,American,$$,14.64,18.57,0.2688,12.4,-0.466,1.546,1,49
R02322,NYC,Mexican,$,9.59,13.48,0.4052,4.3,1.245,1.294,0,72
R02323,NYC,FastFood,$,9.27,13.13,0.416,4.4,0.979,1.824,0,72
R02324,NYC,Mediterranean,$$,14.7,19.57,0.331,2.2,-0.213,1.501,0,72
R02325,Chicago,Chinese,$,11.8,14.97,0.268,5.4,0.292,1.015,0,72
R02326,NYC,Vietnamese,$$,12.24,17.03,0.3915,5.4,-0.475,1.414,0,72
R02327,NYC,American,$$,15.28,19.52,0.2774,23.7,-1.162,1.621,0,72
R02328,LA,Thai,$$,12.33,16.33,0.3239,9.0,2.197,1.257,1,15
R02329,LA,Japanese,$$,15.38,20.0,0.3006,7.7,-0.542,1.505,0,72
R02330,LA,Chinese,$$,13.89,19.3,0.3898,0.5,0.295,1.037,1,28
R02331,NYC,American,$$,16.23,20.81,0.2822,7.3,-1.515,1.205,0,72
R02332,Chicago,Mexican,$,11.39,14.54,0.2769,1.4,0.736,0.915,0,72
R02333,NYC,American,$$,13.27,17.92,0.3498,6.1,-1.206,1.55,0,72
R02334,NYC,Chinese,$$,13.03,18.16,0.3936,0.5,1.678,1.377,0,72
R02335,LA,Vietnamese,$$,12.54,16.15,0.2878,0.8,1.797,1.398,0,72
R02336,Chicago,Thai,$$,14.25,17.24,0.2097,13.2,0.566,0.954,1,38
R02337,NYC,Mexican,$$,16.79,23.6,0.406,4.0,0.115,1.651,0,72
R02338,LA,Japanese,$$$,24.98,29.29,0.1729,4.6,-0.187,1.086,0,72
R02339,NYC,Indian,$$,14.22,17.36,0.2204,11.9,-0.048,1.671,0,72
R02340,NYC,Chinese,$$,14.85,19.47,0.3116,10.3,0.409,1.709,0,72
R02341,NYC,American,$$,16.14,20.74,0.2851,6.5,0.09,1.355,0,72
R02342,LA,Vietnamese,$,11.59,14.57,0.257,3.1,0.982,1.273,0,72
R02343,NYC,Italian,$$$,22.73,28.67,0.2611,5.9,-0.918,1.497,0,72
R02344,LA,Thai,$,11.91,15.52,0.3033,9.7,1.528,1.277,0,72
R02345,NYC,American,$$,16.07,20.18,0.256,16.9,-0.423,1.692,0,72
R02346,Chicago,American,$$$,19.82,26.39,0.3317,8.0,-0.746,1.124,0,72
R02347,Chicago,Chinese,$$,13.74,17.75,0.2915,0.5,0.363,1.064,0,72
R02348,NYC,Mexican,$,11.7,16.33,0.3964,14.4,0.427,1.57,0,72
R02349,NYC,Mexican,$,9.19,11.65,0.2672,0.5,-1.737,1.245,0,72
R02350,NYC,Mediterranean,$,11.3,13.75,0.2168,10.5,-0.481,1.443,0,72
R02351,Chicago,Mediterranean,$$$,24.7,31.2,0.263,4.8,-2.172,0.876,0,72
R02352,NYC,Thai,$$,14.8,20.76,0.4027,8.1,-0.676,1.447,1,45
R02353,LA,Chinese,$,11.7,14.62,0.2495,0.9,-0.633,1.372,0,72
R02354,NYC,American,$$,17.04,21.93,0.2872,4.5,0.297,1.449,0,72
R02355,LA,Thai,$,11.8,14.5,0.2282,4.1,-0.788,0.888,0,72
R02356,LA,Vietnamese,$,10.83,13.8,0.2741,3.3,-0.551,1.058,0,72
R02357,LA,Mexican,$,10.55,14.03,0.3297,3.6,1.304,1.287,0,72
R02358,Chicago,Mediterranean,$$,13.18,16.02,0.2154,9.4,2.064,0.937,0,72
R02359,NYC,Chinese,$,8.9,11.17,0.2547,8.2,-0.921,1.593,1,36
R02360,Chicago,Chinese,$,9.75,11.74,0.2036,2.1,1.019,0.865,0,72
R02361,NYC,Mediterranean,$$$,20.43,24.43,0.1957,3.1,0.388,1.518,0,72
R02362,LA,Japanese,$$$,18.42,23.46,0.2738,4.8,-1.739,1.264,1,38
R02363,Chicago,Italian,$$$,19.82,24.38,0.2299,2.8,-0.791,1.099,0,72
R02364,LA,American,$$$,19.01,24.51,0.2896,28.1,-3.028,1.109,0,72
R02365,LA,FastFood,$,8.53,11.04,0.2945,1.8,0.324,1.318,0,72
R02366,NYC,Mexican,$,11.85,16.47,0.3903,3.1,-1.077,1.737,1,34
R02367,NYC,Indian,$$,14.85,19.83,0.3353,10.7,0.134,1.104,0,72
R02368,NYC,Italian,$$,16.7,20.88,0.2504,26.1,2.571,1.459,0,72
R02369,LA,Mexican,$$,15.52,20.37,0.3122,3.3,1.593,0.966,0,72
R02370,LA,Japanese,$$$$,30.84,37.55,0.2175,4.1,-0.767,1.082,0,72
R02371,NYC,American,$$$,20.77,26.79,0.2896,11.3,-1.009,1.321,0,72
R02372,NYC,Chinese,$,8.83,12.36,0.4009,0.5,1.293,1.438,0,72
R02373,NYC,Japanese,$$$,20.34,26.98,0.3269,1.2,-1.005,1.517,1,23
R02374,NYC,American,$$,16.01,20.29,0.2672,11.2,0.991,1.616,0,72
R02375,NYC,American,$$,17.39,22.73,0.3069,1.7,2.736,1.497,0,72
R02376,Chicago,Indian,$,10.63,12.7,0.1949,4.5,0.675,1.084,0,72
R02377,LA,Thai,$,10.23,13.57,0.3265,23.9,1.184,1.054,0,72
R02378,NYC,Japanese,$$$$,27.83,34.19,0.2285,1.3,1.068,1.646,0,72
R02379,LA,Japanese,$$$,19.89,25.55,0.2845,2.2,-0.557,0.808,1,45
R02380,Chicago,American,$$,12.24,16.87,0.3785,20.9,0.29,1.201,0,72
R02381,NYC,American,$$,13.12,16.42,0.2515,14.7,-0.956,1.704,0,72
R02382,NYC,Mexican,$$,13.41,19.93,0.4861,3.4,1.29,1.587,0,72
R02383,NYC,Italian,$$,15.52,19.78,0.2745,3.6,-1.085,1.895,0,72
R02384,NYC,Chinese,$$,13.58,17.41,0.2825,1.1,0.701,1.168,0,72
R02385,LA,Italian,$$,15.09,17.96,0.1902,8.8,1.132,1.318,0,72
R02386,Chicago,FastFood,$,6.21,8.87,0.4282,0.5,-0.492,1.016,0,72
R02387,NYC,American,$$$,20.68,26.98,0.3046,18.7,-0.721,1.493,0,72
R02388,LA,Japanese,$$$,23.63,28.87,0.2217,3.2,-0.17,1.044,0,72
R02389,NYC,American,$$,15.07,19.13,0.2698,0.5,-0.892,1.52,0,72
R02390,LA,Vietnamese,$,10.47,13.94,0.3315,7.7,0.156,1.251,0,72
R02391,LA,Japanese,$$$$,28.64,35.78,0.2496,9.8,-0.917,1.105,0,72
R02392,NYC,Japanese,$$$,24.47,31.5,0.2873,3.3,-0.845,1.438,0,72
R02393,NYC,Indian,$$,17.82,24.75,0.3887,6.4,0.547,1.238,0,72
R02394,LA,Mexican,$,11.25,14.22,0.2636,4.8,0.618,1.144,0,72
R02395,Chicago,American,$$,16.15,20.38,0.2622,12.2,-0.294,1.122,0,72
R02396,NYC,American,$$,17.2,21.95,0.2764,4.0,-1.646,1.631,0,72
R02397,NYC,Indian,$$,13.13,16.75,0.275,18.1,1.171,1.59,0,72
R02398,NYC,FastFood,$,8.36,11.81,0.4136,9.4,-0.448,1.627,0,72
R02399,LA,Thai,$$,12.6,15.34,0.2169,5.3,2.062,1.349,0,72
R02400,LA,American,$$,17.19,19.63,0.1417,1.9,-0.132,1.111,0,72
R02401,LA,Chinese,$,10.25,13.44,0.3112,1.5,0.136,1.25,0,72
R02402,LA,American,$$,17.74,22.22,0.2531,11.5,-0.432,1.367,0,72
R02403,Chicago,Thai,$$,14.81,17.65,0.1924,1.6,0.243,0.847,0,72
R02404,Chicago,FastFood,$,8.19,10.03,0.2245,4.0,3.477,0.847,0,72
R02405,NYC,Thai,$$,15.18,21.35,0.4065,2.2,-0.349,1.22,1,34
R02406,LA,Chinese,$$,12.17,16.11,0.3232,3.3,1.276,0.969,0,72
R02407,NYC,Indian,$$,12.85,16.72,0.301,0.5,0.091,1.278,0,72
R02408,NYC,Mediterranean,$$$,18.75,26.24,0.3998,1.5,1.174,1.361,0,72
R02409,Chicago,Vietnamese,$$,12.78,17.01,0.3311,6.5,-1.932,1.199,0,72
R02410,LA,Vietnamese,$,10.5,14.68,0.3985,8.2,1.945,1.139,0,72
R02411,Chicago,American,$$,14.38,16.84,0.171,13.5,0.341,0.834,0,72
R02412,NYC,American,$$,15.48,18.87,0.2191,1.7,-0.268,1.479,0,72
R02413,LA,Italian,$$,16.3,20.55,0.2609,0.6,0.903,1.173,0,72
R02414,LA,Mexican,$$,16.45,22.05,0.3407,1.2,0.144,1.092,1,61
R02415,NYC,Thai,$$,14.82,20.34,0.3725,4.2,-1.148,1.351,0,72
R02416,NYC,FastFood,$,8.52,10.9,0.2785,1.2,-2.423,1.648,0,72
R02417,LA,Mediterranean,$$,14.37,18.76,0.3052,3.8,1.826,1.013,0,72
R02418,NYC,Italian,$$$,20.56,26.72,0.2995,9.8,-0.223,1.187,1,22
R02419,Chicago,Mexican,$,11.2,14.97,0.3368,11.7,-0.613,1.058,0,72
R02420,NYC,Italian,$$,16.0,19.68,0.2297,6.4,-0.535,1.347,0,72
R02421,NYC,Thai,$$,16.09,21.49,0.3359,4.5,1.464,1.747,0,72
R02422,LA,Vietnamese,$$,12.33,15.67,0.2712,4.1,-0.49,1.178,0,72
R02423,NYC,FastFood,$,5.42,7.29,0.3454,5.2,0.644,1.433,0,72
R02424,Chicago,Italian,$$,17.5,20.08,0.1479,3.8,-0.335,1.099,0,72
R02425,LA,American,$$,16.37,20.0,0.2221,0.5,-1.255,0.982,0,72
R02426,NYC,Thai,$$,13.17,17.09,0.298,3.7,0.901,1.51,1,32
R02427,LA,Chinese,$$,13.38,17.07,0.2755,1.9,1.103,1.148,0,72
R02428,LA,FastFood,$,6.14,7.99,0.3021,0.5,-0.679,1.357,1,35
R02429,LA,American,$,9.61,11.49,0.195,1.6,-0.038,1.11,1,41
R02430,Chicago,Mexican,$,10.49,14.56,0.3881,5.7,0.097,1.021,0,72
R02431,LA,Mexican,$$,13.15,17.03,0.295,0.5,0.445,1.149,0,72
R02432,LA,Mediterranean,$,9.51,12.24,0.2865,0.6,1.971,1.261,0,72
R02433,NYC,Vietnamese,$,9.88,12.27,0.2421,2.2,-0.324,1.407,0,72
R02434,LA,Indian,$,10.26,13.83,0.3479,5.0,-0.33,1.238,0,72
R02435,Chicago,Thai,$$,13.4,17.0,0.2684,4.8,-0.175,1.234,0,72
R02436,LA,Japanese,$$$$,31.3,38.42,0.2278,4.3,-0.942,1.16,1,46
R02437,LA,Thai,$$,13.46,17.07,0.2682,5.9,-1.722,1.259,0,72
R02438,NYC,FastFood,$,8.34,11.7,0.4035,0.5,0.134,1.908,0,72
R02439,LA,Chinese,$$,15.12,17.42,0.1523,0.7,0.527,1.257,0,72
R02440,Chicago,Indian,$$,14.56,17.59,0.2088,14.2,0.002,0.747,0,72
R02441,NYC,Italian,$$,17.32,21.54,0.244,1.9,-0.063,1.339,0,72
R02442,NYC,Italian,$$$,21.27,26.45,0.2435,8.2,-0.899,1.255,0,72
R02443,LA,Japanese,$$$,23.95,32.94,0.3753,0.5,0.252,1.34,0,72
R02444,LA,Mediterranean,$$,17.91,22.44,0.2531,3.1,0.17,1.187,0,72
R02445,LA,Mexican,$$,12.19,16.7,0.3695,3.7,0.475,1.363,1,38
R02446,NYC,Japanese,$$$,20.67,28.13,0.3606,6.0,0.324,1.56,0,72
R02447,NYC,Vietnamese,$$,13.56,18.5,0.3635,11.9,0.394,1.56,1,37
R02448,LA,Mexican,$,11.77,15.13,0.2863,3.1,1.319,1.036,0,72
R02449,LA,Thai,$$,17.47,21.42,0.2258,1.0,0.572,1.275,0,72
R02450,LA,FastFood,$,7.04,9.7,0.3773,3.8,0.481,1.414,0,72
R02451,LA,Mexican,$$,16.18,22.69,0.4023,0.5,-1.743,1.009,1,26
R02452,LA,Chinese,$$,14.15,18.79,0.3273,9.7,1.053,1.155,0,72
R02453,LA,FastFood,$,7.14,10.01,0.4017,3.7,-0.298,1.252,1,31
R02454,LA,Chinese,$$,14.25,20.37,0.4296,0.6,0.079,1.214,0,72
R02455,LA,Mexican,$,11.12,15.14,0.3619,1.7,-1.273,1.426,1,23
R02456,LA,FastFood,$,8.55,10.99,0.285,6.4,2.09,1.31,1,52
R02457,NYC,Mediterranean,$$,15.57,20.13,0.2926,5.7,-2.474,1.522,0,72
R02458,NYC,Vietnamese,$,11.23,15.7,0.3985,0.9,1.488,1.599,1,26
R02459,LA,American,$$$,18.95,23.65,0.2476,0.5,0.425,1.315,0,72
R02460,Chicago,FastFood,$,9.33,12.93,0.3853,10.0,-1.905,1.005,0,72
R02461,LA,Vietnamese,$,9.39,12.27,0.3067,0.5,2.036,1.15,0,72
R02462,NYC,Vietnamese,$,9.49,12.78,0.3467,2.7,0.514,1.633,0,72
R02463,LA,Thai,$$,14.7,18.7,0.2725,2.4,-2.358,1.098,1,37
R02464,NYC,Vietnamese,$$,12.23,16.37,0.338,2.4,-0.422,1.437,0,72
R02465,LA,American,$$,14.17,18.01,0.2706,1.9,0.535,1.044,0,72
R02466,Chicago,Italian,$$$,23.97,26.84,0.1196,5.6,1.713,1.092,0,72
R02467,LA,American,$$$,18.52,22.93,0.2379,10.9,-0.409,1.391,0,72
R02468,LA,American,$$,14.3,17.13,0.1983,5.4,-2.647,1.073,0,72
R02469,NYC,Italian,$$,15.81,19.44,0.2296,3.4,1.459,1.423,1,42
R02470,NYC,Japanese,$$$,21.12,25.98,0.2302,7.9,0.498,1.369,0,72
R02471,Chicago,Thai,$$,13.19,17.28,0.3106,1.8,-2.233,1.138,0,72
R02472,LA,Japanese,$$$$,27.58,35.89,0.3012,2.5,0.343,1.422,0,72
R02473,LA,Mexican,$$,14.92,20.12,0.348,3.8,0.449,1.133,0,72
R02474,NYC,Italian,$$$,18.11,21.49,0.1866,11.8,-0.325,1.001,0,72
R02475,NYC,Chinese,$$,14.69,19.31,0.3151,0.5,-0.827,1.665,0,72
R02476,NYC,Thai,$$,16.24,20.17,0.2426,1.0,-0.61,1.458,0,72
R02477,NYC,Japanese,$$$,22.23,28.07,0.2626,4.2,-0.325,1.459,1,51
R02478,NYC,Italian,$$$,19.35,24.82,0.2824,0.5,0.355,1.628,0,72
R02479,Chicago,Thai,$$,15.58,20.4,0.3096,5.7,0.788,0.957,0,72
R02480,LA,Mexican,$$,13.65,18.34,0.3436,0.5,-2.148,1.113,0,72
R02481,NYC,Chinese,$,11.3,15.63,0.3829,2.4,0.256,1.389,1,25
R02482,NYC,Thai,$$,12.39,16.39,0.323,8.0,0.488,1.538,1,38
R02483,NYC,American,$$,15.19,19.27,0.2683,5.7,0.169,1.611,0,72
R02484,Chicago,Indian,$$,12.77,16.52,0.2937,6.5,-0.405,1.217,0,72
R02485,NYC,Thai,$,10.74,14.56,0.3553,9.6,1.42,1.522,0,72
R02486,LA,FastFood,$,9.6,12.61,0.3138,8.5,1.344,1.179,0,72
R02487,Chicago,Mexican,$$,13.3,17.41,0.3089,10.6,-0.366,1.112,0,72
R02488,NYC,Thai,$,11.0,14.25,0.2953,6.7,-0.083,1.29,0,72
R02489,LA,Indian,$$,13.88,16.38,0.1796,1.0,0.772,1.423,0,72
R02490,Chicago,Chinese,$$,12.58,16.25,0.292,1.4,1.283,1.026,1,40
R02491,NYC,FastFood,$,8.78,11.38,0.2953,7.5,-0.816,1.411,1,46
R02492,NYC,Japanese,$$$,18.11,23.29,0.2864,14.0,-1.046,1.291,0,72
R02493,Chicago,Mediterranean,$$,13.32,15.5,0.1632,3.2,0.274,1.078,0,72
R02494,Chicago,American,$$,17.57,20.98,0.194,4.9,-1.124,0.967,0,72
R02495,LA,American,$$,12.14,15.03,0.2383,10.9,-1.945,1.186,1,39
R02496,LA,Chinese,$$,12.47,16.96,0.3601,7.5,-0.82,0.982,0,72
R02497,NYC,FastFood,$,8.02,10.69,0.3333,9.2,0.417,1.376,0,72
R02498,Chicago,American,$$,15.65,18.41,0.1763,1.0,1.554,0.934,0,72
R02499,LA,Mexican,$$,13.08,17.51,0.3382,0.7,-0.709,1.262,0,72
R02500,NYC,Mexican,$$,16.67,22.15,0.3292,14.5,-0.124,1.404,0,72
R02501,LA,Indian,$,10.87,14.35,0.3195,2.2,0.156,0.873,1,43
R02502,Chicago,Chinese,$$,15.22,18.56,0.2194,1.5,-0.649,0.951,0,72
R02503,Chicago,American,$,10.18,12.63,0.2405,0.5,-0.727,0.84,1,20
R02504,NYC,Vietnamese,$$,14.78,21.48,0.4535,0.5,0.335,1.279,0,72
R02505,NYC,Italian,$$,12.46,15.43,0.238,5.4,-1.197,1.636,0,72
R02506,Chicago,American,$$$,24.81,30.74,0.2393,20.6,-0.767,0.817,0,72
R02507,Chicago,Chinese,$$,12.12,14.38,0.1869,2.7,-0.203,1.036,0,72
R02508,LA,FastFood,$,10.72,13.91,0.2974,11.5,0.322,1.129,0,72
R02509,LA,Mediterranean,$$$,20.66,26.72,0.293,11.1,-1.515,1.103,0,72
R02510,LA,Italian,$$,16.64,20.19,0.2135,3.0,-0.131,1.067,1,42
R02511,NYC,American,$$,15.0,19.66,0.3107,3.3,-1.291,1.507,1,19
R02512,NYC,American,$$,13.76,17.91,0.3012,3.6,-0.684,1.527,1,29
R02513,NYC,FastFood,$,9.79,12.67,0.2941,14.8,0.789,1.179,0,72
R02514,NYC,Japanese,$$$,20.39,26.92,0.3208,1.8,-0.074,1.665,0,72
R02515,Chicago,American,$$,13.81,16.12,0.1679,0.6,1.669,0.867,0,72
R02516,NYC,FastFood,$,9.36,12.38,0.3218,1.6,-0.072,1.519,0,72
R02517,NYC,Chinese,$,11.06,14.73,0.3315,5.8,0.968,1.258,1,44
R02518,LA,American,$$,15.08,20.18,0.3384,6.1,0.795,1.136,1,54
R02519,NYC,Mexican,$$,12.74,16.44,0.2898,9.6,-0.013,1.244,0,72
R02520,NYC,American,$$,14.25,18.35,0.2874,5.3,-1.316,1.361,1,19
R02521,LA,Italian,$$,16.48,20.39,0.2378,0.5,-0.105,1.171,0,72
R02522,NYC,FastFood,$,11.21,15.61,0.3929,18.9,-0.533,1.263,0,72
R02523,LA,Japanese,$$$,21.21,27.76,0.3092,25.3,-0.571,1.246,0,72
R02524,Chicago,Mexican,$,11.72,14.88,0.2698,4.2,0.156,1.055,0,72
R02525,NYC,Thai,$$,13.57,18.46,0.3606,2.5,-1.45,2.006,1,12
R02526,Chicago,Thai,$$,15.19,20.15,0.3265,0.8,-0.874,1.118,0,72
R02527,Chicago,Vietnamese,$,9.55,13.07,0.3692,0.5,-1.012,1.152,0,72
R02528,Chicago,Indian,$$,15.66,19.97,0.2751,0.7,-0.254,0.809,0,72
R02529,LA,Chinese,$$,13.61,17.8,0.3079,15.5,-0.768,0.949,0,72
R02530,LA,Vietnamese,$,8.33,10.72,0.2863,18.8,-0.702,1.158,0,72
R02531,LA,Mexican,$$,17.27,21.53,0.2471,1.4,0.135,1.487,0,72
R02532,LA,Chinese,$$,16.91,21.75,0.2861,1.9,-0.446,1.615,1,1
R02533,NYC,FastFood,$,7.36,10.05,0.3656,6.4,0.005,1.335,0,72
R02534,Chicago,Indian,$,11.85,14.74,0.2445,4.3,-1.116,0.932,0,72
R02535,LA,Chinese,$$,13.54,18.01,0.3299,24.0,-0.828,1.281,0,72
R02536,LA,Mexican,$,9.67,12.06,0.2473,4.7,2.041,1.172,0,72
R02537,NYC,FastFood,$,10.87,14.68,0.3509,2.4,-0.697,1.42,0,72
R02538,NYC,Mexican,$,11.49,16.54,0.4397,17.3,-2.106,1.565,0,72
R02539,LA,Chinese,$$,17.41,23.5,0.3498,0.6,0.342,1.662,0,72
R02540,LA,Chinese,$,11.21,14.91,0.3308,0.8,-0.708,1.403,0,72
R02541,NYC,Mexican,$$,12.25,16.65,0.3595,2.1,0.244,1.815,0,72
R02542,NYC,Italian,$$$,22.61,27.85,0.2317,4.9,-0.09,1.162,0,72
R02543,NYC,FastFood,$,8.02,10.2,0.2723,23.2,0.55,1.65,0,72
R02544,LA,Italian,$$$,18.9,23.68,0.2529,6.6,-0.1,1.071,0,72
R02545,NYC,American,$$$,19.48,22.55,0.1576,1.5,-0.227,1.773,0,72
R02546,Chicago,Indian,$$,13.12,16.19,0.2337,9.1,1.148,1.177,0,72
R02547,NYC,American,$$,12.75,16.32,0.2798,1.9,-2.218,1.559,1,27
R02548,NYC,Indian,$,11.15,14.25,0.2776,3.7,-1.325,1.326,0,72
R02549,NYC,Vietnamese,$$,12.77,18.38,0.4386,12.0,-0.825,1.368,0,72
R02550,LA,American,$$,17.16,23.19,0.3512,0.5,-1.693,1.143,0,72
R02551,LA,Vietnamese,$$,13.92,18.96,0.3616,9.6,-0.479,1.315,0,72
R02552,LA,Thai,$$,13.33,16.57,0.2437,5.5,-0.578,1.26,0,72
R02553,Chicago,Indian,$,11.21,15.09,0.3461,5.2,0.975,1.186,0,72
R02554,NYC,Thai,$,9.17,12.29,0.3409,7.9,-0.088,1.759,0,72
R02555,LA,Chinese,$$$,21.78,27.29,0.2529,2.2,-0.213,1.084,0,72
R02556,NYC,Vietnamese,$$,12.64,16.84,0.3316,0.5,-0.38,1.535,0,72
R02557,NYC,Indian,$$,14.86,20.03,0.3479,0.5,-1.052,1.533,0,72
R02558,LA,Italian,$$$,18.93,22.71,0.2001,13.6,0.891,1.186,0,72
R02559,NYC,Mediterranean,$$,13.14,17.04,0.297,7.7,1.21,1.623,1,23
R02560,LA,Italian,$$,15.6,19.44,0.2458,2.2,-1.212,1.273,1,26
R02561,LA,Chinese,$$,17.79,22.15,0.245,3.4,1.62,1.12,0,72
R02562,LA,Mediterranean,$$$,19.14,24.05,0.2565,11.0,-0.671,1.18,0,72
R02563,LA,Chinese,$,11.33,14.15,0.2487,1.9,-0.753,1.151,1,33
R02564,LA,Japanese,$$,17.64,22.82,0.2934,2.9,0.473,1.1,0,72
R02565,NYC,Italian,$$,16.4,19.76,0.2046,7.0,0.562,1.435,0,72
R02566,NYC,Mediterranean,$$,16.06,20.95,0.3046,2.6,-0.071,1.241,0,72
R02567,NYC,Japanese,$$$$,31.81,38.19,0.2005,2.9,-0.346,1.535,0,72
R02568,LA,Vietnamese,$,11.12,13.93,0.2533,16.7,1.172,1.42,0,72
R02569,Chicago,Thai,$,11.3,13.57,0.2009,2.4,-0.623,1.006,0,72
R02570,NYC,American,$$,15.83,20.04,0.2655,3.6,-0.069,1.624,0,72
R02571,LA,FastFood,$,8.91,12.03,0.349,5.3,1.694,1.223,0,72
R02572,LA,Thai,$,11.12,14.54,0.3082,0.9,-1.337,1.061,1,40
R02573,Chicago,Japanese,$$$,23.65,26.76,0.1314,8.5,-0.459,1.272,0,72
R02574,LA,FastFood,$,10.57,14.07,0.3316,0.5,1.025,0.897,0,72
R02575,LA,American,$$,16.4,20.05,0.2225,6.1,0.528,1.201,0,72
R02576,LA,Mexican,$,10.83,14.58,0.3467,0.5,0.894,1.094,0,72
R02577,Chicago,Chinese,$,11.82,14.85,0.2566,18.0,-1.323,1.209,0,72
R02578,NYC,American,$,11.87,15.15,0.276,22.4,0.321,1.488,0,72
R02579,Chicago,Chinese,$$,12.69,15.64,0.2328,11.1,-0.285,1.359,0,72
R02580,NYC,American,$$,16.92,23.12,0.3662,1.9,2.272,1.456,0,72
R02581,Chicago,Italian,$$,15.32,17.4,0.1358,7.9,0.809,0.913,0,72
R02582,NYC,American,$$$,22.69,28.58,0.26,8.9,-0.022,1.181,0,72
R02583,NYC,Mexican,$$,14.42,19.4,0.3454,4.0,0.286,1.656,0,72
R02584,NYC,Thai,$,10.14,13.15,0.2974,3.6,0.054,1.312,0,72
R02585,NYC,Italian,$$,13.08,15.85,0.2118,1.1,0.699,1.379,0,72
R02586,NYC,Chinese,$,10.89,13.39,0.2294,10.4,-0.856,1.68,0,72
R02587,NYC,Japanese,$$$$,29.2,36.08,0.2354,4.4,1.365,1.645,0,72
R02588,LA,Japanese,$$$$,25.83,31.04,0.202,6.3,-1.325,1.115,1,31
R02589,NYC,American,$$$,21.43,29.23,0.364,1.2,0.205,1.373,0,72
R02590,LA,American,$$,16.03,22.01,0.3732,0.5,-0.824,0.972,0,72
R02591,Chicago,Mexican,$$,12.04,15.5,0.2875,0.5,0.043,0.781,0,72
R02592,LA,Mediterranean,$$,13.58,16.29,0.1998,10.9,0.988,1.315,0,72
R02593,NYC,Japanese,$$$,23.43,30.62,0.3069,12.3,-1.712,1.61,0,72
R02594,NYC,Mexican,$$,12.07,15.58,0.2909,8.5,-0.169,1.514,0,72
R02595,Chicago,Indian,$$,13.9,16.99,0.2225,8.8,-1.44,1.023,0,72
R02596,NYC,Vietnamese,$$,15.39,19.98,0.2986,9.7,-0.279,1.332,0,72
R02597,NYC,Vietnamese,$,11.24,14.67,0.305,8.0,-1.442,1.729,1,42
R02598,Chicago,Japanese,$$$$,27.96,33.61,0.2023,5.8,0.162,0.807,0,72
R02599,Chicago,Japanese,$$,16.53,19.08,0.1543,10.4,-0.426,0.945,0,72
R02600,NYC,American,$$$$,25.96,32.31,0.2449,5.8,0.747,1.478,0,72
R02601,LA,Mexican,$,11.69,16.02,0.371,6.8,1.229,1.2,1,37
R02602,LA,Italian,$$$,20.44,25.11,0.2283,0.5,0.011,1.2,0,72
R02603,LA,FastFood,$,9.93,13.37,0.3463,1.0,0.894,1.128,0,72
R02604,NYC,Vietnamese,$,10.52,12.81,0.2184,0.7,1.382,1.547,0,72
R02605,NYC,Japanese,$$$$,25.49,33.59,0.3174,8.0,-0.922,1.253,0,72
R02606,LA,Chinese,$$,15.21,19.25,0.2657,11.8,1.435,1.179,0,72
R02607,NYC,Indian,$$,12.75,17.3,0.3562,0.5,-0.037,1.527,0,72
R02608,LA,Chinese,$,11.46,14.98,0.3077,0.5,-0.978,1.153,0,72
R02609,NYC,Chinese,$$,13.11,16.93,0.2919,18.3,0.298,1.451,0,72
R02610,Chicago,Chinese,$$,12.73,15.1,0.1861,15.1,-0.072,1.026,0,72
R02611,Chicago,Indian,$$$,18.63,25.32,0.3587,2.1,-1.407,0.81,1,19
R02612,LA,Vietnamese,$$,13.05,17.62,0.3502,2.6,-1.101,0.982,0,72
R02613,LA,Mexican,$$,12.34,16.82,0.3632,4.1,1.637,1.219,0,72
R02614,NYC,Mexican,$$,13.94,19.95,0.4309,5.4,0.279,1.348,1,39
R02615,LA,American,$,11.07,14.07,0.2712,17.8,1.482,1.124,0,72
R02616,NYC,American,$$,14.32,19.3,0.3476,0.9,-0.417,1.552,0,72
R02617,Chicago,Vietnamese,$$,12.11,15.21,0.2561,2.6,-0.802,0.888,0,72
R02618,Chicago,Chinese,$$,15.89,20.77,0.3069,9.6,-1.683,0.749,0,72
R02619,Chicago,Indian,$$,15.03,18.32,0.2185,11.5,0.968,1.22,0,72
R02620,Chicago,FastFood,$,11.05,14.2,0.2848,0.5,0.411,1.156,0,72
R02621,Chicago,American,$$$,18.71,23.1,0.2349,4.3,-0.408,1.154,0,72
R02622,NYC,Chinese,$,11.91,14.96,0.2566,3.5,-0.793,1.268,0,72
R02623,Chicago,Vietnamese,$,11.21,14.54,0.2965,3.9,1.127,0.991,0,72
R02624,LA,Italian,$$$,19.37,23.53,0.2144,4.3,-0.177,1.031,0,72
R02625,NYC,Mexican,$,11.53,14.3,0.2406,0.5,-0.167,1.44,0,72
R02626,LA,Italian,$$$,23.71,28.62,0.2071,2.6,-0.601,1.151,0,72
R02627,NYC,Mediterranean,$$,13.92,17.72,0.2727,0.5,-0.407,1.274,1,40
R02628,NYC,Japanese,$$$,23.29,30.57,0.3126,3.8,0.55,1.54,0,72
R02629,NYC,Mediterranean,$$$,19.41,25.31,0.3043,4.7,-1.416,1.406,0,72
R02630,NYC,American,$$,15.12,20.45,0.3524,8.2,0.081,1.783,1,33
R02631,LA,American,$$,14.52,18.67,0.286,4.7,0.956,1.212,0,72
R02632,Chicago,Mexican,$$,12.33,15.56,0.2623,11.6,-0.085,0.737,0,72
R02633,LA,American,$$$,18.52,23.28,0.2571,2.4,1.054,0.965,0,72
R02634,LA,Mexican,$,11.42,14.88,0.3026,1.1,1.341,1.543,0,72
R02635,NYC,Japanese,$$$,18.15,23.49,0.2944,1.5,0.904,1.389,0,72
R02636,LA,Chinese,$$,15.99,20.84,0.303,4.7,-0.537,1.235,0,72
R02637,NYC,Japanese,$$$,23.64,29.28,0.2386,1.5,-0.035,1.452,0,72
R02638,Chicago,American,$$$,19.18,23.6,0.2304,11.8,0.346,1.185,0,72
R02639,NYC,Mexican,$$,14.33,19.53,0.3631,19.8,-0.47,1.153,1,35
R02640,LA,Italian,$$$$,26.65,31.44,0.1797,2.0,-0.503,1.408,0,72
R02641,LA,FastFood,$,10.39,14.09,0.3559,20.7,-0.563,1.396,0,72
R02642,LA,Mexican,$,10.97,13.62,0.2411,4.6,2.544,1.201,0,72
R02643,Chicago,Italian,$$$,19.59,24.59,0.2553,1.6,-0.271,1.051,0,72
R02644,NYC,Italian,$$,16.28,20.78,0.2764,1.5,1.069,1.387,1,34
R02645,Chicago,Italian,$$,16.59,21.26,0.2815,4.3,-0.869,0.817,0,72
R02646,LA,Vietnamese,$,8.92,11.18,0.2542,3.0,1.702,1.287,0,72
R02647,LA,Chinese,$$,12.35,16.75,0.3567,22.8,-0.379,1.236,0,72
R02648,LA,Japanese,$$$,24.27,31.47,0.2968,5.2,0.053,1.239,0,72
R02649,Chicago,Vietnamese,$,11.36,14.44,0.2709,3.9,-1.833,1.06,1,29
R02650,Chicago,Italian,$$,14.77,17.44,0.1812,2.3,1.117,0.93,0,72
R02651,NYC,FastFood,$,6.46,8.44,0.3057,12.0,1.333,1.735,0,72
R02652,Chicago,FastFood,$$,12.43,15.45,0.2427,15.0,-1.187,1.001,0,72
R02653,LA,Mexican,$$,13.25,17.0,0.2824,7.2,1.175,1.281,0,72
R02654,LA,Italian,$$,15.52,18.11,0.1672,11.5,-1.337,1.161,0,72
R02655,Chicago,Chinese,$$,14.13,19.07,0.3498,3.7,0.632,1.134,0,72
R02656,NYC,Chinese,$$$,19.28,24.0,0.2449,6.6,-0.288,1.468,1,40
R02657,LA,American,$$,17.89,22.68,0.2674,9.1,1.336,1.188,0,72
R02658,NYC,American,$,9.69,12.61,0.3018,3.2,0.249,1.676,0,72
R02659,NYC,Japanese,$$$$,35.46,45.67,0.2879,26.2,0.931,1.179,0,72
R02660,Chicago,Italian,$$,12.9,15.77,0.2223,4.1,1.238,0.967,0,72
R02661,NYC,Italian,$$,17.34,22.5,0.2973,1.7,-0.291,1.347,0,72
R02662,NYC,FastFood,$,6.93,9.27,0.3377,4.8,-0.029,1.517,0,72
R02663,NYC,FastFood,$,7.44,10.15,0.3644,5.9,-1.111,1.506,0,72
R02664,LA,Mexican,$$,13.16,17.17,0.3053,14.7,-0.3,1.198,0,72
R02665,Chicago,Vietnamese,$,7.92,10.66,0.3451,5.0,1.927,0.918,0,72
R02666,Chicago,Japanese,$$$,21.65,28.68,0.325,1.1,0.756,0.997,0,72
R02667,NYC,Vietnamese,$$,14.14,17.96,0.2703,1.3,-1.045,1.507,0,72
R02668,LA,American,$$,13.75,15.92,0.1584,8.0,1.631,1.175,0,72
R02669,LA,Mediterranean,$$,13.24,17.19,0.2985,2.4,0.389,1.371,0,72
R02670,LA,Mexican,$$,12.19,16.74,0.3735,2.8,0.83,1.291,0,72
R02671,NYC,Italian,$$,16.94,22.83,0.3478,5.2,0.491,1.453,0,72
R02672,NYC,FastFood,$,7.64,10.67,0.3969,2.5,0.42,1.094,1,29
R02673,LA,Chinese,$,10.5,14.38,0.3698,0.5,-1.998,1.169,0,72
R02674,LA,Mexican,$$,13.72,19.26,0.403,0.5,1.107,1.294,1,21
R02675,LA,Indian,$$,16.14,21.84,0.3532,0.7,-2.254,1.16,0,72
R02676,LA,Indian,$,11.97,15.85,0.3241,6.9,1.016,1.244,0,72
R02677,Chicago,Vietnamese,$,9.73,11.83,0.2159,9.6,0.1,0.973,0,72
R02678,LA,Indian,$$,14.86,19.02,0.2796,6.9,0.835,1.234,0,72
R02679,NYC,Vietnamese,$,9.67,13.0,0.345,2.8,0.158,1.715,1,34
R02680,Chicago,Mexican,$$,12.91,16.59,0.285,1.3,1.044,1.099,0,72
R02681,Chicago,American,$$$,20.84,25.59,0.2281,2.8,0.016,0.856,0,72
R02682,NYC,Indian,$$,14.34,19.77,0.3784,3.6,0.281,1.188,0,72
R02683,LA,Mediterranean,$$,13.66,16.84,0.2322,2.3,0.405,1.265,0,72
R02684,NYC,Chinese,$$,13.95,18.97,0.36,12.4,1.879,1.668,0,72
R02685,LA,Mexican,$$,12.11,16.17,0.3358,7.8,0.6,0.983,0,72
R02686,NYC,Thai,$$,13.63,17.27,0.2671,3.8,-1.317,1.414,1,36
R02687,LA,Chinese,$$,14.16,17.65,0.2462,0.5,-0.564,1.595,0,72
R02688,NYC,Mexican,$$,14.16,17.76,0.2549,3.4,0.598,1.404,0,72
R02689,LA,Thai,$$,14.09,18.52,0.3143,14.1,1.26,1.625,0,72
R02690,Chicago,American,$$,15.83,19.42,0.2268,6.9,-0.722,0.906,1,50
R02691,NYC,Italian,$$$$,26.1,31.54,0.2087,4.1,2.24,1.342,0,72
R02692,Chicago,Mexican,$$,15.52,18.56,0.1962,12.9,0.176,0.919,0,72
R02693,Chicago,Mexican,$$,14.52,19.05,0.3116,4.5,0.421,0.858,0,72
R02694,Chicago,Thai,$$,14.33,17.94,0.2513,2.6,-1.254,0.816,0,72
R02695,NYC,Japanese,$$$,18.36,22.66,0.2343,0.7,1.115,1.412,0,72
R02696,Chicago,Chinese,$$,15.92,19.46,0.2218,0.5,-0.446,1.018,0,72
R02697,NYC,Italian,$$$,18.47,22.87,0.2381,2.2,-0.746,1.33,1,28
R02698,NYC,Chinese,$,11.72,15.74,0.3435,1.7,-0.317,1.369,0,72
R02699,Chicago,Mexican,$,11.96,15.24,0.2735,0.5,1.383,1.189,1,28
R02700,LA,Italian,$$,15.13,17.71,0.1706,4.7,0.466,1.348,0,72
R02701,LA,American,$$$,19.35,24.33,0.2571,13.3,-0.889,1.163,1,30
R02702,NYC,Chinese,$$,14.7,20.17,0.3723,8.2,-0.53,1.527,0,72
R02703,Chicago,Italian,$$$,18.6,22.36,0.202,0.7,1.41,0.822,0,72
R02704,LA,Japanese,$$$,21.83,27.36,0.2534,0.5,-0.236,1.239,0,72
R02705,LA,Japanese,$$$,19.46,24.01,0.2337,5.7,0.56,1.191,0,72
R02706,Chicago,Mexican,$,8.52,10.61,0.2455,7.8,0.805,0.956,0,72
R02707,NYC,Mexican,$,9.69,12.54,0.2939,9.2,-3.419,1.456,1,29
R02708,NYC,Mexican,$,10.94,13.75,0.2569,3.8,1.264,1.428,0,72
R02709,LA,Italian,$$,15.33,19.76,0.2891,1.1,-0.852,1.025,0,72
R02710,Chicago,Indian,$$,15.28,19.45,0.2731,6.4,-0.361,1.223,1,35
R02711,NYC,Mexican,$$,14.47,19.44,0.3441,5.7,1.539,1.625,0,72
R02712,NYC,Thai,$$,13.68,18.12,0.3248,12.6,1.447,1.384,0,72
R02713,NYC,Indian,$$$,18.69,24.61,0.317,3.3,0.493,1.174,1,41
R02714,Chicago,Mexican,$,10.86,13.61,0.2533,1.5,0.728,0.745,0,72
R02715,NYC,Mexican,$$,12.2,16.15,0.3237,0.5,0.978,1.844,0,72
R02716,LA,Chinese,$$,12.88,16.44,0.2763,1.6,1.43,1.175,0,72
R02717,Chicago,Mexican,$$,15.22,21.54,0.4156,8.3,1.557,1.096,1,47
R02718,NYC,American,$$,16.31,21.71,0.331,3.8,0.108,1.294,0,72
R02719,LA,Mexican,$$,12.8,17.01,0.3284,4.0,-0.737,1.157,0,72
R02720,LA,Thai,$,10.39,14.12,0.3583,5.3,-0.255,1.164,1,38
R02721,Chicago,American,$$,13.61,17.58,0.292,2.3,0.127,1.029,0,72
R02722,NYC,Indian,$$,17.66,21.74,0.231,5.0,-0.053,1.466,0,72
R02723,NYC,Indian,$,9.98,12.86,0.2889,5.3,-1.012,1.298,0,72
R02724,NYC,American,$$$,20.38,26.06,0.2792,20.9,0.437,1.296,0,72
R02725,LA,FastFood,$,9.3,12.75,0.3706,6.4,-1.568,1.188,0,72
R02726,LA,FastFood,$,7.43,9.87,0.3288,4.4,0.085,0.972,1,63
R02727,NYC,Italian,$$,15.5,19.29,0.2451,4.3,0.15,1.314,0,72
R02728,NYC,Mexican,$$,17.58,23.16,0.3169,1.2,0.115,1.423,0,72
R02729,Chicago,Italian,$$$,23.21,29.06,0.2524,6.2,0.851,1.049,0,72
R02730,NYC,Chinese,$$,12.72,15.88,0.2478,2.0,0.719,1.737,1,43
R02731,NYC,American,$$,16.39,20.63,0.2586,2.3,2.223,1.369,0,72
R02732,LA,Italian,$$,16.02,18.23,0.1378,6.6,-0.518,1.205,0,72
R02733,NYC,Japanese,$$$,22.54,27.47,0.2185,5.3,0.279,1.159,0,72
R02734,NYC,Indian,$$,12.84,16.9,0.3159,1.6,0.215,1.509,0,72
R02735,LA,Italian,$$,17.75,22.13,0.2468,7.1,0.168,1.076,0,72
R02736,NYC,American,$$$,22.16,28.02,0.2643,8.4,-1.265,1.397,0,72
R02737,LA,Italian,$$,17.69,22.76,0.2862,1.4,-1.183,1.271,0,72
R02738,LA,Thai,$,11.59,15.74,0.3577,1.6,0.006,1.277,0,72
R02739,LA,American,$$,12.51,15.72,0.2565,6.7,-1.576,1.008,0,72
R02740,NYC,Mexican,$$,12.79,17.3,0.3525,2.5,-0.334,1.596,0,72
R02741,Chicago,Vietnamese,$,10.03,12.61,0.2574,0.7,-0.648,0.995,1,17
R02742,NYC,Chinese,$$,13.59,18.36,0.3513,16.1,-0.298,1.688,0,72
R02743,LA,Indian,$,10.83,13.22,0.2203,1.8,1.132,1.43,0,72
R02744,NYC,American,$$$,18.12,24.82,0.3698,15.0,-1.078,1.758,0,72
R02745,LA,Japanese,$$$,18.18,23.76,0.307,3.4,0.87,1.011,0,72
R02746,NYC,Vietnamese,$,11.6,14.73,0.2701,4.2,-0.571,1.522,1,40
R02747,NYC,Mediterranean,$$,16.0,20.0,0.2505,1.8,-0.447,1.2,0,72
R02748,LA,Indian,$$$,19.76,25.7,0.3011,16.9,0.466,1.403,0,72
R02749,NYC,American,$$,16.5,20.84,0.2631,2.8,-0.274,1.724,0,72
R02750,NYC,Indian,$$$,20.58,27.31,0.3272,1.4,-0.892,1.631,0,72
R02751,LA,Japanese,$$$,24.34,29.98,0.232,0.6,-0.37,1.14,0,72
R02752,Chicago,Thai,$$$,18.09,24.18,0.3362,9.1,-1.777,1.067,0,72
R02753,NYC,Thai,$$,13.48,17.67,0.3104,6.5,0.381,1.357,0,72
R02754,Chicago,Mexican,$$,13.3,18.77,0.411,0.9,-3.102,1.002,0,72
R02755,LA,Chinese,$$,16.19,21.53,0.3301,11.8,0.888,1.187,0,72
R02756,Chicago,Chinese,$$,15.3,18.4,0.2025,3.0,0.615,0.787,0,72
R02757,LA,Chinese,$$,14.3,20.09,0.4043,3.2,1.601,1.089,0,72
R02758,LA,Japanese,$$$,20.74,27.06,0.3049,6.7,2.182,1.576,0,72
R02759,LA,Chinese,$$,12.63,16.66,0.319,20.6,0.936,1.188,0,72
R02760,LA,American,$$$,19.64,25.38,0.2923,4.2,-0.627,1.223,0,72
R02761,Chicago,Mexican,$$,15.93,19.6,0.2305,7.4,2.173,0.999,0,72
R02762,NYC,Chinese,$,11.68,14.37,0.2298,15.1,-1.194,1.38,0,72
R02763,NYC,Vietnamese,$,10.06,13.36,0.3279,11.4,-1.903,1.456,0,72
R02764,NYC,Japanese,$$$,18.7,25.03,0.3389,7.2,1.852,1.381,0,72
R02765,Chicago,Japanese,$$$$,25.54,31.67,0.2398,6.3,0.602,0.76,0,72
R02766,NYC,Thai,$,11.84,16.53,0.3955,9.9,-1.876,1.593,0,72
R02767,LA,FastFood,$,9.85,13.85,0.4061,2.6,-1.355,1.456,1,52
R02768,Chicago,American,$$,17.65,21.73,0.231,5.4,0.551,0.87,0,72
R02769,Chicago,Mexican,$,11.33,15.29,0.3492,11.2,-0.87,0.952,1,49
R02770,NYC,Mexican,$$,16.56,23.46,0.4161,1.3,-0.726,1.736,0,72
R02771,LA,FastFood,$,6.53,8.73,0.336,2.9,1.966,1.094,0,72
R02772,Chicago,Vietnamese,$$,15.5,19.68,0.2693,3.9,2.148,1.048,0,72
R02773,NYC,Indian,$$,15.36,20.07,0.307,1.3,0.147,2.437,1,29
R02774,LA,Vietnamese,$,7.92,9.42,0.1894,5.0,-0.15,1.295,0,72
R02775,NYC,Chinese,$$,17.31,23.1,0.334,0.5,0.902,1.462,0,72
R02776,LA,Japanese,$$$$,26.21,33.7,0.286,28.2,-0.562,1.334,0,72
R02777,LA,Thai,$$,12.96,16.81,0.2972,3.9,-2.231,1.317,0,72
R02778,NYC,Mediterranean,$$,14.29,18.68,0.3072,1.1,-2.762,1.339,0,72
R02779,NYC,Chinese,$,9.8,12.92,0.3178,4.6,-0.074,1.177,0,72
R02780,NYC,American,$$$,24.71,29.17,0.1801,7.7,0.882,1.557,0,72
R02781,NYC,Chinese,$,11.01,15.45,0.4031,17.2,0.016,1.585,0,72
R02782,LA,FastFood,$,6.77,8.95,0.3216,2.4,0.81,1.158,0,72
R02783,NYC,Chinese,$$,13.64,17.59,0.2891,4.8,0.91,1.766,0,72
R02784,NYC,Indian,$,10.8,14.77,0.3679,0.7,1.386,1.724,1,37
R02785,LA,Chinese,$,10.89,14.7,0.3489,1.6,0.186,1.317,0,72
R02786,LA,American,$$$,19.14,24.38,0.2737,2.0,0.276,1.161,1,32
R02787,LA,Vietnamese,$$,12.5,16.86,0.3485,0.5,-0.037,0.934,1,43
R02788,Chicago,Italian,$$,16.79,19.18,0.1423,4.5,-0.258,0.979,0,72
R02789,NYC,Thai,$$,14.05,18.34,0.306,1.1,-1.572,1.163,0,72
R02790,Chicago,Mediterranean,$$,15.7,20.48,0.3047,3.7,1.172,0.754,0,72
R02791,NYC,Mediterranean,$$,16.81,21.12,0.2561,12.1,-0.384,1.567,0,72
R02792,LA,Italian,$$,15.69,18.52,0.1801,2.4,-0.441,1.381,0,72
R02793,Chicago,Indian,$$,13.06,16.38,0.2539,0.5,-0.542,0.791,0,72
R02794,Chicago,American,$$,14.33,17.7,0.2351,4.4,-1.34,0.97,0,72
R02795,LA,American,$$,14.04,18.15,0.2924,9.1,-0.086,1.197,0,72
R02796,LA,Japanese,$$$$,26.55,31.36,0.1811,15.3,0.516,1.159,0,72
R02797,NYC,American,$$$,18.38,21.18,0.1525,0.8,-0.705,1.229,0,72
R02798,LA,Mexican,$,10.57,14.44,0.3661,13.2,1.038,1.408,0,72
R02799,LA,Japanese,$$,17.74,21.22,0.1959,13.5,-0.368,1.02,0,72
R02800,Chicago,Chinese,$$,12.64,15.66,0.2395,7.6,-1.533,0.791,0,72
R02801,LA,Italian,$$$$,26.53,29.74,0.1208,4.8,1.374,1.018,0,72
R02802,NYC,Mexican,$,10.39,14.45,0.3911,6.2,0.198,1.536,0,72
R02803,LA,Chinese,$$,12.63,16.64,0.3175,0.8,0.863,1.162,0,72
R02804,NYC,Thai,$$,14.23,18.86,0.3255,18.4,0.887,1.322,0,72
R02805,NYC,American,$$,15.69,20.32,0.2952,12.9,-0.946,1.545,0,72
R02806,NYC,Mexican,$,11.51,14.24,0.237,3.9,-0.522,1.509,0,72
R02807,LA,Thai,$$,17.24,21.38,0.2407,1.6,1.034,0.91,0,72
R02808,NYC,Mediterranean,$$$,18.45,23.38,0.2674,35.0,1.835,1.543,0,72
R02809,NYC,Mediterranean,$$$,19.8,24.8,0.2526,4.5,0.063,1.671,0,72
R02810,NYC,Thai,$$,15.57,20.18,0.2964,6.5,-0.627,1.429,0,72
R02811,Chicago,FastFood,$,9.98,13.2,0.3223,22.3,1.682,0.972,0,72
R02812,LA,American,$$$,21.28,27.88,0.3103,1.0,-0.627,1.506,0,72
R02813,NYC,FastFood,$,10.8,13.89,0.286,4.3,0.329,1.332,0,72
R02814,NYC,FastFood,$$,12.92,17.56,0.3596,7.0,-0.428,1.421,0,72
R02815,LA,Italian,$$$,22.41,28.36,0.2656,3.2,0.269,1.249,0,72
R02816,NYC,Mediterranean,$$,15.07,18.74,0.2438,4.9,-0.945,1.458,0,72
R02817,LA,Thai,$$,16.31,20.88,0.2804,10.6,-0.375,1.161,1,36
R02818,NYC,Indian,$$,16.48,21.81,0.3233,0.5,-0.627,1.466,1,33
R02819,Chicago,Mediterranean,$$$,24.02,29.8,0.2406,1.1,0.662,1.207,0,72
R02820,NYC,Italian,$$,15.12,19.41,0.2837,4.1,0.163,1.598,0,72
R02821,LA,Japanese,$$$,24.32,30.52,0.2547,10.0,0.88,1.189,0,72
R02822,NYC,Vietnamese,$,10.17,13.37,0.3144,2.0,-0.826,1.307,0,72
R02823,Chicago,Indian,$$,15.9,18.94,0.1914,3.0,-0.208,0.916,0,72
R02824,Chicago,Mediterranean,$$,16.36,20.48,0.2524,8.1,0.625,1.121,0,72
R02825,LA,Mediterranean,$$$,18.53,23.63,0.275,1.8,0.859,0.991,0,72
R02826,LA,Indian,$,11.25,13.84,0.2304,13.1,-1.446,1.601,0,72
R02827,NYC,FastFood,$,9.8,13.62,0.3891,7.9,0.318,1.444,0,72
R02828,Chicago,Chinese,$$,13.49,17.99,0.3334,4.5,-0.813,0.848,0,72
R02829,LA,FastFood,$,8.74,11.42,0.307,3.9,0.909,1.226,0,72
R02830,NYC,Mexican,$$,17.76,23.15,0.3036,2.9,1.861,1.317,0,72
R02831,LA,American,$$,14.94,18.25,0.2218,3.2,-2.612,1.141,0,72
R02832,LA,Mexican,$$,13.29,16.43,0.2361,10.3,-0.656,1.001,0,72
R02833,Chicago,American,$$,16.29,21.67,0.3302,0.5,0.264,0.972,1,32
R02834,LA,Japanese,$$$,22.8,27.99,0.2276,6.4,-0.004,0.93,0,72
R02835,LA,Mexican,$$$,18.65,23.81,0.2771,17.4,0.94,1.117,0,72
R02836,LA,Vietnamese,$,11.63,14.58,0.2537,15.4,0.079,1.087,0,72
R02837,NYC,Indian,$$,13.09,16.77,0.2806,4.9,-0.53,1.365,0,72
R02838,NYC,Chinese,$$$,18.21,23.4,0.2852,1.0,-1.02,1.323,0,72
R02839,NYC,Vietnamese,$,10.88,15.25,0.4019,1.5,-1.189,1.456,1,17
R02840,LA,Chinese,$,9.74,12.05,0.2376,4.1,-0.743,1.335,0,72
R02841,NYC,Mexican,$,10.94,13.82,0.2631,1.7,-0.565,1.514,1,22
R02842,NYC,Chinese,$,10.39,14.0,0.3476,0.9,0.384,1.695,0,72
R02843,NYC,American,$,11.57,14.75,0.2746,0.7,-0.157,1.366,0,72
R02844,NYC,Indian,$$,13.58,17.51,0.2889,4.0,-0.651,1.508,0,72
R02845,LA,American,$$,15.8,20.35,0.288,12.2,-1.009,1.254,0,72
R02846,NYC,Thai,$$,17.31,22.8,0.3168,4.6,-0.703,1.665,1,19
R02847,NYC,American,$$,17.92,22.89,0.2777,5.8,-0.564,1.328,0,72
R02848,LA,Thai,$$,15.55,18.97,0.2197,0.5,-0.748,1.319,1,37
R02849,NYC,FastFood,$,7.24,9.24,0.2766,2.9,0.673,1.308,0,72
R02850,NYC,Japanese,$$$$,25.8,31.86,0.235,2.2,1.368,1.354,0,72
R02851,NYC,Chinese,$$,16.7,21.14,0.2658,7.2,-1.176,1.389,0,72
R02852,Chicago,Mexican,$$,13.42,17.49,0.3035,0.5,1.119,1.056,0,72
R02853,NYC,American,$$,17.26,20.55,0.1901,7.2,0.693,1.273,0,72
R02854,LA,American,$$,12.74,15.77,0.2376,1.3,0.18,1.071,0,72
R02855,Chicago,Chinese,$$,15.72,19.82,0.2613,0.5,1.527,0.926,0,72
R02856,LA,Mediterranean,$$$,23.42,29.7,0.268,3.5,-0.17,1.207,0,72
R02857,NYC,FastFood,$,9.01,12.43,0.3799,4.2,0.402,1.296,0,72
R02858,LA,Chinese,$,11.68,14.99,0.2837,7.4,0.124,1.239,1,32
R02859,LA,Chinese,$$,12.63,15.99,0.2666,0.5,0.049,1.15,0,72
R02860,NYC,Chinese,$$,12.05,16.66,0.3822,6.5,0.459,1.569,0,72
R02861,LA,Italian,$$,16.87,20.48,0.214,3.5,0.046,1.209,0,72
R02862,NYC,Mediterranean,$$$,19.1,26.0,0.361,23.1,0.466,1.789,1,29
R02863,NYC,American,$$,16.83,21.26,0.2637,8.9,-0.67,1.471,0,72
R02864,NYC,Mexican,$$,14.98,20.06,0.3392,11.2,-0.639,1.253,1,27
R02865,NYC,Japanese,$$$,23.52,29.71,0.2631,19.3,-0.674,1.413,0,72
R02866,NYC,Mexican,$,10.7,14.46,0.3516,8.6,-0.365,1.454,0,72
R02867,LA,Japanese,$$$,20.1,24.71,0.229,1.9,1.013,1.076,0,72
R02868,Chicago,Japanese,$$$,19.88,24.35,0.2248,13.2,-0.462,1.2,0,72
R02869,NYC,Vietnamese,$,11.12,15.64,0.4065,13.0,0.652,1.397,1,39
R02870,LA,American,$$$,22.1,29.01,0.3124,4.7,0.265,1.111,0,72
R02871,LA,Mediterranean,$$$,24.17,31.97,0.3228,0.5,-0.441,1.226,0,72
R02872,NYC,Mexican,$$,14.53,18.5,0.2729,1.7,1.309,1.301,0,72
R02873,NYC,Indian,$$,14.81,18.38,0.241,1.2,0.736,1.628,0,72
R02874,NYC,Mexican,$,9.78,13.22,0.3509,2.1,0.002,1.589,1,36
R02875,NYC,Italian,$$$,18.73,24.13,0.2885,6.8,-0.081,1.473,0,72
R02876,NYC,Mediterranean,$$,14.75,18.64,0.264,1.1,0.094,1.557,0,72
R02877,NYC,Vietnamese,$$,15.42,19.97,0.2951,0.5,-1.53,1.366,1,31
R02878,LA,Chinese,$,9.74,13.34,0.3697,15.8,-0.825,1.002,0,72
R02879,NYC,American,$$,17.15,22.54,0.3143,0.9,0.463,1.394,0,72
R02880,NYC,Indian,$$,12.39,16.76,0.3529,2.2,-1.583,1.365,0,72
R02881,NYC,FastFood,$,8.49,11.35,0.3379,1.5,-0.748,1.136,0,72
R02882,LA,American,$$$,18.04,22.26,0.234,4.5,-0.393,1.057,0,72
R02883,NYC,Mexican,$$,15.02,20.85,0.3874,2.0,2.904,1.251,0,72
R02884,LA,American,$$,15.83,19.73,0.2469,3.7,0.674,1.057,0,72
R02885,NYC,Chinese,$$,14.91,19.22,0.2895,0.5,1.097,1.702,1,56
R02886,NYC,Mexican,$,11.09,14.36,0.2943,4.9,-0.805,1.542,1,64
R02887,Chicago,American,$$,16.72,20.14,0.2044,1.3,0.362,1.123,0,72
R02888,NYC,Indian,$$,17.37,23.34,0.3438,2.7,-1.76,1.541,0,72
R02889,NYC,Mexican,$$,13.27,16.78,0.2645,3.6,-0.331,1.651,0,72
R02890,NYC,Thai,$$,12.73,17.07,0.3415,2.8,0.505,1.455,0,72
R02891,Chicago,Indian,$$,13.79,16.75,0.2146,4.4,-1.418,1.199,0,72
R02892,LA,Indian,$$,17.41,22.1,0.2695,11.0,0.393,1.035,0,72
R02893,LA,Chinese,$,10.68,13.81,0.2927,2.2,0.476,1.19,0,72
R02894,Chicago,Japanese,$$$,18.56,22.44,0.209,5.3,-0.603,0.884,0,72
R02895,NYC,Mexican,$$,13.93,18.47,0.3256,4.3,-0.835,1.683,1,38
R02896,Chicago,Chinese,$$,12.01,14.99,0.2478,6.6,-0.715,1.052,0,72
R02897,NYC,Italian,$$,13.86,16.93,0.2214,1.1,-0.347,1.672,0,72
R02898,LA,Italian,$$$,22.95,29.75,0.296,4.1,-0.317,1.014,0,72
R02899,NYC,Chinese,$,10.67,14.09,0.3213,0.9,0.51,1.349,0,72
R02900,NYC,Chinese,$$,12.54,16.48,0.3137,5.8,-0.534,1.171,0,72
R02901,Chicago,Mediterranean,$$,15.21,18.37,0.2078,1.0,1.602,1.044,0,72
R02902,NYC,Thai,$$,13.27,17.11,0.2896,1.3,1.595,1.377,0,72
R02903,Chicago,Italian,$$,15.35,17.93,0.1679,2.7,0.236,1.095,0,72
R02904,NYC,FastFood,$,9.67,13.52,0.3983,4.5,-0.345,1.456,0,72
R02905,LA,Chinese,$$,13.26,16.74,0.2623,2.5,-0.533,0.929,0,72
R02906,Chicago,Japanese,$$$$,26.26,29.09,0.1077,7.2,0.317,0.819,0,72
R02907,NYC,Thai,$$,12.55,16.47,0.3129,1.0,0.492,1.464,1,20
R02908,Chicago,Japanese,$$$$,32.3,38.95,0.206,5.5,-0.201,1.057,0,72
R02909,LA,Chinese,$,9.23,11.72,0.2707,8.1,-0.393,0.92,0,72
R02910,LA,Italian,$$,13.53,17.26,0.2756,6.9,0.353,1.188,1,41
R02911,NYC,American,$$$,21.94,25.08,0.1433,3.5,0.069,1.283,0,72
R02912,LA,American,$$,17.43,23.33,0.3388,8.2,-0.572,1.05,0,72
R02913,LA,Japanese,$$$,23.39,30.48,0.3027,3.1,0.113,1.109,1,34
R02914,LA,Japanese,$$$,23.78,28.97,0.2186,0.5,-0.605,1.218,0,72
R02915,NYC,Chinese,$$,14.41,18.69,0.2975,2.5,-0.752,1.332,0,72
R02916,NYC,American,$$,16.89,22.04,0.3052,3.3,-0.005,1.143,0,72
R02917,Chicago,Chinese,$,10.93,14.17,0.2966,0.5,-0.575,1.014,0,72
R02918,NYC,Mediterranean,$$$,19.7,24.79,0.2583,3.7,-0.733,1.39,0,72
R02919,LA,Indian,$$,16.33,19.58,0.1992,0.5,1.046,1.072,0,72
R02920,Chicago,Japanese,$$$$,28.45,37.72,0.3257,10.0,-0.392,0.964,0,72
R02921,NYC,Indian,$$$,19.92,26.85,0.3478,0.5,1.843,1.391,1,50
R02922,NYC,Mexican,$$,13.27,17.88,0.3478,3.2,0.627,1.458,1,23
R02923,LA,Italian,$$,14.43,17.88,0.2388,5.9,-0.821,1.165,0,72
R02924,NYC,Japanese,$$$$,30.27,39.38,0.3011,11.5,1.16,1.479,0,72
R02925,LA,Japanese,$$$,18.32,23.57,0.2871,2.5,-0.717,1.193,0,72
R02926,LA,Indian,$$,15.41,18.12,0.1757,3.4,1.973,1.324,0,72
R02927,LA,FastFood,$,8.12,10.73,0.3225,1.6,0.226,1.451,0,72
R02928,NYC,Italian,$$,16.66,20.44,0.2273,6.4,0.543,1.447,0,72
R02929,LA,Italian,$$$,20.65,25.24,0.2219,1.6,0.031,1.114,0,72
R02930,LA,American,$$,16.72,21.71,0.2985,6.0,0.266,1.01,0,72
R02931,NYC,Italian,$$$,19.74,22.91,0.1605,5.7,-0.229,1.567,0,72
R02932,LA,Chinese,$,11.22,13.84,0.2325,14.0,-0.926,1.077,0,72
R02933,Chicago,FastFood,$,8.24,10.51,0.2759,3.9,0.34,1.325,0,72
R02934,LA,Thai,$$,12.19,15.82,0.2977,2.0,1.025,1.675,0,72
R02935,LA,FastFood,$,8.2,11.33,0.3816,2.0,-1.191,1.17,0,72
R02936,NYC,Chinese,$$,12.73,17.83,0.4016,21.9,1.54,1.187,0,72
R02937,NYC,Mexican,$$,17.42,23.1,0.3257,2.1,0.601,1.568,0,72
R02938,NYC,Japanese,$$$,21.0,27.54,0.3115,6.2,-0.437,1.865,0,72
R02939,NYC,FastFood,$,5.8,8.09,0.3955,8.3,-0.455,1.239,0,72
R02940,Chicago,Mexican,$$,16.07,21.16,0.3171,13.1,1.864,1.256,0,72
R02941,NYC,Mexican,$$,13.55,18.14,0.3388,3.8,0.939,1.161,0,72
R02942,Chicago,Mexican,$$,12.21,15.51,0.27,24.3,1.14,0.84,0,72
R02943,NYC,Indian,$$,13.4,16.71,0.2467,1.8,-0.251,1.505,0,72
R02944,NYC,Thai,$,11.81,14.8,0.2534,3.4,0.556,1.638,1,21
R02945,NYC,Vietnamese,$$,16.3,21.96,0.3474,8.2,0.349,1.438,0,72
R02946,NYC,Mexican,$$,12.62,16.87,0.3373,15.5,-0.175,1.53,0,72
R02947,LA,Indian,$,10.61,13.35,0.2592,1.2,0.109,1.37,0,72
R02948,Chicago,Japanese,$$$,23.34,29.25,0.2532,10.8,1.11,1.158,0,72
R02949,Chicago,Chinese,$$,16.15,20.35,0.26,2.3,1.6,0.928,0,72
R02950,NYC,Italian,$$$,18.51,22.3,0.2043,3.9,-0.251,1.307,0,72
R02951,LA,American,$$,13.6,16.96,0.2467,5.4,-1.313,1.362,0,72
R02952,NYC,Italian,$$,15.06,19.44,0.291,17.9,1.644,1.531,0,72
R02953,Chicago,FastFood,$,7.21,9.07,0.2588,17.4,1.656,1.073,0,72
R02954,LA,Japanese,$$$$,28.93,36.47,0.2605,5.8,0.4,1.108,0,72
R02955,NYC,Italian,$$,17.77,22.16,0.2472,6.3,1.793,1.565,0,72
R02956,NYC,Vietnamese,$,8.5,10.98,0.292,33.7,0.328,1.272,0,72
R02957,NYC,Vietnamese,$$,12.32,16.21,0.3153,7.8,-0.909,1.494,0,72
R02958,NYC,Mexican,$$,12.82,16.17,0.2614,7.3,-1.312,1.47,0,72
R02959,Chicago,American,$$,14.76,18.23,0.2355,4.5,-1.322,1.014,0,72
R02960,LA,Chinese,$,10.82,13.33,0.2318,1.7,0.005,1.318,0,72
R02961,Chicago,Italian,$$,14.86,18.63,0.2536,2.1,-0.466,0.885,1,31
R02962,NYC,Indian,$$,17.63,22.84,0.2954,6.3,-0.579,1.573,0,72
R02963,LA,American,$$,16.73,20.6,0.2314,3.7,-0.107,1.203,0,72
R02964,NYC,Italian,$$$,19.62,25.66,0.308,6.4,0.858,1.319,0,72
R02965,LA,Chinese,$$,13.59,16.96,0.2484,11.1,-0.547,1.024,0,72
R02966,NYC,American,$$,16.97,21.09,0.2426,1.1,-0.715,1.819,1,36
R02967,NYC,Italian,$$,16.54,19.17,0.1585,1.1,-0.481,1.438,0,72
R02968,LA,FastFood,$,8.19,11.51,0.4055,14.6,0.921,1.15,0,72
R02969,NYC,American,$$$,19.73,27.11,0.3736,2.8,-0.07,1.264,0,72
R02970,LA,Mediterranean,$$$,21.93,26.02,0.1863,11.1,0.28,1.367,0,72
R02971,LA,Japanese,$$,17.66,21.35,0.2092,4.9,1.553,1.355,0,72
R02972,NYC,Thai,$$,13.48,17.71,0.3135,6.2,2.843,1.6,0,72
R02973,Chicago,Mexican,$$,14.54,18.38,0.2642,7.9,0.64,0.993,0,72
R02974,LA,Italian,$$$$,25.26,31.03,0.2284,4.6,0.541,1.313,0,72
R02975,Chicago,Mexican,$$,17.23,22.12,0.2841,1.6,-1.185,0.906,1,35
R02976,LA,Mexican,$,10.83,14.52,0.3404,6.6,0.369,1.232,0,72
R02977,LA,FastFood,$,10.69,13.81,0.292,24.5,0.062,1.192,0,72
R02978,LA,Indian,$$,14.65,18.9,0.2896,6.0,0.892,1.239,0,72
R02979,Chicago,American,$$$,19.31,22.67,0.1742,0.5,-0.392,0.804,0,72
R02980,LA,American,$$$,18.44,22.85,0.2394,1.9,0.201,1.502,0,72
R02981,NYC,American,$$,12.74,15.21,0.1932,11.5,0.605,1.761,0,72
R02982,NYC,American,$$,17.66,22.25,0.2598,9.6,1.899,1.263,0,72
R02983,LA,Thai,$$,16.78,21.16,0.2614,1.4,1.564,1.286,0,72
R02984,NYC,American,$$,15.94,21.16,0.3272,8.0,1.266,1.213,0,72
R02985,NYC,Indian,$$,13.87,17.99,0.297,2.1,0.727,1.465,0,72
R02986,NYC,Italian,$$,13.56,17.04,0.2561,11.8,-0.431,1.114,0,72
R02987,LA,FastFood,$,9.61,12.87,0.3389,2.8,0.727,1.159,0,72
R02988,NYC,Mexican,$$,12.98,16.01,0.2335,4.9,-0.772,1.368,0,72
R02989,LA,Italian,$$,15.25,17.23,0.1302,4.9,-0.206,1.379,0,72
R02990,LA,Mediterranean,$$,16.03,20.1,0.2541,8.4,1.778,1.466,0,72
R02991,Chicago,Chinese,$$,13.37,17.16,0.2839,11.6,0.538,1.225,0,72
R02992,NYC,Chinese,$,11.76,15.38,0.3083,5.6,0.227,1.666,1,34
R02993,LA,Italian,$$$,18.01,21.37,0.1868,2.0,0.356,1.212,0,72
R02994,LA,Japanese,$$,16.06,19.88,0.238,6.0,-0.094,1.257,0,72
R02995,LA,FastFood,$,10.84,14.34,0.3236,17.7,-2.156,1.257,1,23
R02996,LA,Thai,$$,14.04,18.66,0.329,27.4,-1.264,1.042,0,72
R02997,NYC,Japanese,$$$,18.05,23.58,0.3062,6.3,0.617,1.664,0,72
R02998,Chicago,FastFood,$,5.46,7.0,0.2823,0.5,-0.921,1.086,1,26
R02999,NYC,Vietnamese,$$,13.84,18.37,0.3275,0.9,-0.108,1.584,1,31
R03000,Chicago,Mediterranean,$$$,18.8,23.57,0.2538,1.8,-1.227,0.761,0,72
R03001,LA,Chinese,$$,13.5,17.84,0.3212,6.9,-0.719,1.267,1,26
R03002,NYC,Japanese,$$$$,25.7,34.76,0.3526,3.2,-0.004,1.636,0,72
R03003,LA,Mexican,$$,14.6,19.25,0.3186,11.2,0.924,1.198,0,72
R03004,NYC,Mexican,$$,12.95,18.1,0.3984,12.6,1.124,1.365,0,72
R03005,LA,Indian,$$,13.85,16.93,0.222,10.0,-0.735,1.019,0,72
R03006,LA,Mexican,$,11.6,14.94,0.2881,0.9,0.307,1.01,0,72
R03007,NYC,American,$$,17.26,20.25,0.1732,4.9,-1.425,1.477,0,72
R03008,NYC,Vietnamese,$$,14.79,19.78,0.3376,8.6,0.056,1.41,0,72
R03009,LA,Mexican,$$,12.27,16.59,0.3524,1.9,0.953,1.165,0,72
R03010,NYC,Japanese,$$$$,28.7,32.78,0.1422,3.7,-0.067,1.742,0,72
R03011,Chicago,Vietnamese,$$,12.3,15.86,0.2894,2.1,1.316,0.86,1,34
R03012,LA,Mediterranean,$$$,18.21,23.67,0.3002,0.6,0.837,1.151,0,72
R03013,LA,Italian,$$$$,27.75,34.89,0.2574,4.8,0.241,1.471,0,72
R03014,NYC,FastFood,$,11.44,14.88,0.3002,2.7,-0.25,1.397,1,14
R03015,LA,Thai,$$$,18.94,25.16,0.3287,3.5,-0.534,1.21,1,17
R03016,Chicago,Vietnamese,$,9.96,12.76,0.2805,0.5,-1.458,0.979,0,72
R03017,NYC,Japanese,$$$$,32.64,42.42,0.2996,2.3,-1.295,1.578,1,71
R03018,NYC,Indian,$$,14.29,18.48,0.2937,6.4,0.995,1.133,0,72
R03019,NYC,Thai,$$,13.44,17.86,0.3291,12.1,1.514,1.415,0,72
R03020,NYC,Italian,$$,12.2,15.93,0.3055,8.1,-1.081,1.46,0,72
R03021,LA,FastFood,$,9.01,11.99,0.3298,6.6,0.068,1.065,0,72
R03022,LA,Mediterranean,$$,13.99,17.96,0.2842,2.1,-1.574,1.251,0,72
R03023,LA,Japanese,$$$,23.68,31.08,0.3125,0.8,-0.977,1.319,1,23
R03024,NYC,Indian,$,11.76,15.22,0.2933,2.7,0.26,1.531,0,72
R03025,NYC,American,$$$,22.11,27.06,0.2237,1.2,-0.519,1.795,1,37
R03026,NYC,Indian,$$,16.01,21.36,0.3338,6.8,-1.916,1.377,1,27
R03027,Chicago,Thai,$$$,21.1,28.1,0.3317,17.2,1.719,1.062,0,72
R03028,LA,Mexican,$,10.4,14.39,0.3844,9.6,-0.049,1.271,0,72
R03029,NYC,Mexican,$$,16.52,22.73,0.3757,3.9,-1.104,1.41,0,72
R03030,LA,Italian,$$,13.01,14.48,0.1128,2.6,0.128,1.375,0,72
R03031,NYC,FastFood,$,8.82,11.72,0.3282,5.1,-0.081,1.501,0,72
R03032,NYC,Japanese,$$$,19.64,24.36,0.2408,1.8,0.422,1.255,0,72
R03033,NYC,Mediterranean,$$,15.68,20.27,0.2922,17.0,-0.34,1.587,1,65
R03034,Chicago,Japanese,$$$,20.05,26.15,0.3044,20.5,0.314,0.942,1,36
R03035,LA,Italian,$$,15.27,17.95,0.176,6.0,0.944,1.154,0,72
R03036,LA,Mediterranean,$$,13.55,18.73,0.3821,6.6,-1.318,1.165,0,72
R03037,NYC,American,$$,14.78,18.63,0.2609,11.9,-0.693,1.584,0,72
R03038,NYC,Italian,$$$,18.38,22.27,0.2117,5.2,0.839,1.65,1,37
R03039,LA,Mexican,$$,15.41,21.0,0.3623,1.2,-0.551,1.177,0,72
R03040,NYC,Mexican,$$,13.18,18.27,0.3862,9.6,-0.082,1.413,1,35
R03041,Chicago,Mexican,$$,15.42,20.39,0.3225,2.4,-0.47,0.782,0,72
R03042,LA,Italian,$$,13.79,16.44,0.1915,4.5,-0.408,1.102,0,72
R03043,NYC,American,$$,14.8,19.32,0.3051,7.1,-0.493,1.294,0,72
R03044,LA,Italian,$$$,20.46,24.11,0.1783,0.5,-1.259,1.246,0,72
R03045,Chicago,Mexican,$$,13.3,16.62,0.2501,10.7,0.459,0.987,0,72
R03046,LA,Chinese,$,11.13,14.42,0.2953,23.9,1.062,1.076,0,72
R03047,LA,Japanese,$$$$,26.03,31.47,0.209,1.4,-0.176,1.222,0,72
R03048,Chicago,FastFood,$,7.72,10.53,0.3626,7.5,0.949,0.992,0,72
R03049,NYC,Japanese,$$$,19.13,23.74,0.2411,14.4,-0.491,1.069,0,72
R03050,Chicago,Mexican,$$,13.65,17.45,0.279,1.0,-0.55,1.142,0,72
R03051,NYC,American,$$,16.02,19.8,0.236,0.5,0.411,1.637,0,72
R03052,LA,FastFood,$,7.74,10.77,0.3919,1.2,0.427,1.166,0,72
R03053,LA,Thai,$$,12.66,15.92,0.2567,12.3,-0.113,1.252,0,72
R03054,LA,Thai,$,11.55,15.56,0.3471,12.4,0.677,1.154,0,72
R03055,LA,FastFood,$,7.92,11.03,0.3934,21.5,-1.287,0.99,0,72
R03056,LA,American,$$$,19.5,24.14,0.2377,2.7,-0.304,1.556,0,72
R03057,NYC,FastFood,$,8.88,12.09,0.3615,4.1,0.965,1.587,1,39
R03058,NYC,Mexican,$$,14.85,19.55,0.3163,3.6,0.962,1.623,0,72
R03059,NYC,Thai,$$,15.36,20.54,0.3373,1.9,0.836,1.401,0,72
R03060,LA,Mediterranean,$$,15.23,19.19,0.2603,16.3,1.021,1.374,0,72
R03061,NYC,FastFood,$,6.32,8.46,0.3391,10.3,-0.373,1.23,0,72
R03062,NYC,Japanese,$$$,18.62,23.69,0.2723,8.0,-1.705,1.408,0,72
R03063,Chicago,Thai,$$,12.41,14.65,0.1809,4.2,-0.259,1.093,0,72
R03064,NYC,Chinese,$,11.36,14.95,0.3162,3.2,0.636,1.345,0,72
R03065,NYC,American,$$$,19.09,25.06,0.3125,1.3,0.799,1.617,0,72
R03066,NYC,Italian,$$$,21.44,26.94,0.2569,3.7,-0.526,1.504,0,72
R03067,NYC,American,$$$,23.82,31.63,0.3276,30.3,-0.968,1.487,0,72
R03068,LA,Vietnamese,$,10.02,12.94,0.2911,1.8,-0.869,1.101,1,44
R03069,NYC,Italian,$$$,24.0,29.44,0.227,0.8,-0.544,1.522,0,72
R03070,NYC,Chinese,$$,17.31,21.88,0.2641,0.5,-1.897,1.828,0,72
R03071,Chicago,Italian,$$,17.26,20.37,0.1797,2.6,-0.527,1.021,0,72
R03072,Chicago,Vietnamese,$$,12.52,17.26,0.3783,27.4,0.048,1.069,0,72
R03073,LA,Vietnamese,$$,14.38,19.03,0.3238,1.3,-0.098,1.306,0,72
R03074,Chicago,Indian,$$,14.35,17.51,0.2207,0.5,-0.33,0.872,1,47
R03075,Chicago,Mexican,$$,12.2,15.12,0.2397,9.0,-0.689,0.984,0,72
R03076,NYC,Thai,$$,12.51,15.38,0.2301,1.3,-0.573,1.422,1,27
R03077,LA,Vietnamese,$,7.52,9.54,0.2685,7.4,-0.555,0.93,0,72
R03078,LA,Mexican,$$,12.66,17.19,0.358,2.6,0.705,1.319,0,72
R03079,NYC,Italian,$$,15.84,19.46,0.2286,1.5,-0.001,1.297,0,72
R03080,NYC,Japanese,$$$,18.13,22.15,0.2221,7.4,3.167,1.573,0,72
R03081,NYC,Italian,$$$,19.42,23.45,0.2076,1.6,-0.332,1.324,0,72
R03082,LA,Mexican,$,9.63,13.02,0.3525,2.6,0.438,1.533,0,72
R03083,LA,Chinese,$$,15.03,19.48,0.2959,14.2,-0.31,1.161,0,72
R03084,LA,Mexican,$$,13.64,17.57,0.2886,11.2,-0.334,1.511,0,72
R03085,NYC,Mexican,$,11.63,15.41,0.3246,0.5,1.562,1.42,0,72
R03086,NYC,Chinese,$$,12.85,18.38,0.4303,0.5,0.998,1.441,0,72
R03087,LA,Thai,$,11.3,15.27,0.351,1.3,-1.755,1.448,1,23
R03088,LA,American,$$$,18.31,24.42,0.3334,16.2,-1.023,1.075,0,72
R03089,Chicago,Japanese,$$$,22.75,25.77,0.1324,8.7,-0.136,1.006,0,72
R03090,Chicago,Vietnamese,$$,12.06,15.34,0.2724,2.0,-0.517,1.067,0,72
R03091,Chicago,American,$$,17.51,20.98,0.1978,3.4,-1.508,1.05,0,72
R03092,Chicago,Mexican,$,11.14,14.67,0.3172,7.7,0.116,1.005,0,72
R03093,Chicago,Chinese,$,9.89,13.08,0.323,7.3,-1.878,0.989,0,72
R03094,LA,Chinese,$$,15.44,20.33,0.3163,0.8,0.127,1.328,1,48
R03095,NYC,American,$$$,18.11,22.39,0.2364,4.1,0.73,1.481,0,72
R03096,NYC,Japanese,$$$,19.98,24.71,0.2369,3.2,0.873,1.628,0,72
R03097,NYC,Italian,$$$,19.38,24.82,0.281,6.2,-0.144,1.52,0,72
R03098,NYC,American,$$$,20.07,26.41,0.316,2.8,1.511,1.568,0,72
R03099,NYC,FastFood,$,10.43,14.26,0.367,4.1,0.332,1.661,1,36
R03100,Chicago,Italian,$$,16.26,19.62,0.2065,14.9,0.846,0.963,0,72
R03101,NYC,American,$$,12.24,15.7,0.2825,3.7,-0.736,1.656,0,72
R03102,Chicago,Japanese,$$,17.36,21.41,0.2335,9.5,1.522,0.981,0,72
R03103,LA,Indian,$$,13.71,18.04,0.3158,8.2,-0.003,1.014,0,72
R03104,LA,Indian,$$$,18.87,24.74,0.3115,0.5,1.577,1.154,1,27
R03105,LA,Indian,$$,12.72,16.29,0.2812,9.4,1.358,1.1,0,72
R03106,NYC,Chinese,$,11.68,15.38,0.3175,8.7,0.258,1.517,0,72
R03107,LA,Japanese,$$$,19.69,24.52,0.2456,7.1,0.406,1.16,0,72
R03108,NYC,Thai,$$,12.72,16.17,0.271,15.1,-0.18,1.472,0,72
R03109,Chicago,Italian,$$,17.96,20.84,0.1603,12.6,-0.819,1.129,0,72
R03110,NYC,FastFood,$,6.75,9.36,0.3872,9.5,0.595,1.733,0,72
R03111,NYC,Italian,$$$,21.88,26.57,0.2144,10.0,0.544,1.502,0,72
R03112,LA,American,$$,15.59,20.28,0.3007,0.6,-1.619,1.367,0,72
R03113,LA,Japanese,$$$$,34.37,42.88,0.2474,23.0,-0.083,1.175,0,72
R03114,LA,Japanese,$$,17.81,22.99,0.291,4.0,0.868,0.995,0,72
R03115,LA,Thai,$$$,18.64,24.64,0.3218,25.3,1.466,1.042,0,72
R03116,NYC,Chinese,$$,16.7,22.75,0.3621,32.2,0.725,1.416,0,72
R03117,LA,American,$$,14.86,18.37,0.2362,0.5,-1.517,1.32,0,72
R03118,NYC,American,$$,14.9,19.38,0.3004,0.5,-1.054,1.417,0,72
R03119,NYC,Mediterranean,$$,14.4,19.11,0.3269,7.0,-0.346,1.672,0,72
R03120,NYC,American,$$,13.58,16.33,0.2024,7.7,1.399,1.806,0,72
R03121,NYC,FastFood,$,8.5,12.28,0.4451,12.0,-0.607,1.303,0,72
R03122,NYC,Mediterranean,$$,17.06,23.95,0.4033,13.1,1.059,1.871,0,72
R03123,LA,Italian,$$,13.49,17.23,0.2774,6.9,-0.623,0.986,0,72
R03124,NYC,Mediterranean,$$$$,25.69,34.17,0.3303,2.1,0.533,1.81,0,72
R03125,NYC,FastFood,$,8.11,11.27,0.3894,0.5,-0.94,1.444,0,72
R03126,LA,Chinese,$$,13.15,16.89,0.2838,1.4,-0.194,1.167,0,72
R03127,NYC,American,$$,14.29,18.22,0.2745,9.5,-1.132,1.449,1,45
R03128,LA,Italian,$$,17.16,21.93,0.2782,15.4,1.443,1.09,0,72
R03129,Chicago,Vietnamese,$,10.78,13.28,0.2313,4.4,-0.695,1.197,0,72
R03130,NYC,Mexican,$$,12.49,16.08,0.287,2.1,-1.547,1.334,0,72
R03131,Chicago,Indian,$$,14.46,17.79,0.2301,0.5,-1.626,0.935,0,72
R03132,NYC,Japanese,$$$$,25.43,33.13,0.3028,3.2,-0.085,1.229,1,30
R03133,NYC,American,$$,16.67,20.61,0.2367,10.4,-0.458,1.328,0,72
R03134,LA,Mexican,$$,14.19,18.57,0.3087,0.5,0.649,1.103,0,72
R03135,LA,Vietnamese,$,11.48,14.98,0.3047,6.4,-0.235,1.094,0,72
R03136,Chicago,American,$$,16.68,19.67,0.1794,0.8,1.166,0.979,0,72
R03137,NYC,American,$$,15.32,17.74,0.158,3.4,-0.385,1.268,0,72
R03138,LA,Italian,$$$,21.56,25.41,0.1787,2.2,1.026,1.453,0,72
R03139,NYC,Chinese,$$,13.78,18.37,0.333,1.2,-0.953,1.424,1,29
R03140,NYC,Japanese,$$$,21.38,27.68,0.2943,2.6,-1.503,1.517,0,72
R03141,NYC,FastFood,$,8.22,11.38,0.3847,4.6,-0.823,1.608,0,72
R03142,Chicago,Chinese,$$,12.75,16.58,0.3005,0.5,-1.129,1.275,0,72
R03143,NYC,Vietnamese,$,11.56,15.02,0.2987,1.3,-1.241,1.617,0,72
R03144,Chicago,Mexican,$$,12.37,15.44,0.248,1.7,0.414,0.971,0,72
R03145,LA,Indian,$$,13.11,17.03,0.2988,0.5,-0.264,1.055,1,27
R03146,LA,Chinese,$$,14.92,19.24,0.2894,1.8,0.142,1.25,0,72
R03147,LA,Japanese,$$$$,25.54,33.08,0.2954,2.2,0.528,1.363,0,72
R03148,Chicago,Italian,$$$,24.82,30.25,0.2191,2.4,-1.686,1.017,0,72
R03149,NYC,Mexican,$,11.21,15.75,0.4042,0.5,0.57,1.461,0,72
R03150,NYC,Italian,$$$,20.29,24.9,0.2267,4.9,-1.205,1.488,0,72
R03151,LA,Italian,$$,12.77,16.38,0.2834,5.5,-0.577,0.959,0,72
R03152,NYC,American,$$$,18.57,25.67,0.3817,5.9,-1.892,1.476,0,72
R03153,NYC,FastFood,$,6.54,8.91,0.3627,2.2,0.655,1.583,1,30
R03154,NYC,Japanese,$$$,18.43,23.86,0.295,4.9,-1.689,1.442,0,72
R03155,NYC,FastFood,$,9.02,11.85,0.3135,4.4,-1.2,1.659,0,72
R03156,NYC,Japanese,$$$,19.67,25.86,0.3147,1.0,-1.128,1.666,0,72
R03157,NYC,Mexican,$,10.91,15.23,0.3965,2.6,-0.129,1.365,0,72
R03158,Chicago,Chinese,$,11.91,14.84,0.2453,3.9,-0.159,1.054,0,72
R03159,NYC,Japanese,$$$$,25.09,32.6,0.2993,3.0,0.812,1.457,0,72
R03160,Chicago,Italian,$$,15.22,18.47,0.214,3.6,-0.105,0.784,0,72
R03161,Chicago,Mediterranean,$$,16.84,21.2,0.2595,3.5,0.966,0.978,0,72
R03162,NYC,Vietnamese,$,10.74,14.72,0.3706,2.7,0.379,1.281,0,72
R03163,LA,American,$$$,18.54,23.85,0.2859,8.6,-0.945,1.219,0,72
R03164,LA,American,$$$,18.64,23.35,0.2531,6.0,-0.667,1.302,0,72
R03165,LA,Japanese,$$,15.81,20.42,0.2917,0.5,1.511,1.169,0,72
R03166,NYC,American,$$$,19.31,25.79,0.3356,2.8,1.227,1.302,0,72
R03167,NYC,Mexican,$,11.2,14.7,0.3123,3.8,0.824,1.491,0,72
R03168,NYC,Chinese,$$,13.56,17.9,0.3199,19.8,0.955,1.944,0,72
R03169,LA,Italian,$$,15.2,17.35,0.1416,4.7,0.465,0.925,0,72
R03170,Chicago,Chinese,$$,13.9,18.06,0.2992,3.8,0.335,1.028,0,72
R03171,LA,Vietnamese,$$$,18.2,24.96,0.3712,11.3,0.05,1.124,0,72
R03172,LA,Mexican,$$,12.79,16.72,0.3071,4.4,1.699,1.14,0,72
R03173,Chicago,Chinese,$,11.97,15.28,0.2767,11.3,-0.465,0.988,0,72
R03174,LA,Mediterranean,$$,16.3,20.53,0.259,5.7,0.24,1.151,0,72
R03175,NYC,FastFood,$,6.52,8.75,0.3408,3.6,-1.708,1.559,0,72
R03176,Chicago,Japanese,$$$$,28.56,35.17,0.2316,22.4,-1.431,0.971,0,72
R03177,NYC,American,$$,16.93,21.0,0.2408,6.7,1.815,1.119,0,72
R03178,NYC,Indian,$$,12.01,15.47,0.2882,6.5,0.617,1.691,0,72
R03179,LA,Mexican,$,10.41,13.27,0.2748,0.5,-0.213,1.374,0,72
R03180,Chicago,Japanese,$$$,22.06,27.56,0.2495,0.5,0.078,0.93,0,72
R03181,NYC,Mexican,$$,14.78,19.99,0.352,26.5,-1.358,1.459,0,72
R03182,LA,Japanese,$$,17.88,21.97,0.2284,3.2,-0.428,1.389,0,72
R03183,NYC,FastFood,$,10.39,14.14,0.3619,0.8,-1.458,1.641,0,72
R03184,NYC,Indian,$$,14.26,18.38,0.289,1.2,-0.295,1.707,0,72
R03185,NYC,FastFood,$,7.19,10.19,0.4172,0.5,0.68,1.517,0,72
R03186,LA,Indian,$$,13.33,16.77,0.2579,14.9,0.453,1.316,0,72
R03187,Chicago,American,$$$,21.92,27.66,0.2618,3.3,1.589,1.184,0,72
R03188,NYC,Indian,$,11.29,14.28,0.2647,0.8,0.295,1.391,1,29
R03189,NYC,Vietnamese,$,10.08,13.82,0.3707,1.8,-2.478,1.529,1,34
R03190,NYC,Japanese,$$$$,26.11,34.52,0.3219,2.7,1.951,1.121,0,72
R03191,NYC,Italian,$$$,18.72,24.41,0.3042,7.4,-0.841,1.2,0,72
R03192,LA,American,$$,13.88,18.5,0.3336,6.1,0.162,1.274,1,36
R03193,LA,Chinese,$$,15.47,20.33,0.3146,12.0,0.102,1.298,0,72
R03194,LA,Japanese,$$$$,26.4,34.63,0.3119,0.8,0.241,1.146,0,72
R03195,NYC,Chinese,$$,13.8,19.34,0.4012,9.9,0.048,1.348,0,72
R03196,LA,American,$$,14.33,17.25,0.2039,4.4,0.066,1.15,0,72
R03197,NYC,Chinese,$,11.97,15.44,0.2898,2.2,-1.322,1.484,0,72
R03198,NYC,Italian,$$$,18.95,22.27,0.1752,1.5,2.587,1.098,0,72
R03199,Chicago,American,$$,12.63,16.21,0.2831,0.5,0.651,1.057,0,72
R03200,LA,Chinese,$$,16.51,20.22,0.2246,3.3,0.052,1.205,0,72
R03201,Chicago,FastFood,$,11.54,14.09,0.221,1.6,1.842,1.03,0,72
R03202,Chicago,Japanese,$$$,21.09,24.57,0.1651,3.2,-1.072,0.985,0,72
R03203,LA,Italian,$$$,19.19,21.94,0.1431,0.5,0.868,1.016,0,72
R03204,Chicago,Mexican,$$,15.47,20.17,0.3036,5.8,-0.555,0.877,0,72
R03205,NYC,Thai,$$$,19.91,25.0,0.2558,1.4,0.402,1.741,0,72
R03206,NYC,American,$$$,21.18,25.32,0.1955,1.2,0.424,1.342,0,72
R03207,NYC,Japanese,$$,16.1,20.41,0.2679,3.3,-2.336,1.598,0,72
R03208,NYC,Chinese,$$,12.28,16.22,0.3209,21.8,-1.432,1.273,1,36
R03209,NYC,Indian,$$,15.87,19.14,0.2065,0.6,1.586,1.447,0,72
R03210,NYC,FastFood,$,7.78,10.3,0.3243,4.3,-0.252,1.375,0,72
R03211,LA,Italian,$$$,24.81,30.42,0.2263,1.6,2.002,1.159,0,72
R03212,LA,Mexican,$$,16.76,21.82,0.3022,0.5,1.31,1.152,0,72
R03213,LA,Mexican,$,10.79,14.07,0.3035,3.2,-0.22,1.427,1,30
R03214,NYC,Mexican,$$,12.14,16.98,0.399,2.5,-0.309,1.827,1,40
R03215,LA,Indian,$$,12.67,17.58,0.3873,2.9,1.648,1.235,1,33
R03216,NYC,FastFood,$,8.21,11.03,0.3443,36.7,2.103,1.38,0,72
R03217,NYC,FastFood,$,8.16,10.56,0.2939,1.9,-0.287,1.236,0,72
R03218,NYC,Thai,$$,16.62,21.58,0.2983,0.9,1.538,1.226,0,72
R03219,NYC,Chinese,$,11.08,14.73,0.3297,4.0,1.03,1.725,1,30
R03220,NYC,FastFood,$,5.31,7.2,0.3573,0.5,1.203,1.216,0,72
R03221,Chicago,Italian,$$,13.48,16.59,0.2305,16.1,0.101,0.949,0,72
R03222,LA,Italian,$$,14.96,20.05,0.3406,12.6,-0.672,1.223,0,72
R03223,LA,Vietnamese,$,10.22,12.51,0.2243,3.5,-1.054,0.878,0,72
R03224,NYC,Mexican,$$,12.93,17.0,0.3146,4.9,-1.304,1.248,1,21
R03225,Chicago,Thai,$,11.53,15.41,0.3371,2.7,1.911,0.852,0,72
R03226,LA,FastFood,$,6.84,8.98,0.3139,3.9,0.011,1.108,0,72
R03227,NYC,Indian,$$,12.27,16.43,0.3395,5.3,-1.145,1.496,1,43
R03228,LA,Thai,$,11.45,15.14,0.3215,9.7,1.002,1.358,0,72
R03229,LA,Japanese,$$$,19.91,26.12,0.3118,3.7,-0.479,1.108,0,72
R03230,NYC,Mexican,$,11.23,16.12,0.4357,1.3,-0.651,1.372,1,21
R03231,NYC,Thai,$$,15.85,21.03,0.3267,0.6,2.068,1.429,0,72
R03232,LA,American,$$,13.39,15.7,0.1727,1.9,-1.331,1.089,0,72
R03233,NYC,Mediterranean,$$,15.94,20.0,0.255,15.5,0.235,1.525,0,72
R03234,NYC,Mexican,$,11.33,16.42,0.4493,8.1,-0.591,1.53,1,16
R03235,NYC,Italian,$$$,20.82,24.55,0.1793,20.0,-0.751,1.046,0,72
R03236,Chicago,Italian,$$,17.51,21.44,0.2248,7.8,-1.464,1.08,0,72
R03237,NYC,Vietnamese,$$,13.89,16.73,0.2043,19.9,0.06,1.472,0,72
R03238,NYC,Thai,$,11.38,14.14,0.2424,6.1,-0.874,1.496,0,72
R03239,NYC,FastFood,$,8.42,11.83,0.4043,5.0,0.591,1.67,1,49
R03240,Chicago,Italian,$$,16.23,19.5,0.2018,40.0,-0.047,0.807,0,72
R03241,LA,American,$$,12.83,15.93,0.2412,6.1,-0.313,1.032,0,72
R03242,Chicago,Mexican,$$,12.35,15.43,0.2493,10.2,-0.869,0.992,0,72
R03243,NYC,Chinese,$$,17.76,21.67,0.2202,0.8,1.431,1.097,0,72
R03244,NYC,Italian,$$,15.44,19.83,0.2847,4.5,0.736,1.414,0,72
R03245,LA,American,$$,15.64,19.48,0.2458,1.6,-0.681,1.328,0,72
R03246,NYC,Japanese,$$,17.37,20.74,0.1939,2.4,-1.359,1.521,0,72
R03247,Chicago,Italian,$$,13.84,16.63,0.2015,3.5,-1.888,1.01,0,72
R03248,Chicago,American,$$,13.89,17.48,0.2591,3.5,1.137,0.972,0,72
R03249,LA,Thai,$$,12.91,16.53,0.28,8.9,0.909,1.14,0,72
R03250,Chicago,Chinese,$$,12.08,15.42,0.2758,11.8,1.047,0.943,0,72
R03251,LA,Italian,$$,17.28,21.29,0.2319,2.8,-0.12,1.233,0,72
R03252,NYC,Indian,$,10.78,13.63,0.2647,1.4,0.806,1.204,0,72
R03253,LA,Indian,$$,12.95,16.62,0.2827,12.6,1.027,1.43,0,72
R03254,NYC,Thai,$$,15.32,20.64,0.3468,4.6,-0.07,1.327,0,72
R03255,Chicago,Chinese,$,10.18,13.46,0.3217,24.7,-0.358,1.069,0,72
R03256,NYC,American,$$,15.01,19.81,0.3195,11.7,-0.976,1.464,0,72
R03257,NYC,Mediterranean,$$,17.92,22.51,0.2562,2.9,0.426,1.263,0,72
R03258,LA,Japanese,$$$,19.11,24.5,0.2818,15.2,0.559,1.401,0,72
R03259,NYC,Japanese,$$$,23.39,30.26,0.2933,12.2,-0.407,1.651,0,72
R03260,NYC,FastFood,$,6.46,8.56,0.3245,1.5,-0.289,1.201,1,1
R03261,LA,Mexican,$$,14.67,19.02,0.2968,0.5,-0.217,1.189,1,27
R03262,NYC,Indian,$$,15.49,20.66,0.334,4.0,0.791,1.487,0,72
R03263,LA,Mediterranean,$$,17.17,22.99,0.3388,11.3,-1.374,0.936,0,72
R03264,NYC,Chinese,$$,15.92,19.57,0.2294,3.6,-1.105,1.124,0,72
R03265,NYC,Indian,$$,13.67,18.89,0.382,3.4,-1.086,1.312,0,72
R03266,NYC,Japanese,$$$,19.68,26.15,0.3282,1.4,-0.149,1.239,0,72
R03267,LA,Mediterranean,$$$,21.76,27.86,0.28,0.5,0.315,1.059,1,31
R03268,Chicago,Mediterranean,$$$,23.68,29.08,0.228,2.1,-1.069,0.854,0,72
R03269,NYC,Mediterranean,$$,15.01,19.65,0.3095,22.5,0.909,1.429,0,72
R03270,Chicago,Mexican,$$,12.25,15.41,0.258,1.5,1.463,0.898,0,72
R03271,LA,Indian,$$,17.5,22.25,0.2711,2.0,0.414,1.372,1,39
R03272,LA,FastFood,$,8.38,10.61,0.2662,8.8,1.123,1.226,0,72
R03273,LA,American,$$,17.81,20.89,0.1729,5.4,-0.915,1.32,0,72
R03274,LA,American,$$$,18.41,25.35,0.3766,1.9,-0.891,0.98,0,72
R03275,Chicago,Mexican,$,11.3,14.61,0.2932,8.7,0.515,0.927,0,72
R03276,LA,Mediterranean,$$$,18.33,23.47,0.2802,7.1,-0.038,1.22,0,72
R03277,LA,Mexican,$$,12.49,16.46,0.3185,1.7,-0.893,1.267,0,72
R03278,NYC,Italian,$$,14.46,17.48,0.2086,10.3,1.425,1.342,0,72
R03279,NYC,FastFood,$,7.11,9.56,0.3446,2.5,0.299,1.365,1,39
R03280,LA,FastFood,$,7.56,10.16,0.3446,8.9,0.702,1.145,0,72
R03281,NYC,FastFood,$,10.05,13.56,0.3502,1.1,-0.674,1.399,1,39
R03282,NYC,Japanese,$$$$,26.16,32.23,0.2324,2.9,1.68,1.88,0,72
R03283,NYC,Chinese,$$,14.88,20.0,0.344,22.0,-0.156,1.506,1,36
R03284,NYC,Japanese,$$$,23.81,30.47,0.2794,9.6,1.019,1.457,0,72
R03285,LA,Mexican,$$,13.46,18.04,0.3396,2.0,-0.583,1.032,0,72
R03286,LA,Mediterranean,$$,17.87,23.33,0.3053,1.9,0.169,1.035,0,72
R03287,NYC,American,$$,17.22,21.89,0.2715,8.9,0.558,1.413,0,72
R03288,NYC,Japanese,$$$,23.97,30.23,0.2616,4.3,1.995,1.661,0,72
R03289,NYC,Mexican,$,9.71,13.73,0.4141,0.5,-0.44,1.416,0,72
R03290,NYC,Japanese,$$$,19.08,23.33,0.2228,2.0,0.203,1.423,0,72
R03291,LA,Mediterranean,$$,14.13,16.62,0.1763,2.0,0.592,1.097,0,72
R03292,LA,Indian,$$,17.7,23.14,0.3078,1.7,-1.415,0.974,0,72
R03293,LA,Mexican,$$,16.84,21.69,0.2885,15.3,-2.174,1.265,0,72
R03294,LA,Chinese,$,8.8,10.96,0.2461,9.8,-0.996,1.164,0,72
R03295,Chicago,Japanese,$$$$,29.16,36.86,0.2643,0.5,0.967,1.055,0,72
R03296,LA,Mexican,$$,12.7,16.67,0.3128,6.0,1.716,1.222,0,72
R03297,LA,FastFood,$,10.2,13.02,0.2768,14.6,-0.923,1.069,0,72
R03298,LA,Vietnamese,$$,12.6,17.72,0.4067,2.1,-1.217,1.233,0,72
R03299,NYC,Mexican,$$,16.2,20.4,0.2595,5.8,1.535,1.242,0,72
R03300,Chicago,Thai,$$,14.54,18.26,0.2557,31.9,-0.565,1.026,0,72
R03301,NYC,Italian,$$,14.08,16.27,0.1555,11.7,-0.372,1.439,0,72
R03302,NYC,Chinese,$$,12.76,17.01,0.3335,0.5,1.459,1.744,0,72
R03303,Chicago,American,$$,17.56,21.03,0.1979,2.2,1.295,0.901,0,72
R03304,LA,Mexican,$$,12.02,16.36,0.361,20.2,0.934,1.023,0,72
R03305,NYC,Japanese,$$$,24.77,31.43,0.2691,10.6,-1.711,1.38,0,72
R03306,NYC,Thai,$$,13.84,19.06,0.3775,0.6,-1.258,1.56,0,72
R03307,NYC,FastFood,$,7.64,10.22,0.3385,1.4,1.121,1.036,0,72
R03308,LA,Italian,$$,14.8,17.02,0.1498,6.9,0.318,1.333,0,72
R03309,NYC,Vietnamese,$,10.72,14.38,0.3419,2.0,-0.778,1.414,0,72
R03310,Chicago,Chinese,$$,13.49,16.96,0.2574,14.3,-0.345,0.872,1,37
R03311,Chicago,American,$,11.24,12.81,0.139,3.1,1.111,0.957,0,72
R03312,LA,Chinese,$,11.3,14.09,0.2472,16.2,1.528,1.098,0,72
R03313,LA,American,$,11.17,13.66,0.2231,1.1,-0.006,1.036,0,72
R03314,NYC,Chinese,$,11.63,16.26,0.3978,11.8,-0.687,1.149,0,72
R03315,NYC,FastFood,$,10.54,14.71,0.3954,5.9,-0.275,1.583,0,72
R03316,LA,Mediterranean,$$,13.73,17.2,0.2526,3.2,1.343,1.122,0,72
R03317,NYC,Italian,$$$,20.43,26.02,0.2735,2.3,1.324,1.383,1,42
R03318,NYC,Indian,$$$,24.21,29.01,0.198,13.8,0.194,1.605,0,72
R03319,NYC,Mexican,$$,16.24,21.3,0.3118,14.9,-0.529,1.46,0,72
R03320,NYC,Indian,$$,14.85,19.61,0.32,6.6,1.083,1.203,0,72
R03321,NYC,Italian,$$$,21.01,26.43,0.2583,7.4,1.623,1.572,0,72
R03322,LA,Mexican,$,9.77,12.63,0.293,12.1,-1.454,1.434,1,29
R03323,Chicago,Vietnamese,$,8.66,11.07,0.2781,4.9,-0.232,1.062,0,72
R03324,LA,Japanese,$$$,22.11,28.02,0.2669,2.5,1.156,1.082,0,72
R03325,Chicago,American,$$,17.19,21.14,0.2295,3.9,0.074,0.838,0,72
R03326,NYC,American,$$$,19.48,25.78,0.3231,1.0,-0.489,1.301,0,72
R03327,Chicago,Mexican,$,11.28,14.74,0.3059,16.3,0.185,1.012,0,72
R03328,LA,Mexican,$$,12.94,17.42,0.3456,8.1,0.371,1.424,1,32
R03329,NYC,American,$$,16.46,22.49,0.3657,3.4,-1.127,1.324,0,72
R03330,Chicago,American,$$,15.63,19.87,0.2714,6.2,0.091,0.925,0,72
R03331,NYC,Mexican,$$,12.34,17.61,0.427,1.2,0.367,1.639,0,72
R03332,NYC,Italian,$$,15.43,18.77,0.2164,0.5,-0.491,1.376,1,34
R03333,NYC,American,$$,16.83,20.2,0.2004,4.8,-0.779,1.781,0,72
R03334,NYC,Vietnamese,$,11.91,15.76,0.323,4.5,-0.538,1.424,0,72
R03335,NYC,Thai,$$,12.93,16.8,0.2987,0.6,-0.971,1.668,0,72
R03336,LA,Japanese,$$$,24.8,32.81,0.323,0.9,0.851,1.256,0,72
R03337,Chicago,American,$$$,19.25,22.59,0.1735,1.7,-0.984,1.089,0,72
R03338,NYC,American,$$$,18.07,23.06,0.2761,10.7,0.189,1.42,0,72
R03339,LA,Italian,$$,14.92,18.65,0.2503,1.2,-0.374,1.184,0,72
R03340,NYC,Mexican,$$,12.73,17.12,0.345,4.1,-0.706,1.525,1,23
R03341,Chicago,Mexican,$,10.61,13.59,0.2814,8.9,1.371,1.101,1,30
R03342,NYC,Thai,$$,14.25,18.92,0.3279,8.7,-0.131,1.544,0,72
R03343,NYC,Chinese,$,11.04,15.17,0.374,2.7,-0.669,1.173,0,72
R03344,LA,American,$$$,20.14,26.92,0.3368,2.8,-0.765,1.238,0,72
R03345,LA,American,$$$,18.42,23.24,0.2616,0.6,0.339,1.109,0,72
R03346,LA,Japanese,$$$$,27.07,32.74,0.2092,40.0,0.827,1.124,0,72
R03347,LA,Thai,$$,16.92,23.12,0.3667,5.1,1.271,1.268,0,72
R03348,LA,Vietnamese,$,10.95,13.76,0.2561,10.5,-0.168,1.471,0,72
R03349,NYC,Mexican,$,11.58,16.55,0.4295,0.7,-0.228,1.41,1,27
R03350,NYC,Indian,$$$,19.84,27.12,0.3672,27.0,0.131,1.837,0,72
R03351,NYC,American,$$,15.53,21.04,0.3545,0.5,0.167,1.271,0,72
R03352,NYC,Italian,$$,14.11,18.11,0.2843,1.0,-0.772,1.681,0,72
R03353,NYC,Indian,$$,17.38,20.76,0.1944,2.4,1.462,1.527,0,72
R03354,LA,Vietnamese,$,11.8,14.85,0.258,0.5,0.022,1.23,1,21
R03355,NYC,Italian,$$$,23.6,29.87,0.2653,0.7,0.535,1.712,0,72
R03356,LA,FastFood,$,8.88,11.6,0.3062,3.7,0.424,1.112,0,72
R03357,LA,Vietnamese,$,11.46,14.83,0.2942,1.7,0.404,1.399,1,31
R03358,LA,American,$$$,21.06,27.18,0.2906,5.9,-1.004,1.17,0,72
R03359,LA,Mexican,$,9.48,12.43,0.3115,10.2,-0.006,1.111,0,72
R03360,NYC,Italian,$$,16.2,19.26,0.189,0.5,2.281,1.237,0,72
R03361,NYC,Japanese,$$$,18.75,24.65,0.3143,2.7,1.587,1.754,0,72
R03362,LA,American,$,10.78,13.86,0.2857,6.2,0.157,1.376,0,72
R03363,LA,American,$$$,18.72,23.36,0.2476,6.1,-0.367,1.133,0,72
R03364,NYC,Indian,$$,13.12,17.52,0.3356,10.5,-2.218,1.548,0,72
R03365,NYC,Chinese,$$,15.3,20.27,0.3248,0.5,-0.497,1.472,1,34
R03366,LA,Indian,$$,15.55,20.94,0.3466,9.0,-0.078,1.15,0,72
R03367,LA,Thai,$$,15.62,20.26,0.2976,6.7,-0.317,1.347,1,40
R03368,NYC,Indian,$$,13.36,18.25,0.3662,10.1,-0.248,1.345,0,72
R03369,NYC,Indian,$$,12.64,15.24,0.2063,5.8,0.622,1.115,0,72
R03370,Chicago,Mediterranean,$$,17.28,21.82,0.263,3.2,-1.0,1.032,0,72
R03371,NYC,Mexican,$$,14.75,19.47,0.3201,1.1,0.273,1.462,0,72
R03372,Chicago,Vietnamese,$,11.4,14.1,0.237,13.0,-0.11,0.931,0,72
R03373,NYC,FastFood,$,7.49,10.62,0.4179,1.6,-0.882,1.303,0,72
R03374,LA,American,$$,12.89,16.82,0.3045,4.2,1.674,0.995,0,72
R03375,NYC,Chinese,$$,13.49,16.45,0.2197,3.5,0.748,1.388,0,72
R03376,NYC,FastFood,$,7.69,10.74,0.3958,16.2,-0.786,1.305,1,35
R03377,Chicago,Chinese,$$,12.83,16.68,0.2997,19.6,0.517,1.123,0,72
R03378,LA,Italian,$$,17.24,20.59,0.1938,0.8,-1.389,1.277,1,52
R03379,Chicago,Chinese,$$,12.0,14.74,0.2282,1.1,-0.663,0.944,0,72
R03380,NYC,Japanese,$$$,23.19,27.61,0.1905,7.1,1.328,1.544,0,72
R03381,Chicago,Japanese,$$$,24.31,29.25,0.2031,2.8,0.352,0.987,0,72
R03382,Chicago,American,$$$,22.79,27.83,0.2211,1.0,0.271,0.968,0,72
R03383,LA,FastFood,$,9.74,13.44,0.3798,2.5,0.987,1.192,0,72
R03384,NYC,Japanese,$$$$,29.31,37.62,0.2835,2.0,0.611,1.793,0,72
R03385,LA,American,$$,13.81,16.67,0.207,6.9,-0.266,1.296,0,72
R03386,LA,Mediterranean,$$,12.74,16.34,0.2819,7.5,0.936,1.158,1,52
R03387,Chicago,Thai,$$,13.96,17.42,0.2473,13.4,-1.689,1.113,0,72
R03388,NYC,Chinese,$$,15.17,19.32,0.2733,2.9,-0.667,1.607,0,72
R03389,NYC,Mexican,$$,14.18,17.88,0.2605,4.5,-0.097,1.496,0,72
R03390,NYC,American,$$$,19.9,26.09,0.3112,7.8,0.548,1.394,0,72
R03391,LA,Thai,$,8.87,11.64,0.3123,5.8,-0.325,1.145,0,72
R03392,Chicago,American,$$$,20.05,25.22,0.2578,2.3,-1.784,0.879,0,72
R03393,NYC,Chinese,$$,13.81,17.73,0.2836,10.6,-1.924,1.482,0,72
R03394,LA,Indian,$,10.98,14.15,0.2886,4.6,-0.068,1.115,0,72
R03395,Chicago,Vietnamese,$$,13.1,15.87,0.2112,6.5,-0.478,0.949,0,72
R03396,NYC,American,$$,16.5,20.3,0.2307,0.8,-0.91,1.563,0,72
R03397,NYC,Mediterranean,$$$,18.21,23.52,0.2917,12.0,-1.077,1.775,0,72
R03398,LA,Thai,$$,16.76,21.84,0.3031,0.5,0.134,1.255,0,72
R03399,LA,Vietnamese,$$,12.43,15.27,0.2286,4.9,1.302,1.185,0,72
R03400,NYC,Vietnamese,$,8.82,11.27,0.2771,5.1,0.134,1.447,1,36
R03401,Chicago,Vietnamese,$,11.21,14.14,0.2617,4.6,1.316,1.146,0,72
R03402,LA,American,$,11.96,15.64,0.3079,10.0,-0.374,1.257,0,72
R03403,Chicago,Japanese,$$$,24.73,29.16,0.1793,8.3,0.443,1.024,0,72
R03404,Chicago,Indian,$$$,18.65,23.44,0.257,4.6,1.352,1.032,0,72
R03405,Chicago,American,$$,12.8,15.9,0.2423,2.0,-0.158,0.842,0,72
R03406,LA,Japanese,$$$,19.5,24.13,0.2375,0.8,0.026,1.258,0,72
R03407,NYC,Mexican,$,10.66,14.43,0.3534,0.5,-0.374,1.305,0,72
R03408,LA,Indian,$$,13.36,16.21,0.2128,4.4,0.593,1.258,0,72
R03409,NYC,Vietnamese,$$,12.39,16.07,0.2972,0.5,0.902,1.328,0,72
R03410,LA,Italian,$$,16.62,21.63,0.3017,12.1,0.351,1.288,0,72
R03411,NYC,Italian,$$$,20.24,26.83,0.3252,3.5,-0.229,1.424,0,72
R03412,LA,Chinese,$$,15.75,21.14,0.3421,8.6,-1.5,1.046,0,72
R03413,NYC,FastFood,$,10.36,14.67,0.415,22.1,-0.048,1.4,0,72
R03414,NYC,Mediterranean,$$,13.9,16.66,0.1987,6.2,-0.192,1.889,0,72
R03415,NYC,American,$$$,20.53,25.31,0.2326,2.9,0.236,1.104,0,72
R03416,LA,Japanese,$$$$,28.64,35.36,0.2344,1.8,0.117,1.224,0,72
R03417,LA,Indian,$$$,19.18,26.86,0.4008,7.7,1.572,1.063,0,72
R03418,NYC,American,$$,15.55,19.66,0.2643,8.3,-0.696,1.711,1,35
R03419,Chicago,FastFood,$,7.42,10.0,0.3472,1.5,-1.575,1.103,0,72
R03420,Chicago,Mexican,$,10.47,13.71,0.3089,0.5,-1.143,1.023,0,72
R03421,NYC,Mexican,$,10.25,13.92,0.3578,7.1,-0.634,1.619,0,72
R03422,LA,American,$$,16.03,20.18,0.2588,2.1,1.082,1.236,0,72
R03423,NYC,Chinese,$$,15.14,19.08,0.26,3.8,-1.297,1.451,0,72
R03424,NYC,American,$$$,20.24,23.18,0.1449,7.1,-1.164,1.349,1,33
R03425,LA,Thai,$$,12.83,17.37,0.3541,7.5,0.414,1.149,0,72
R03426,NYC,Mexican,$$,12.41,16.25,0.3092,11.8,0.849,1.371,0,72
R03427,Chicago,Japanese,$$$,21.59,24.33,0.1266,22.8,-1.549,1.001,0,72
R03428,Chicago,Vietnamese,$,10.26,13.35,0.3019,6.2,-1.772,0.797,0,72
R03429,Chicago,Thai,$$,15.98,20.47,0.2809,2.4,-0.787,1.132,0,72
R03430,LA,American,$$,17.08,22.18,0.2984,27.7,0.657,1.516,0,72
R03431,LA,Chinese,$$,13.34,18.08,0.3558,1.1,0.143,1.139,0,72
R03432,Chicago,American,$$,17.07,20.21,0.1841,0.5,-0.75,1.151,0,72
R03433,NYC,Japanese,$$$,24.58,30.14,0.2263,6.2,0.739,1.427,0,72
R03434,NYC,Indian,$$,16.17,20.76,0.2841,4.3,0.124,1.349,0,72
R03435,LA,American,$$,13.76,17.9,0.3011,6.7,-0.108,1.146,0,72
R03436,NYC,Italian,$$$,21.15,24.22,0.1449,5.4,-1.614,1.465,0,72
R03437,NYC,Indian,$$,15.18,19.83,0.3064,0.5,-0.771,1.33,1,28
R03438,NYC,American,$$,14.8,19.63,0.3266,3.1,1.957,1.559,0,72
R03439,LA,Chinese,$$,13.56,18.23,0.3445,13.0,-0.336,1.128,0,72
R03440,NYC,American,$$,17.02,22.39,0.3154,2.0,-0.957,1.275,1,34
R03441,NYC,FastFood,$,10.33,14.59,0.4132,13.6,-0.382,1.447,0,72
R03442,NYC,Indian,$$,12.01,13.96,0.1626,5.2,0.119,1.334,0,72
R03443,NYC,Italian,$$$,22.85,30.4,0.3307,2.6,0.883,1.394,1,26
R03444,Chicago,Indian,$$,14.56,18.44,0.2665,3.5,0.621,0.994,0,72
R03445,NYC,Italian,$$,16.43,21.64,0.3167,1.9,-0.677,1.235,1,37
R03446,LA,American,$$,14.53,17.45,0.2013,6.3,1.272,1.43,0,72
R03447,LA,American,$$,13.36,15.66,0.1723,2.7,0.815,1.323,0,72
R03448,NYC,Chinese,$,9.5,13.39,0.4093,11.5,-0.445,1.344,0,72
R03449,Chicago,Italian,$$$,20.33,23.46,0.1537,0.9,-0.128,0.998,0,72
R03450,LA,FastFood,$$,12.14,16.08,0.3245,7.0,0.601,1.295,0,72
R03451,LA,Chinese,$,9.72,12.89,0.3264,3.6,1.075,1.23,1,33
R03452,NYC,Thai,$,11.8,15.91,0.3486,3.4,-1.519,1.817,0,72
R03453,NYC,Vietnamese,$$,13.17,18.22,0.3839,9.3,0.07,1.409,0,72
R03454,Chicago,American,$$,15.87,19.7,0.2412,0.9,-0.031,1.153,0,72
R03455,LA,Mexican,$$,14.53,18.41,0.2673,7.1,-0.571,1.022,0,72
R03456,Chicago,Chinese,$$,12.76,16.66,0.3053,10.2,-0.576,0.868,0,72
R03457,Chicago,Chinese,$,11.71,15.29,0.3061,5.4,1.054,1.224,1,31
R03458,NYC,American,$$,15.36,18.27,0.1892,1.4,0.535,1.377,0,72
R03459,LA,FastFood,$,5.54,7.81,0.4109,6.0,2.107,1.043,0,72
R03460,LA,Mediterranean,$$,13.84,15.85,0.1456,8.7,-0.57,1.193,0,72
R03461,LA,Mexican,$$,14.83,20.34,0.3717,0.7,0.137,1.397,0,72
R03462,NYC,Italian,$$$,22.31,27.18,0.2183,1.3,0.31,1.323,0,72
R03463,NYC,Chinese,$$,16.74,22.69,0.3553,6.6,0.896,1.443,0,72
R03464,LA,FastFood,$,9.2,12.57,0.3655,6.2,1.358,0.961,0,72
R03465,LA,Chinese,$,8.66,11.24,0.2981,7.0,0.094,1.134,0,72
R03466,LA,Chinese,$,11.6,15.34,0.3226,0.5,-1.095,1.353,1,32
R03467,NYC,American,$$$,20.31,25.91,0.2757,1.3,-0.711,1.32,1,35
R03468,NYC,American,$$$,21.43,28.19,0.3157,14.6,0.143,1.245,0,72
R03469,Chicago,Chinese,$$,16.61,22.91,0.3793,2.1,1.123,0.911,0,72
R03470,NYC,Vietnamese,$,11.02,13.92,0.2629,2.9,-1.446,1.348,0,72
R03471,NYC,Mexican,$,9.88,11.66,0.1806,6.0,-1.17,1.589,0,72
R03472,LA,Mexican,$$,12.41,16.12,0.2992,7.6,0.757,1.256,0,72
R03473,NYC,Mexican,$$,12.53,16.49,0.3158,10.5,-1.294,1.553,0,72
R03474,LA,Italian,$$$,23.86,28.9,0.2111,7.5,-1.125,1.204,1,29
R03475,NYC,FastFood,$,8.86,11.63,0.3137,5.8,1.137,1.346,0,72
R03476,Chicago,American,$$,16.05,20.44,0.2736,2.9,-0.221,0.911,0,72
R03477,Chicago,Indian,$$,14.69,17.35,0.1809,15.0,-0.298,1.053,0,72
R03478,Chicago,Italian,$$$,19.34,23.65,0.2225,1.9,1.368,1.21,0,72
R03479,LA,Indian,$$,16.23,21.29,0.3119,18.5,-1.063,1.072,0,72
R03480,NYC,FastFood,$,7.46,10.26,0.3758,2.7,-1.264,1.283,0,72
R03481,LA,Italian,$$,14.88,18.66,0.2544,10.5,1.629,1.047,0,72
R03482,Chicago,FastFood,$,10.88,14.77,0.3575,14.6,0.233,1.105,0,72
R03483,LA,American,$,11.91,15.04,0.2627,1.4,0.68,1.194,1,39
R03484,LA,Indian,$$$,19.47,24.59,0.2627,0.6,-0.311,1.283,0,72
R03485,LA,Chinese,$,9.22,12.21,0.3243,11.0,-0.107,1.129,0,72
R03486,LA,Vietnamese,$,10.35,13.87,0.34,4.7,-0.704,1.292,0,72
R03487,LA,American,$$$,19.06,24.86,0.3045,5.2,0.318,1.159,0,72
R03488,NYC,FastFood,$,8.5,10.83,0.2744,3.2,0.831,1.205,0,72
R03489,LA,Mediterranean,$$,13.41,16.91,0.2608,2.1,0.196,1.341,0,72
R03490,LA,Japanese,$$$,23.76,28.43,0.1967,1.4,1.061,1.195,0,72
R03491,NYC,FastFood,$,8.6,11.94,0.388,2.4,0.662,1.397,0,72
R03492,Chicago,Mediterranean,$$,16.35,20.87,0.2763,12.7,-1.048,1.034,0,72
R03493,LA,American,$$,14.3,17.82,0.2463,3.0,-0.145,1.009,0,72
R03494,NYC,Mexican,$$,12.42,16.19,0.3035,9.2,-0.448,1.527,1,43
R03495,Chicago,Chinese,$,11.71,15.22,0.2998,10.9,0.753,0.931,0,72
R03496,LA,Mexican,$$$,19.37,25.44,0.3133,0.8,0.462,1.178,0,72
R03497,LA,Mexican,$,11.97,16.66,0.3913,9.0,0.127,1.376,0,72
R03498,NYC,FastFood,$,7.95,11.51,0.4486,0.5,1.014,1.566,0,72
R03499,Chicago,Chinese,$,11.79,15.57,0.32,2.0,-1.866,0.979,1,25
R03500,NYC,Vietnamese,$$,15.83,21.24,0.3416,2.8,-0.603,1.433,1,31
R03501,LA,American,$,11.91,16.1,0.3513,4.4,-0.518,0.883,0,72
R03502,NYC,American,$$,17.07,22.05,0.292,5.3,0.252,1.314,0,72
R03503,LA,Chinese,$$,12.45,15.89,0.276,1.0,0.553,1.224,0,72
R03504,LA,American,$$,12.38,15.19,0.2262,0.5,-0.001,1.095,0,72
R03505,LA,American,$$,13.81,16.91,0.2248,1.9,-1.315,1.023,0,72
R03506,LA,American,$$,16.94,21.34,0.2597,2.9,0.407,1.271,0,72
R03507,Chicago,Chinese,$,11.13,14.39,0.2932,2.8,0.128,1.17,0,72
R03508,LA,Indian,$$,15.19,18.37,0.2092,17.9,-1.469,1.1,0,72
R03509,NYC,Mexican,$$,17.06,22.48,0.3176,5.6,-0.295,1.611,0,72
R03510,Chicago,American,$$,16.5,20.47,0.2406,0.5,0.374,1.091,0,72
R03511,LA,Japanese,$$,16.94,21.71,0.2822,2.8,1.653,1.067,0,72
R03512,Chicago,Chinese,$,11.16,14.16,0.2687,3.5,-1.089,0.916,0,72
R03513,Chicago,Thai,$$,13.3,16.92,0.2722,9.4,0.79,1.242,0,72
R03514,Chicago,Chinese,$$,12.2,14.74,0.2081,5.0,-1.076,0.875,0,72
R03515,LA,FastFood,$,8.74,11.31,0.2944,0.8,-1.271,1.115,0,72
R03516,LA,Mediterranean,$$,17.98,22.78,0.267,12.3,-1.212,1.519,0,72
R03517,NYC,Italian,$$$,24.58,31.35,0.2755,3.8,0.605,1.354,0,72
R03518,LA,Italian,$$,17.99,22.33,0.2416,4.2,0.13,1.412,0,72
R03519,LA,Mexican,$,10.16,12.98,0.2776,15.4,-0.315,1.061,0,72
R03520,LA,FastFood,$,10.46,13.9,0.3282,0.5,0.458,1.22,0,72
R03521,Chicago,American,$$$,20.08,26.22,0.3056,2.9,0.041,1.139,0,72
R03522,NYC,Mexican,$$,13.03,17.82,0.3672,1.3,0.111,1.371,0,72
R03523,NYC,American,$$,15.31,19.47,0.2719,0.5,-0.304,1.467,1,33
R03524,LA,Mexican,$$,13.98,17.74,0.2687,3.8,-1.028,1.312,1,21
R03525,NYC,American,$$,15.4,19.17,0.2443,20.7,1.691,1.301,0,72
R03526,NYC,American,$,11.05,14.15,0.2803,4.5,1.4,1.897,0,72
R03527,NYC,Mexican,$$,13.83,18.73,0.3538,17.4,1.59,1.642,0,72
R03528,Chicago,Thai,$$,16.44,21.18,0.2883,2.8,-0.539,0.958,1,39
R03529,LA,Chinese,$$,16.85,22.23,0.3194,6.5,-0.682,1.167,1,36
R03530,NYC,American,$$,14.03,17.7,0.2615,2.6,-0.414,1.824,0,72
R03531,NYC,American,$$,16.66,20.91,0.2544,15.1,1.074,1.39,1,63
R03532,LA,FastFood,$,8.89,12.82,0.4423,9.0,-0.0,1.134,0,72
R03533,NYC,American,$$,16.25,20.35,0.2522,5.9,-0.543,1.664,0,72
R03534,LA,FastFood,$,8.68,11.07,0.2754,7.0,0.364,1.014,0,72
R03535,LA,Italian,$$$,18.12,20.8,0.1481,0.7,-0.736,1.189,0,72
R03536,NYC,Mediterranean,$$,17.66,22.47,0.2723,2.0,-1.355,1.465,0,72
R03537,LA,Chinese,$$,14.85,20.01,0.347,0.6,0.129,1.103,0,72
R03538,NYC,Indian,$$$,18.06,22.96,0.2712,3.2,-0.516,1.202,0,72
R03539,NYC,Mexican,$,10.91,15.42,0.4139,3.8,-0.014,1.462,0,72
R03540,Chicago,FastFood,$,8.24,10.79,0.3096,15.0,-2.685,1.086,0,72
R03541,LA,FastFood,$,7.88,10.99,0.3955,3.0,-0.892,1.106,1,18
R03542,Chicago,Japanese,$$$,19.87,23.49,0.1821,2.9,-0.045,0.868,0,72
R03543,NYC,American,$,11.96,14.87,0.2429,0.9,-1.516,1.686,1,54
R03544,NYC,American,$$,16.07,20.64,0.2846,2.3,-1.482,1.545,0,72
R03545,LA,Italian,$$$,19.62,24.61,0.2541,4.4,0.039,1.149,0,72
R03546,LA,Vietnamese,$,11.18,14.55,0.3011,4.0,0.702,1.34,0,72
R03547,Chicago,Vietnamese,$,11.48,14.86,0.2946,4.2,-0.892,1.029,0,72
R03548,NYC,American,$$,17.25,22.59,0.3094,0.9,-0.262,1.797,1,14
R03549,Chicago,Chinese,$$,16.76,20.09,0.199,1.9,-0.239,1.083,0,72
R03550,Chicago,FastFood,$,7.88,10.19,0.293,11.3,-1.562,0.846,0,72
R03551,LA,Mexican,$,10.12,13.1,0.2941,2.3,1.184,1.109,0,72
R03552,NYC,American,$$,15.74,19.78,0.2565,0.5,-0.183,1.348,0,72
R03553,LA,Mexican,$$,17.55,23.52,0.3403,12.9,-0.172,1.245,1,48
R03554,NYC,Chinese,$,10.55,13.66,0.2948,2.0,0.373,1.398,0,72
R03555,LA,Mexican,$$,14.05,17.14,0.2197,5.2,-1.56,1.048,1,39
R03556,LA,Italian,$$$,22.17,27.01,0.2182,4.5,0.92,1.288,0,72
R03557,Chicago,American,$,10.45,12.3,0.1768,13.4,1.051,1.128,0,72
R03558,LA,American,$$,17.23,22.13,0.2848,27.5,0.141,1.185,0,72
R03559,LA,Vietnamese,$$,12.82,17.31,0.3503,3.3,0.462,1.231,0,72
R03560,LA,Vietnamese,$,10.96,13.17,0.2013,8.2,-0.326,1.068,0,72
R03561,LA,Chinese,$,11.57,14.6,0.2613,6.2,0.863,1.127,0,72
R03562,Chicago,Mexican,$,11.24,14.7,0.3077,7.7,-0.823,0.944,0,72
R03563,NYC,American,$$,15.08,18.24,0.2096,2.3,-0.032,1.551,0,72
R03564,Chicago,Vietnamese,$,10.89,14.37,0.3191,33.2,0.027,1.031,0,72
R03565,Chicago,American,$$,14.65,18.78,0.2825,1.4,-0.039,0.961,0,72
R03566,Chicago,Chinese,$$,12.22,15.42,0.2619,6.7,1.069,0.957,0,72
R03567,LA,Thai,$$,17.35,21.71,0.2513,1.8,2.188,0.948,0,72
R03568,Chicago,Mexican,$,10.05,11.8,0.1745,2.2,-0.11,1.213,0,72
R03569,NYC,American,$,11.68,15.42,0.3207,6.4,0.47,1.129,0,72
R03570,LA,Mexican,$$,15.53,22.06,0.4201,0.5,-0.802,1.262,0,72
R03571,NYC,Vietnamese,$,11.11,15.77,0.4198,18.8,1.032,1.457,0,72
R03572,NYC,Japanese,$$$,20.52,25.85,0.2603,11.8,-0.517,1.405,0,72
R03573,NYC,Indian,$$,14.21,17.7,0.2454,8.8,3.145,1.449,0,72
R03574,NYC,Mexican,$$,12.98,17.94,0.3819,0.5,-1.671,1.339,1,38
R03575,NYC,American,$$,14.56,18.54,0.2737,4.2,2.147,1.568,0,72
R03576,Chicago,Chinese,$$,14.24,18.42,0.2939,1.6,0.991,0.854,0,72
R03577,NYC,Vietnamese,$,9.67,13.01,0.3451,3.9,-1.122,1.508,0,72
R03578,LA,Mexican,$,11.84,15.68,0.3247,2.3,2.319,1.106,0,72
R03579,NYC,Mexican,$,8.39,11.67,0.3914,11.9,-0.928,1.378,0,72
R03580,LA,Indian,$$,17.91,23.87,0.3333,11.9,-0.314,1.144,0,72
R03581,LA,Mexican,$$,12.11,15.67,0.2939,7.2,-1.297,1.176,0,72
R03582,NYC,Chinese,$$,14.67,18.68,0.2738,2.7,-0.146,1.54,0,72
R03583,LA,Thai,$$,15.25,17.77,0.165,6.7,-0.053,1.195,0,72
R03584,Chicago,Thai,$$,15.46,19.21,0.2427,5.6,0.83,1.118,0,72
R03585,Chicago,Mediterranean,$$,16.98,20.12,0.1853,1.9,2.438,1.134,0,72
R03586,NYC,Italian,$$$,19.3,24.53,0.271,1.6,-0.513,1.505,0,72
R03587,LA,American,$$,13.46,16.73,0.2432,5.5,-2.753,1.302,1,44
R03588,LA,Indian,$,11.74,14.9,0.2686,1.9,0.648,1.53,1,23
R03589,NYC,Mexican,$$,12.27,16.95,0.3806,4.6,-0.55,1.224,0,72
R03590,Chicago,Indian,$$,12.83,16.29,0.2699,19.5,1.818,1.138,0,72
R03591,NYC,Mexican,$$,16.16,21.56,0.3342,6.8,-0.035,1.745,0,72
R03592,Chicago,FastFood,$,9.09,12.68,0.3943,3.8,-0.759,1.053,0,72
R03593,NYC,American,$$,14.06,18.52,0.3169,15.9,-1.013,1.822,0,72
R03594,NYC,American,$$,15.24,19.19,0.2592,10.0,0.623,1.794,0,72
R03595,Chicago,Japanese,$$$,22.53,27.07,0.2014,0.5,-0.275,0.96,0,72
R03596,Chicago,Chinese,$$,12.84,16.82,0.3094,0.5,1.468,0.969,0,72
R03597,Chicago,Italian,$$$,18.9,22.87,0.2101,21.1,-0.211,1.066,0,72
R03598,Chicago,Indian,$$,14.68,17.53,0.1939,3.6,1.415,0.928,0,72
R03599,NYC,American,$$,12.46,16.5,0.3247,10.2,-1.38,2.008,1,37
R03600,NYC,American,$,10.86,14.59,0.3429,0.5,-1.739,1.594,0,72
R03601,NYC,Chinese,$$,12.15,16.76,0.3791,1.6,0.829,1.458,0,72
R03602,LA,Vietnamese,$$,12.72,17.65,0.3871,1.1,-0.464,1.013,0,72
R03603,NYC,Japanese,$$$,20.61,28.31,0.3735,3.8,-0.264,1.495,0,72
R03604,Chicago,Chinese,$$,16.24,22.03,0.3565,1.0,-1.012,0.867,1,49
R03605,NYC,FastFood,$,8.43,11.61,0.377,1.8,-1.086,1.588,1,15
R03606,NYC,American,$$$,20.43,25.93,0.2696,9.5,0.636,1.074,0,72
R03607,NYC,American,$$$,19.69,23.4,0.1885,18.2,-0.019,1.712,0,72
R03608,NYC,FastFood,$,10.27,13.97,0.3605,3.6,-1.06,1.378,1,36
R03609,NYC,Italian,$$,14.49,18.49,0.276,3.2,0.791,1.184,0,72
R03610,LA,FastFood,$,8.53,11.44,0.3422,5.6,1.175,1.198,0,72
R03611,NYC,Vietnamese,$$,14.33,17.71,0.2356,7.5,-0.109,1.453,0,72
R03612,LA,American,$$,16.8,20.93,0.2457,2.3,1.003,1.191,0,72
R03613,Chicago,Chinese,$$,14.36,18.71,0.3023,2.2,-1.002,1.18,0,72
R03614,LA,Mexican,$,9.74,12.35,0.2687,9.0,0.577,1.256,0,72
R03615,LA,Japanese,$$$$,31.08,39.1,0.2583,3.7,0.162,1.32,0,72
R03616,NYC,Mexican,$,10.84,14.76,0.3616,6.7,-0.792,1.407,0,72
R03617,NYC,Mexican,$,8.73,12.19,0.3959,7.6,2.053,1.526,1,42
R03618,NYC,American,$$,15.02,20.51,0.3656,0.7,0.233,1.239,1,39
R03619,Chicago,Indian,$,9.33,11.49,0.2311,11.6,-0.591,1.031,0,72
R03620,LA,Chinese,$,10.69,14.0,0.3092,16.2,0.02,1.096,0,72
R03621,NYC,Indian,$$$,22.98,30.12,0.3108,2.8,-0.87,1.699,0,72
R03622,LA,FastFood,$,7.94,10.89,0.3725,6.6,-1.157,1.211,0,72
R03623,Chicago,Indian,$,11.21,14.32,0.2769,7.7,-0.449,1.083,0,72
R03624,LA,Thai,$$,14.06,19.14,0.3613,8.9,-0.382,1.238,0,72
R03625,LA,Indian,$$,12.34,14.35,0.1634,0.7,-0.804,1.49,0,72
R03626,Chicago,Chinese,$$,15.19,19.61,0.2909,3.6,1.251,0.829,0,72
R03627,LA,Italian,$$,15.34,19.24,0.2544,13.1,-0.766,1.184,0,72
R03628,LA,FastFood,$,8.92,11.85,0.3282,7.8,-0.932,1.069,0,72
R03629,NYC,Vietnamese,$,9.35,11.38,0.2168,0.5,-1.186,1.134,0,72
R03630,NYC,Thai,$$$,22.35,29.21,0.307,0.5,-1.282,1.282,1,47
R03631,Chicago,FastFood,$,9.31,11.86,0.2745,4.7,1.027,1.151,0,72
R03632,LA,Chinese,$$,12.66,17.53,0.3839,4.2,0.258,1.196,0,72
R03633,NYC,Italian,$$,17.08,21.66,0.2688,1.1,0.69,1.412,0,72
R03634,LA,Vietnamese,$,10.41,13.22,0.2702,3.0,1.018,1.317,0,72
R03635,NYC,Mexican,$,10.9,13.49,0.2374,2.4,-0.333,1.47,0,72
R03636,Chicago,American,$$,13.88,17.49,0.2595,3.2,1.472,1.076,0,72
R03637,NYC,Thai,$$$,18.94,25.47,0.3448,1.5,-0.627,1.507,0,72
R03638,Chicago,American,$$,14.49,17.66,0.2192,5.0,-1.096,1.067,0,72
R03639,LA,Italian,$$,12.27,15.46,0.2602,10.1,0.374,1.137,0,72
R03640,NYC,Indian,$,11.75,15.08,0.2826,0.7,0.145,1.644,1,41
R03641,NYC,Chinese,$$,15.36,21.1,0.3734,2.3,0.143,1.254,1,30
R03642,Chicago,Mediterranean,$$,16.25,20.95,0.2896,15.4,1.015,0.99,0,72
R03643,NYC,Mexican,$$,12.2,15.35,0.2581,3.4,0.106,1.654,0,72
R03644,NYC,Mediterranean,$$$,20.98,25.61,0.2202,2.3,0.313,1.423,1,44
R03645,LA,American,$$,13.91,18.94,0.3616,11.2,1.36,1.14,0,72
R03646,NYC,Japanese,$$$,24.65,32.46,0.3166,0.6,0.267,1.908,0,72
R03647,NYC,American,$$,14.19,17.26,0.2169,4.2,0.494,1.719,0,72
R03648,NYC,Chinese,$$,14.42,17.9,0.2415,13.5,-1.418,1.475,0,72
R03649,Chicago,Japanese,$$$,20.5,25.23,0.2304,2.8,3.719,0.89,0,72
R03650,NYC,Thai,$$,13.4,16.79,0.2529,2.1,-1.591,1.136,1,54
R03651,NYC,Thai,$$,16.23,21.0,0.2942,2.3,-0.539,1.579,0,72
R03652,NYC,Chinese,$$,14.87,19.6,0.3176,2.3,-0.57,1.688,0,72
R03653,NYC,Vietnamese,$,11.16,14.8,0.3255,1.8,2.108,1.521,0,72
R03654,NYC,Mediterranean,$$,15.62,21.02,0.3463,18.7,-0.601,1.181,0,72
R03655,NYC,Thai,$$$,18.67,26.17,0.4017,1.9,0.442,1.478,0,72
R03656,NYC,Japanese,$$$,24.46,30.48,0.2461,4.0,-0.563,1.368,0,72
R03657,NYC,Mexican,$,11.65,14.95,0.2835,8.7,-1.04,1.478,0,72
R03658,Chicago,FastFood,$,7.56,10.05,0.3294,1.8,0.57,1.263,1,32
R03659,NYC,Japanese,$$$$,26.46,35.76,0.3516,8.6,-0.719,1.594,1,38
R03660,NYC,Italian,$$$,18.38,22.6,0.2298,14.1,0.208,1.554,0,72
R03661,Chicago,Indian,$$,14.08,18.2,0.2925,3.6,0.627,0.995,0,72
R03662,Chicago,Chinese,$$,13.27,16.3,0.2281,6.7,1.907,1.051,0,72
R03663,LA,Thai,$$,14.88,19.21,0.2911,6.9,-1.262,1.1,1,36
R03664,NYC,Mexican,$$,12.37,15.86,0.2819,4.2,-0.153,1.55,0,72
R03665,NYC,Indian,$$$,18.01,23.42,0.3005,1.4,-0.111,1.417,0,72
R03666,NYC,FastFood,$,10.66,14.44,0.3542,22.5,0.001,1.314,0,72
R03667,NYC,FastFood,$,9.35,13.01,0.3904,1.9,2.569,1.599,1,30
R03668,NYC,FastFood,$,10.89,15.77,0.4489,5.2,-0.173,1.109,1,34
R03669,LA,Mediterranean,$$,17.03,21.29,0.2506,7.3,-2.521,1.124,0,72
R03670,NYC,Italian,$$$,20.38,23.44,0.15,3.4,-0.198,1.561,0,72
R03671,LA,FastFood,$,10.18,13.54,0.3299,5.7,-0.118,1.39,0,72
R03672,NYC,FastFood,$,10.21,14.04,0.375,5.2,-0.241,1.534,0,72
R03673,NYC,American,$$$,18.87,24.34,0.2901,2.5,-0.719,1.338,0,72
R03674,LA,Japanese,$$$,24.65,30.61,0.2421,2.1,-1.321,1.193,0,72
R03675,Chicago,Mexican,$$,17.78,24.26,0.3644,0.6,2.159,1.036,1,52
R03676,NYC,American,$$,14.52,18.68,0.2868,9.9,0.318,1.749,0,72
R03677,LA,Indian,$$,14.1,17.97,0.2748,22.7,-0.192,1.34,0,72
R03678,NYC,Japanese,$$$,21.17,26.06,0.2311,6.6,2.128,1.621,0,72
R03679,NYC,Japanese,$$$,20.59,24.35,0.1827,9.0,-0.869,1.461,0,72
R03680,LA,American,$,11.19,14.28,0.2765,5.9,0.602,1.055,0,72
R03681,NYC,Mexican,$$,16.01,21.65,0.3523,3.9,-1.249,1.225,0,72
R03682,NYC,FastFood,$,7.07,9.24,0.307,4.1,0.751,1.399,0,72
R03683,LA,Italian,$$$,18.56,22.79,0.2278,0.5,-1.134,1.305,0,72
R03684,NYC,Chinese,$,10.06,13.21,0.3128,6.8,0.47,1.365,0,72
R03685,NYC,Mexican,$$,13.98,18.29,0.3088,2.0,1.953,1.553,0,72
R03686,NYC,Mediterranean,$$,14.76,18.45,0.2503,11.3,0.093,1.318,0,72
R03687,Chicago,Mediterranean,$$,13.86,17.46,0.2603,5.1,-2.193,0.926,0,72
R03688,LA,Mexican,$$,12.95,16.94,0.3087,1.8,0.036,1.421,0,72
R03689,NYC,Chinese,$,11.46,14.79,0.2905,1.8,0.48,1.59,0,72
R03690,NYC,Japanese,$$$,19.84,24.34,0.2269,0.5,0.901,1.398,0,72
R03691,LA,Chinese,$$,13.41,17.34,0.2935,6.0,1.474,1.086,0,72
R03692,NYC,Indian,$$,16.75,22.54,0.3462,2.8,1.525,1.625,0,72
R03693,LA,Mexican,$,10.79,14.35,0.3303,0.5,-0.131,1.333,0,72
R03694,LA,American,$$,13.39,16.71,0.2481,0.5,-0.659,1.296,0,72
R03695,NYC,Italian,$$$,18.08,22.87,0.2654,5.6,-1.119,1.419,0,72
R03696,NYC,Japanese,$$$,24.24,32.44,0.3382,3.6,-0.54,1.272,0,72
R03697,NYC,Japanese,$$$$,28.63,37.06,0.2945,2.1,0.477,1.447,0,72
R03698,NYC,Chinese,$,10.72,14.29,0.333,1.1,-1.349,1.717,1,40
R03699,NYC,Chinese,$$,12.28,16.6,0.3519,4.0,-0.927,1.3,1,34
R03700,Chicago,Mexican,$$,15.45,19.8,0.2821,2.9,0.562,1.006,0,72
R03701,NYC,Mexican,$$,17.83,24.06,0.3492,2.2,-0.646,1.764,0,72
R03702,LA,FastFood,$,7.11,9.35,0.3156,0.8,0.37,1.157,0,72
R03703,LA,Italian,$$,15.76,18.16,0.1525,13.3,-0.814,1.182,0,72
R03704,NYC,Italian,$$$,19.28,24.43,0.2671,16.1,0.288,1.233,0,72
R03705,NYC,Mexican,$,11.27,15.29,0.3573,3.5,-0.772,1.563,0,72
R03706,NYC,Indian,$$,12.65,16.26,0.2856,4.5,-1.902,1.327,0,72
R03707,LA,FastFood,$,8.88,12.36,0.3918,4.0,0.956,0.996,0,72
R03708,NYC,Thai,$$$,18.5,23.57,0.2739,5.6,-0.696,1.293,0,72
R03709,LA,American,$$,12.64,14.81,0.1714,0.5,-0.249,1.23,0,72
R03710,Chicago,Thai,$$$,18.33,22.46,0.2251,13.7,-0.691,0.827,0,72
R03711,LA,Japanese,$$$,19.84,23.27,0.173,7.0,0.544,1.016,0,72
R03712,Chicago,Mediterranean,$$$,18.09,22.74,0.2569,3.4,0.333,1.069,0,72
R03713,LA,Thai,$$$,18.64,23.35,0.2524,3.5,0.542,1.19,0,72
R03714,Chicago,Mexican,$$,13.25,17.75,0.3392,1.8,-0.55,0.896,0,72
R03715,Chicago,Japanese,$$$,20.85,26.45,0.2682,3.0,-0.05,0.962,0,72
R03716,LA,Chinese,$$,14.79,18.55,0.2538,8.8,0.417,1.478,0,72
R03717,Chicago,Mexican,$$,12.12,15.14,0.2496,4.5,1.545,1.166,0,72
R03718,Chicago,Thai,$$,15.38,19.79,0.2867,1.3,0.307,0.987,0,72
R03719,LA,Mexican,$$,12.05,16.49,0.369,7.5,-1.003,1.323,0,72
R03720,LA,Indian,$$,16.93,19.97,0.1794,14.8,0.268,1.218,0,72
R03721,LA,FastFood,$,6.61,8.96,0.3541,0.5,-0.165,0.97,1,33
R03722,Chicago,Japanese,$$$,18.33,20.35,0.1101,0.5,-1.999,0.791,0,72
R03723,NYC,Italian,$$,13.97,17.08,0.2226,11.7,-1.845,1.3,0,72
R03724,Chicago,American,$$,15.84,20.35,0.2847,1.8,-0.066,0.828,0,72
R03725,LA,Thai,$,10.63,15.31,0.4405,4.4,0.018,1.24,1,56
R03726,Chicago,Chinese,$,11.48,14.44,0.2581,5.2,-0.295,0.936,0,72
R03727,NYC,Chinese,$,10.65,13.39,0.2576,3.2,0.884,1.526,0,72
R03728,LA,American,$$$,20.88,25.78,0.2343,5.4,-0.935,1.265,0,72
R03729,LA,FastFood,$,7.11,9.55,0.3433,2.3,-1.386,1.304,0,72
R03730,Chicago,Italian,$$,14.28,16.66,0.1665,13.2,-0.826,0.894,0,72
R03731,Chicago,Italian,$$$,18.82,21.72,0.1538,0.7,-0.61,1.064,0,72
R03732,LA,FastFood,$,11.52,15.19,0.3187,4.7,-0.058,1.07,0,72
R03733,LA,Chinese,$$,12.73,16.8,0.3198,7.3,-0.798,1.307,1,27
R03734,NYC,Mexican,$$,12.41,16.53,0.3315,4.5,-2.142,1.679,1,37
R03735,Chicago,American,$$$,20.18,23.94,0.1859,3.0,-2.569,1.091,0,72
R03736,NYC,Mexican,$$,14.64,19.13,0.3065,3.6,0.123,1.42,0,72
R03737,LA,Chinese,$$,14.03,17.95,0.2793,1.2,-1.129,1.284,0,72
R03738,LA,American,$$,14.41,17.43,0.21,3.2,-2.005,0.998,0,72
R03739,NYC,Vietnamese,$$,12.48,16.16,0.2946,4.2,0.625,1.174,0,72
R03740,NYC,American,$$,12.52,16.43,0.3122,14.4,1.545,1.534,0,72
R03741,NYC,Italian,$$,16.09,19.93,0.2385,5.4,-0.094,1.696,0,72
R03742,Chicago,American,$$$,20.7,23.65,0.1423,5.3,0.268,0.863,0,72
R03743,LA,Vietnamese,$$,14.54,19.79,0.3612,0.9,0.277,1.202,0,72
R03744,NYC,Thai,$$,15.15,20.16,0.3308,16.8,-2.313,1.528,0,72
R03745,LA,Thai,$,9.89,12.08,0.2208,1.5,0.889,1.115,0,72
R03746,NYC,Vietnamese,$,9.25,12.14,0.3117,3.9,1.24,1.392,0,72
R03747,Chicago,Mediterranean,$$,15.04,18.06,0.2004,1.2,1.837,1.076,0,72
R03748,NYC,Thai,$$,13.57,18.24,0.3438,4.0,-0.438,1.469,0,72
R03749,NYC,Mexican,$,9.98,13.19,0.3214,4.4,-1.135,1.47,1,19
R03750,NYC,FastFood,$,8.13,11.03,0.3564,11.4,1.359,1.289,0,72
R03751,LA,Mediterranean,$$$,23.37,29.46,0.2605,5.5,0.499,1.196,0,72
R03752,LA,Italian,$$$,19.35,22.36,0.156,0.5,0.875,1.144,0,72
R03753,LA,Mexican,$$,13.0,18.08,0.3903,0.5,-0.647,1.151,0,72
R03754,LA,American,$$,13.32,17.23,0.2931,24.3,0.272,1.125,0,72
R03755,NYC,Japanese,$$,16.38,20.19,0.2326,1.6,-1.053,1.445,0,72
R03756,NYC,Indian,$,11.62,15.22,0.3096,1.7,-0.005,1.307,1,44
R03757,NYC,American,$,11.83,15.71,0.3287,12.6,-0.348,1.452,0,72
R03758,Chicago,Mexican,$$,12.67,16.38,0.2928,1.5,2.344,0.957,0,72
R03759,NYC,Chinese,$$,13.93,19.47,0.3978,0.5,0.549,1.297,0,72
R03760,Chicago,Mediterranean,$$,14.29,19.8,0.3859,8.9,-2.152,0.791,0,72
R03761,NYC,Mexican,$$,12.84,17.12,0.3337,12.7,-0.002,1.625,0,72
R03762,NYC,Indian,$$$,18.89,24.01,0.2709,1.0,0.368,1.586,0,72
R03763,NYC,Italian,$$$$,25.6,30.74,0.2005,2.7,-0.474,1.317,0,72
R03764,NYC,Japanese,$$$$,25.27,29.3,0.1593,6.3,-1.103,1.574,0,72
R03765,LA,American,$$,15.5,20.5,0.3224,2.2,0.661,1.061,1,17
R03766,LA,Chinese,$$,14.85,19.04,0.2823,7.7,-0.961,1.157,0,72
R03767,NYC,Vietnamese,$$,14.67,20.15,0.3738,3.3,0.575,1.361,0,72
R03768,LA,Vietnamese,$,8.01,10.93,0.3638,1.8,-1.046,1.161,0,72
R03769,LA,Mexican,$$,16.32,20.66,0.266,5.4,-0.534,1.297,0,72
R03770,Chicago,Italian,$$,16.32,18.82,0.1535,36.2,0.956,0.953,0,72
R03771,Chicago,Indian,$$,13.17,17.61,0.3372,5.4,0.489,0.96,0,72
R03772,LA,Indian,$$,13.6,17.36,0.2765,7.4,0.031,1.312,0,72
R03773,Chicago,American,$$,16.95,20.29,0.197,0.5,-0.03,1.007,0,72
R03774,LA,Indian,$,11.87,14.57,0.2277,1.7,0.091,1.118,1,36
R03775,LA,Mexican,$,11.88,15.59,0.3129,13.4,-0.792,1.235,0,72
R03776,LA,Mexican,$$,13.74,19.17,0.3954,3.2,-1.517,1.352,0,72
R03777,NYC,Vietnamese,$,11.96,16.32,0.3643,1.2,0.569,1.646,1,16
R03778,LA,Vietnamese,$$,12.32,16.25,0.3191,2.8,1.53,1.024,1,35
R03779,Chicago,Thai,$$,13.21,17.69,0.3394,0.5,0.604,0.858,0,72
R03780,NYC,Chinese,$$,14.73,20.47,0.3898,2.5,0.254,1.635,0,72
R03781,Chicago,American,$$$,19.35,24.12,0.2467,10.4,-1.209,0.966,0,72
R03782,Chicago,Vietnamese,$$,13.76,19.52,0.4188,17.5,0.877,0.768,0,72
R03783,NYC,Chinese,$$,14.04,18.36,0.3076,6.3,0.481,1.328,0,72
R03784,LA,American,$$$,18.95,24.91,0.3149,20.6,0.76,1.138,0,72
R03785,Chicago,American,$$$,18.72,22.65,0.2104,7.6,1.034,0.963,0,72
R03786,Chicago,Chinese,$$$,21.05,27.68,0.3151,2.1,1.586,1.096,0,72
R03787,NYC,Italian,$$$,22.41,27.74,0.2376,0.5,-1.115,1.297,1,30
R03788,NYC,Chinese,$$,12.79,17.18,0.3431,5.5,-1.289,1.622,1,33
R03789,LA,Mediterranean,$$,14.43,20.05,0.3895,12.4,0.148,1.242,0,72
R03790,NYC,Chinese,$$,12.4,16.96,0.3676,7.0,-0.923,1.243,0,72
R03791,NYC,Mexican,$,11.78,16.06,0.3638,2.7,-1.096,1.395,1,15
R03792,NYC,Mexican,$$,13.71,17.83,0.3013,6.5,1.22,1.539,0,72
R03793,NYC,Mexican,$,11.02,14.87,0.3494,3.0,-1.009,1.457,1,48
R03794,LA,Chinese,$$,16.11,20.13,0.2496,3.5,-0.011,1.256,0,72
R03795,LA,American,$$,12.46,16.25,0.3043,11.6,-1.631,1.118,1,6
R03796,LA,Mexican,$,9.32,12.7,0.3631,2.8,0.063,1.283,0,72
R03797,LA,Italian,$$,17.57,21.45,0.221,2.6,1.183,1.144,0,72
R03798,NYC,Mexican,$,10.74,15.29,0.4232,7.7,1.213,1.968,0,72
R03799,NYC,Japanese,$$,17.54,23.61,0.3461,14.4,1.045,1.238,0,72
R03800,NYC,Mexican,$,11.15,15.02,0.3475,2.3,-0.078,2.004,1,5
R03801,NYC,American,$$,13.95,18.25,0.3083,4.7,1.112,1.294,0,72
R03802,NYC,Vietnamese,$,11.52,14.98,0.3006,8.0,0.43,1.689,1,44
R03803,NYC,Indian,$$,12.97,16.68,0.2864,2.8,-0.439,1.601,0,72
R03804,NYC,Chinese,$,11.8,14.94,0.2661,4.0,0.382,1.3,0,72
R03805,NYC,Mediterranean,$$,16.99,21.5,0.2661,3.3,0.886,1.558,0,72
R03806,LA,Vietnamese,$$,13.8,18.01,0.3048,4.6,-1.328,1.131,0,72
R03807,LA,Mexican,$$,16.29,20.15,0.237,16.9,-1.06,1.24,0,72
R03808,Chicago,Japanese,$$$,22.59,28.22,0.2488,2.2,-0.144,1.018,0,72
R03809,LA,Indian,$$,15.1,20.1,0.3311,10.6,-1.222,1.151,0,72
R03810,LA,Italian,$$,17.42,21.41,0.2296,6.7,-1.236,1.139,1,35
R03811,NYC,Italian,$$$,19.63,21.89,0.1151,4.9,-0.421,1.511,0,72
R03812,LA,American,$$,17.16,21.41,0.2474,17.3,0.992,1.077,0,72
R03813,NYC,Mexican,$$,15.87,20.16,0.2703,10.1,0.973,1.307,0,72
R03814,NYC,FastFood,$,6.05,8.04,0.3295,5.0,0.321,1.626,0,72
R03815,NYC,Chinese,$$,12.46,17.36,0.3926,1.1,0.18,1.526,0,72
R03816,NYC,Mexican,$$,13.29,16.19,0.2183,2.3,2.087,1.24,0,72
R03817,NYC,Mexican,$$,12.44,16.16,0.2992,7.7,-0.539,1.286,0,72
R03818,LA,Japanese,$$$,18.58,23.99,0.2915,5.0,0.241,0.929,0,72
R03819,Chicago,Mediterranean,$$,13.45,16.21,0.2049,11.2,-0.589,1.115,0,72
R03820,LA,Thai,$$,16.19,20.25,0.2511,21.2,-1.287,1.303,0,72
R03821,LA,FastFood,$,7.42,10.69,0.4416,4.1,1.185,1.053,0,72
R03822,LA,American,$,11.67,14.92,0.2789,11.7,-0.305,1.297,0,72
R03823,NYC,Japanese,$$$$,25.67,33.8,0.3167,0.5,0.695,1.84,0,72
R03824,LA,Italian,$$$,19.55,24.53,0.2547,2.7,-0.246,0.998,1,31
R03825,LA,Mexican,$$,12.24,16.26,0.3281,10.2,1.247,1.115,0,72
R03826,NYC,Mediterranean,$$,14.42,19.51,0.3532,0.8,-0.997,1.202,1,53
R03827,NYC,American,$$,15.68,21.56,0.3753,3.0,1.164,1.625,0,72
R03828,Chicago,Japanese,$$$$,27.38,31.1,0.1358,5.1,0.894,0.989,0,72
R03829,LA,American,$,11.96,15.05,0.2582,25.9,-1.795,1.144,0,72
R03830,LA,Thai,$,10.56,13.61,0.2878,12.9,-0.517,1.233,0,72
R03831,LA,Chinese,$,11.61,14.85,0.2785,3.6,1.021,1.122,0,72
R03832,NYC,Indian,$$,14.43,19.47,0.3491,4.0,1.637,1.382,0,72
R03833,LA,Indian,$$,13.26,17.14,0.2928,0.5,0.715,1.24,0,72
R03834,NYC,Thai,$$,15.72,22.1,0.4063,0.6,-0.397,1.348,0,72
R03835,NYC,Mexican,$$,15.21,21.21,0.395,23.1,-0.968,1.371,0,72
R03836,LA,Chinese,$$,13.67,18.7,0.3682,1.4,0.567,1.178,0,72
R03837,NYC,Japanese,$$$,24.34,29.45,0.21,8.2,-0.426,1.466,0,72
R03838,LA,Mediterranean,$$,17.85,21.95,0.2297,0.8,-0.384,1.29,1,20
R03839,NYC,FastFood,$,8.51,11.27,0.3238,1.2,-0.224,1.555,1,21
R03840,LA,American,$$,12.68,16.81,0.3262,1.4,0.882,1.002,0,72
R03841,LA,Chinese,$,10.8,13.52,0.2516,1.2,1.806,1.421,0,72
R03842,LA,Chinese,$,10.19,12.77,0.2531,1.3,1.027,1.209,0,72
R03843,LA,American,$$,15.58,18.75,0.2039,3.2,0.01,1.153,0,72
R03844,Chicago,Chinese,$$,13.56,19.08,0.4077,14.0,-0.899,0.897,0,72
R03845,LA,American,$$,12.33,15.44,0.2529,2.1,0.668,1.524,0,72
R03846,LA,Thai,$$,14.18,18.67,0.3165,2.3,1.665,1.593,1,17
R03847,LA,Italian,$$,15.38,18.04,0.173,1.3,1.004,1.501,0,72
R03848,NYC,Italian,$$,14.85,19.27,0.298,6.0,0.208,1.471,1,56
R03849,NYC,Mexican,$,11.17,13.98,0.2513,7.2,-0.489,1.511,1,48
R03850,NYC,Chinese,$,10.63,13.51,0.271,12.3,0.345,1.734,0,72
R03851,NYC,Vietnamese,$$,12.83,16.59,0.2934,11.6,1.155,1.409,0,72
R03852,NYC,Italian,$$,17.46,22.02,0.2609,13.8,0.232,1.547,0,72
R03853,NYC,Chinese,$$,15.05,19.28,0.2803,0.5,-0.103,1.49,1,47
R03854,LA,Mexican,$,11.54,16.11,0.3962,10.6,-0.687,1.511,0,72
R03855,NYC,Mexican,$,11.62,15.86,0.3652,0.5,2.589,1.723,1,22
R03856,Chicago,Vietnamese,$$,16.11,20.07,0.2455,0.7,-0.891,0.984,0,72
R03857,NYC,American,$,11.95,15.89,0.3299,5.9,-0.983,1.741,1,63
R03858,LA,American,$$$,20.16,25.01,0.2403,1.3,0.164,1.199,0,72
R03859,NYC,American,$$$,21.55,26.95,0.2505,2.0,-0.202,1.358,0,72
R03860,LA,Chinese,$$,14.92,20.07,0.3448,9.8,1.023,1.16,1,39
R03861,NYC,American,$$,15.08,17.45,0.1574,25.3,1.057,1.476,1,22
R03862,LA,Mexican,$$,16.16,21.93,0.3567,0.5,-1.214,1.092,0,72
R03863,NYC,FastFood,$,8.02,10.62,0.3243,0.5,-0.756,1.363,0,72
R03864,Chicago,Mexican,$,11.01,13.81,0.2543,0.9,-0.875,0.841,0,72
R03865,NYC,Japanese,$$$,20.51,28.06,0.3679,1.7,0.785,1.314,0,72
R03866,LA,Mexican,$,11.28,14.59,0.2934,13.2,0.428,1.234,1,39
R03867,NYC,Thai,$,11.81,16.03,0.3578,8.0,-0.371,1.643,0,72
R03868,LA,Chinese,$$,15.88,20.86,0.314,1.4,0.216,1.339,0,72
R03869,LA,FastFood,$,7.4,10.05,0.3591,2.8,-1.126,1.264,0,72
R03870,NYC,Mexican,$$,12.43,16.51,0.3275,40.0,-0.743,1.207,0,72
R03871,NYC,Thai,$,10.8,13.98,0.2949,11.2,-1.3,1.308,0,72
R03872,NYC,Vietnamese,$,11.56,16.26,0.4064,1.8,0.145,1.416,0,72
R03873,NYC,Chinese,$,10.56,14.43,0.3665,2.5,0.142,1.628,0,72
R03874,Chicago,Chinese,$,10.51,13.09,0.245,0.5,-0.984,0.935,0,72
R03875,NYC,Italian,$$,17.65,21.14,0.1977,8.5,0.421,1.253,0,72
R03876,NYC,Thai,$$,16.93,21.69,0.2808,2.0,1.057,1.725,0,72
R03877,Chicago,Mediterranean,$$$,18.4,23.72,0.2891,9.5,-1.03,0.916,0,72
R03878,NYC,Chinese,$$,14.25,19.65,0.3789,1.5,-0.326,1.266,0,72
R03879,NYC,Italian,$$,17.58,22.47,0.2777,0.5,0.514,1.49,0,72
R03880,LA,Chinese,$$,12.24,14.92,0.2192,4.9,-0.006,1.193,0,72
R03881,Chicago,Mexican,$$,14.41,19.14,0.3277,3.4,-1.372,0.942,1,35
R03882,LA,Vietnamese,$,10.39,14.29,0.3752,9.7,-0.441,1.2,0,72
R03883,LA,Italian,$$$,20.92,25.91,0.2387,2.5,-0.474,1.074,0,72
R03884,Chicago,Chinese,$$,16.24,22.23,0.369,5.0,-0.17,0.94,0,72
R03885,NYC,Mediterranean,$$,14.61,17.88,0.224,6.1,-0.128,1.444,0,72
R03886,Chicago,Indian,$$,12.8,16.43,0.2842,1.3,1.566,0.783,0,72
R03887,Chicago,Indian,$$,13.14,15.76,0.199,28.4,-0.209,1.121,0,72
R03888,Chicago,Mexican,$,9.6,12.89,0.3429,15.4,-1.718,0.848,0,72
R03889,NYC,FastFood,$,7.81,10.86,0.3906,1.5,0.091,1.296,1,23
R03890,NYC,American,$$$,20.22,27.71,0.3701,1.6,1.748,1.635,0,72
R03891,LA,American,$$,13.26,17.03,0.285,12.3,-0.167,1.285,0,72
R03892,LA,Mexican,$$,15.87,20.62,0.2998,2.7,-0.438,1.213,0,72
R03893,LA,Mediterranean,$$,15.72,19.58,0.2454,0.7,-0.305,0.978,0,72
R03894,Chicago,American,$$$,23.41,28.5,0.2175,8.7,0.584,0.93,0,72
R03895,LA,Thai,$$,12.38,15.66,0.2645,7.8,-0.309,1.169,0,72
R03896,NYC,Vietnamese,$,11.21,15.66,0.3974,3.6,-1.516,1.425,1,36
R03897,NYC,Thai,$,11.88,16.33,0.3738,23.9,-0.672,1.663,0,72
R03898,NYC,Vietnamese,$,10.16,12.75,0.2552,1.9,-0.065,1.842,0,72
R03899,NYC,FastFood,$,10.82,14.73,0.3619,7.5,0.536,1.561,1,42
R03900,NYC,Chinese,$$,14.16,18.73,0.3231,11.6,-0.583,1.36,0,72
R03901,Chicago,Chinese,$$,15.64,19.26,0.2309,2.6,-0.296,1.157,0,72
R03902,LA,Indian,$,11.44,14.9,0.3019,1.1,0.045,1.118,0,72
R03903,LA,American,$$$,18.0,24.0,0.333,12.6,-0.777,0.876,0,72
R03904,NYC,American,$$,13.43,17.79,0.3246,12.1,-0.092,1.248,0,72
R03905,LA,Indian,$,11.4,15.36,0.3474,1.9,0.467,0.903,0,72
R03906,Chicago,American,$$,16.7,19.94,0.1941,8.2,-1.186,0.955,0,72
R03907,Chicago,Thai,$$,14.59,18.41,0.2618,0.5,0.306,0.979,0,72
R03908,LA,Italian,$$$,18.17,21.66,0.1917,2.7,-1.09,0.991,0,72
R03909,Chicago,Mediterranean,$$$,19.34,24.22,0.252,3.3,-1.07,0.903,0,72
R03910,LA,Mexican,$$,14.63,19.55,0.3365,9.6,-0.663,1.011,0,72
R03911,LA,American,$$$,20.85,27.27,0.308,0.6,1.365,1.182,1,46
R03912,Chicago,Mediterranean,$$,13.72,17.92,0.3057,8.2,-1.715,0.903,0,72
R03913,NYC,Chinese,$$,17.04,23.07,0.3544,0.5,-0.464,1.637,1,30
R03914,NYC,Italian,$$$$,25.26,30.49,0.207,4.6,-0.026,1.48,0,72
R03915,NYC,Italian,$$,16.85,19.93,0.1824,1.3,1.167,1.758,0,72
R03916,LA,American,$,11.85,15.24,0.286,0.6,1.948,1.136,0,72
R03917,LA,Japanese,$$,17.15,22.72,0.325,4.6,-0.422,1.552,0,72
R03918,LA,Mexican,$,11.5,15.17,0.3188,1.8,0.539,1.2,0,72
R03919,NYC,Mediterranean,$$$,24.43,29.65,0.2136,6.8,-0.095,1.361,0,72
R03920,NYC,Chinese,$$,13.04,18.57,0.4242,3.4,-0.101,1.936,0,72
R03921,Chicago,American,$$,14.32,17.96,0.2545,2.8,0.273,0.803,0,72
R03922,NYC,American,$$,14.14,18.22,0.2886,1.7,-1.585,1.357,0,72
R03923,Chicago,Mexican,$,9.85,12.13,0.2316,4.2,-0.048,0.819,0,72
R03924,NYC,Mexican,$$,14.63,19.62,0.3408,0.7,0.451,1.163,1,60
R03925,LA,FastFood,$,8.36,11.49,0.3743,0.5,-0.86,0.936,1,33
R03926,LA,Vietnamese,$$,16.78,22.41,0.3352,0.5,0.457,1.292,0,72
R03927,Chicago,Mexican,$$,14.0,17.58,0.256,7.6,-1.728,0.853,1,23
R03928,NYC,Thai,$$,16.26,21.25,0.3071,11.6,0.094,1.406,0,72
R03929,Chicago,American,$$,15.32,18.37,0.1992,8.2,1.342,1.113,0,72
R03930,LA,Mexican,$,10.27,14.41,0.4032,1.3,-0.219,1.269,0,72
R03931,LA,Vietnamese,$,9.83,13.31,0.3547,0.5,-0.978,1.261,0,72
R03932,LA,American,$$,12.5,15.43,0.2338,1.0,-1.425,1.388,0,72
R03933,NYC,Chinese,$$,15.31,19.32,0.2616,2.7,0.391,1.759,0,72
R03934,LA,Mediterranean,$$,15.86,20.37,0.2839,7.1,0.928,1.033,0,72
R03935,NYC,Italian,$$$,21.37,26.18,0.2254,14.2,-0.056,1.537,0,72
R03936,NYC,Italian,$$$,18.45,22.67,0.2291,13.5,-0.464,1.403,0,72
R03937,LA,Italian,$$,17.08,20.03,0.1732,4.8,-1.931,1.179,0,72
R03938,LA,Indian,$,11.75,14.44,0.2294,1.1,0.124,1.001,0,72
R03939,NYC,Indian,$$,15.31,20.03,0.3081,2.8,-0.689,1.36,0,72
R03940,NYC,Mediterranean,$$,16.34,20.87,0.2767,7.8,-0.632,1.378,0,72
R03941,NYC,Chinese,$$,15.29,22.09,0.4448,0.8,1.616,1.721,0,72
R03942,NYC,Thai,$$,12.31,16.49,0.3397,7.7,-1.802,1.262,0,72
R03943,LA,American,$$,17.88,21.5,0.2024,9.1,-1.668,0.901,0,72
R03944,NYC,Italian,$$$,24.18,28.37,0.1732,9.1,0.231,1.449,0,72
R03945,Chicago,Mexican,$$,13.13,17.2,0.3099,3.0,-0.385,0.86,0,72
R03946,NYC,Thai,$$,16.13,20.8,0.2902,7.7,-0.519,1.426,1,33
R03947,NYC,Chinese,$$,14.41,19.98,0.3866,3.3,0.273,1.57,1,33
R03948,Chicago,American,$$$,22.52,28.01,0.2441,21.2,0.256,0.988,0,72
R03949,NYC,American,$$,17.11,20.2,0.1809,8.4,-0.974,1.377,0,72
R03950,NYC,Mexican,$$,14.18,18.28,0.289,2.5,-0.592,1.423,0,72
R03951,Chicago,FastFood,$,8.44,10.78,0.2762,10.8,0.05,1.107,0,72
R03952,Chicago,Thai,$$,12.18,15.61,0.2821,9.2,0.167,0.871,0,72
R03953,LA,Japanese,$$,17.7,21.19,0.1974,3.8,0.483,1.31,0,72
R03954,NYC,Vietnamese,$$,14.45,19.32,0.3376,7.1,-0.583,1.285,0,72
R03955,LA,Japanese,$$$,18.35,21.71,0.1832,2.1,0.347,1.29,0,72
R03956,Chicago,Indian,$$,16.58,20.73,0.2503,11.7,0.95,0.831,0,72
R03957,Chicago,Mexican,$$,13.47,17.63,0.3085,6.5,0.047,1.067,0,72
R03958,NYC,Japanese,$$$$,25.95,34.86,0.3431,1.4,-0.103,1.432,0,72
R03959,NYC,Italian,$$,16.41,20.71,0.2623,6.5,-0.236,1.467,0,72
R03960,NYC,Japanese,$$$,19.08,23.45,0.2292,3.7,-0.617,1.627,1,40
R03961,NYC,Japanese,$$$,23.55,31.67,0.3447,11.8,-0.938,1.314,0,72
R03962,LA,Chinese,$$,12.33,15.92,0.2908,3.6,-0.298,1.196,0,72
R03963,NYC,FastFood,$,6.81,9.53,0.3987,3.5,0.451,1.504,0,72
R03964,NYC,Mexican,$$,17.72,23.2,0.3094,12.9,-0.889,1.399,0,72
R03965,NYC,Mexican,$,10.84,14.58,0.3445,1.1,-0.075,1.58,0,72
R03966,LA,Italian,$$,15.05,17.91,0.1899,8.8,-0.191,1.248,1,34
R03967,NYC,American,$$,15.32,19.85,0.2961,15.5,1.778,1.353,0,72
R03968,NYC,Chinese,$$,16.29,22.16,0.3602,3.8,0.723,1.687,0,72
R03969,NYC,American,$,10.83,13.6,0.2553,7.3,0.707,1.551,0,72
R03970,Chicago,Indian,$$,17.9,21.88,0.2224,0.7,0.92,0.904,0,72
R03971,NYC,Mexican,$,10.61,14.4,0.3578,9.1,-0.546,1.309,1,35
R03972,LA,FastFood,$,8.91,11.58,0.2987,3.4,1.377,1.169,0,72
R03973,NYC,Italian,$$,15.94,18.71,0.1741,17.6,0.159,1.53,0,72
R03974,NYC,Vietnamese,$$,16.46,22.18,0.3477,8.1,-0.045,1.112,1,38
R03975,NYC,Mexican,$$,12.78,17.06,0.3346,6.3,-1.215,1.317,1,48
R03976,NYC,Indian,$$,12.76,16.51,0.2936,17.1,-0.402,1.353,0,72
R03977,NYC,Thai,$$,13.26,17.72,0.3361,5.2,-1.766,1.22,0,72
R03978,LA,Mexican,$$,12.7,17.19,0.353,5.0,-0.248,1.062,0,72
R03979,LA,Mexican,$$,12.91,16.93,0.3119,6.1,-0.576,1.22,0,72
R03980,NYC,Italian,$$$,19.48,23.26,0.1939,2.7,-0.398,1.367,0,72
R03981,NYC,Mexican,$$,12.5,16.35,0.3081,1.6,-1.386,1.38,0,72
R03982,LA,FastFood,$,6.63,9.08,0.3692,4.5,0.704,1.017,0,72
R03983,NYC,American,$$,15.05,19.37,0.2868,3.2,0.593,1.413,0,72
R03984,NYC,American,$$,17.85,22.35,0.2525,0.5,1.69,1.211,0,72
R03985,NYC,FastFood,$,7.53,9.95,0.3208,6.6,1.661,1.727,0,72
R03986,NYC,Thai,$$,15.8,21.19,0.3409,1.1,0.156,1.787,1,36
R03987,LA,Thai,$$,14.08,18.01,0.2789,3.9,1.023,1.134,1,20
R03988,Chicago,Italian,$$,17.31,21.42,0.2376,10.5,0.261,0.874,0,72
R03989,Chicago,Italian,$$$,22.32,27.76,0.244,10.5,-0.427,1.108,0,72
R03990,Chicago,Italian,$$,13.16,15.59,0.1844,2.3,-0.278,1.074,0,72
R03991,NYC,Italian,$$,15.94,20.68,0.2975,1.7,0.639,1.816,0,72
R03992,NYC,Italian,$$$,22.47,28.24,0.2569,3.2,4.088,1.875,0,72
R03993,NYC,Chinese,$$$,18.07,24.1,0.3334,8.3,1.167,1.137,0,72
R03994,NYC,Italian,$$$$,27.16,30.98,0.1406,1.5,0.246,1.666,0,72
R03995,NYC,Japanese,$$$,22.2,27.12,0.2215,2.1,0.484,1.412,0,72
R03996,NYC,Italian,$$$,19.55,23.54,0.2042,1.7,0.475,1.549,0,72
R03997,LA,Chinese,$$,15.06,19.34,0.2841,10.3,-0.09,1.317,0,72
R03998,NYC,Italian,$$$,22.64,28.43,0.2557,0.6,0.756,1.584,1,29
R03999,NYC,Japanese,$$$,23.28,29.74,0.2778,1.1,-0.155,1.635,0,72
R04000,LA,Indian,$$,17.13,22.17,0.2943,5.7,-1.012,1.122,0,72
R04001,NYC,Indian,$$,15.75,19.94,0.2658,10.4,0.482,1.293,1,43
R04002,Chicago,Chinese,$$,14.28,18.63,0.3046,14.1,0.615,1.153,0,72
R04003,NYC,Mexican,$,10.6,15.16,0.4305,1.1,-0.146,1.306,0,72
R04004,LA,Italian,$$,16.96,20.57,0.2123,2.0,0.31,1.5,0,72
R04005,NYC,Chinese,$,11.83,15.23,0.2868,19.3,0.961,1.323,0,72
R04006,LA,Japanese,$$,17.76,21.59,0.2157,0.9,-0.052,1.146,0,72
R04007,NYC,FastFood,$,6.31,8.61,0.3643,30.2,-0.447,1.417,0,72
R04008,NYC,Chinese,$$,12.05,15.58,0.2937,1.7,-0.709,1.205,1,36
R04009,LA,Italian,$$,17.17,19.63,0.1435,11.6,-0.254,0.998,0,72
R04010,NYC,Indian,$$,14.78,18.13,0.2272,8.5,1.535,1.618,0,72
R04011,NYC,American,$$,17.68,23.54,0.331,13.9,-0.198,1.18,0,72
R04012,Chicago,Mexican,$$,12.93,17.51,0.3541,2.8,0.359,1.353,1,36
R04013,NYC,Chinese,$$,12.41,17.38,0.4,0.8,-0.324,1.434,1,29
R04014,LA,FastFood,$,7.21,9.74,0.3513,15.8,-0.41,1.061,1,38
R04015,LA,Mexican,$$,14.64,18.6,0.2705,0.5,-0.879,1.262,0,72
R04016,NYC,American,$$,15.71,19.76,0.2581,0.7,0.1,1.079,0,72
R04017,LA,Thai,$$,12.95,15.74,0.2154,1.8,-0.517,1.153,0,72
R04018,NYC,Chinese,$$,12.57,15.63,0.2435,8.6,1.274,1.415,0,72
R04019,LA,Indian,$$,12.71,16.43,0.2928,3.0,-0.108,1.031,0,72
R04020,NYC,Chinese,$,11.82,15.92,0.347,3.8,-0.045,1.344,1,20
R04021,NYC,Italian,$$,16.27,21.93,0.3479,2.1,-0.18,1.741,1,10
R04022,NYC,Italian,$$,17.09,21.29,0.2458,3.3,0.371,1.482,0,72
R04023,Chicago,FastFood,$,9.56,11.88,0.2421,1.9,1.491,1.049,0,72
R04024,LA,Chinese,$$,13.99,18.1,0.2939,9.2,-1.04,1.092,0,72
R04025,Chicago,Mexican,$$,16.51,21.07,0.2759,34.2,0.278,0.853,0,72
R04026,LA,FastFood,$,10.57,13.91,0.3154,4.2,-1.569,1.166,0,72
R04027,LA,Chinese,$$$,18.49,24.35,0.3172,10.9,1.223,0.894,0,72
R04028,LA,Mediterranean,$$$,18.8,22.73,0.2093,1.1,-0.108,1.052,0,72
R04029,Chicago,Vietnamese,$$,12.68,16.31,0.2865,5.5,-1.495,0.86,0,72
R04030,LA,American,$$,14.66,18.94,0.2926,0.5,-1.276,0.94,0,72
R04031,NYC,Indian,$$,16.82,23.07,0.371,0.5,0.814,1.567,0,72
R04032,LA,Indian,$$,12.88,16.69,0.2955,12.2,-1.665,1.181,0,72
R04033,LA,Mexican,$,9.59,13.16,0.3722,9.1,0.278,1.114,0,72
R04034,NYC,FastFood,$,11.19,14.97,0.3378,7.8,-0.429,1.572,0,72
R04035,NYC,FastFood,$,6.79,9.13,0.3448,7.3,-0.195,1.19,0,72
R04036,NYC,Mediterranean,$$$,18.4,24.97,0.3574,4.3,-0.674,1.234,0,72
R04037,Chicago,American,$$,13.66,15.86,0.1614,4.2,-0.953,1.143,0,72
R04038,NYC,American,$$$,19.6,24.69,0.2598,0.7,-0.487,1.907,0,72
R04039,Chicago,American,$$$,20.08,25.84,0.2864,0.8,0.572,1.086,0,72
R04040,NYC,Mexican,$$,13.75,18.28,0.3294,3.4,-0.293,1.534,0,72
R04041,LA,American,$$$,20.02,24.94,0.2457,14.5,0.421,1.119,0,72
R04042,NYC,American,$$,16.02,20.29,0.2667,12.6,-0.242,1.356,0,72
R04043,Chicago,Vietnamese,$$,17.19,22.11,0.2859,2.5,0.611,1.028,0,72
R04044,LA,Italian,$$$,20.59,26.44,0.2843,12.6,0.415,1.415,0,72
R04045,NYC,Japanese,$$$,18.71,24.62,0.3162,0.5,-0.541,1.526,0,72
R04046,NYC,American,$$,16.2,20.75,0.2806,16.1,-0.954,1.627,0,72
R04047,NYC,Japanese,$$$,21.4,28.35,0.3246,8.4,0.956,1.299,1,62
R04048,NYC,FastFood,$,8.13,11.19,0.3771,0.6,-0.813,1.561,1,29
R04049,LA,Indian,$,10.76,14.24,0.323,8.2,0.501,1.107,0,72
R04050,Chicago,Mexican,$$,13.4,16.6,0.2386,6.4,0.031,1.017,0,72
R04051,LA,Mexican,$,9.74,13.7,0.4069,1.6,-0.463,1.292,0,72
R04052,LA,Vietnamese,$,7.3,9.64,0.321,3.3,0.429,1.126,0,72
R04053,NYC,Japanese,$$$,20.68,23.42,0.1326,6.4,1.368,1.283,0,72
R04054,Chicago,Thai,$$,12.22,16.41,0.343,0.5,0.626,1.044,0,72
R04055,Chicago,Chinese,$,11.13,14.14,0.2703,1.4,0.129,0.984,0,72
R04056,NYC,Mexican,$,7.15,9.44,0.3202,6.7,1.621,1.474,0,72
R04057,Chicago,Italian,$$,15.44,18.07,0.1697,17.6,-1.674,1.082,0,72
R04058,NYC,Indian,$$,14.05,18.58,0.322,2.8,-1.112,1.696,0,72
R04059,Chicago,FastFood,$,7.58,9.6,0.2656,1.2,-0.464,1.083,0,72
R04060,Chicago,Mediterranean,$$$,18.23,22.08,0.2112,0.5,1.419,1.066,0,72
R04061,LA,Japanese,$$$$,28.27,34.55,0.2224,10.6,0.943,1.13,0,72
R04062,NYC,Thai,$$,15.36,19.9,0.2954,2.3,-1.716,1.391,0,72
R04063,LA,Mexican,$$,15.04,19.46,0.2942,4.5,-0.436,1.267,0,72
R04064,NYC,American,$$$,19.54,25.84,0.3226,3.7,-1.324,1.388,1,30
R04065,LA,FastFood,$,7.08,9.58,0.3536,17.1,-0.04,1.267,0,72
R04066,NYC,Japanese,$$$,23.81,30.71,0.2897,2.4,0.902,1.315,0,72
R04067,LA,FastFood,$,10.17,13.93,0.3705,6.8,0.976,1.513,0,72
R04068,Chicago,Chinese,$$,12.02,15.21,0.2653,2.4,0.268,1.024,0,72
R04069,NYC,Mexican,$,10.84,13.98,0.289,1.3,-0.425,1.472,0,72
R04070,NYC,American,$$,17.6,24.12,0.3703,5.7,-0.095,1.368,0,72
R04071,LA,Mediterranean,$$,13.02,17.14,0.3164,11.8,0.683,1.51,0,72
R04072,NYC,Italian,$$,14.8,19.69,0.3306,0.5,2.347,1.248,0,72
R04073,NYC,Thai,$$,12.42,16.91,0.3617,2.6,-1.185,1.333,0,72
R04074,NYC,Chinese,$$,14.1,18.29,0.297,1.3,1.589,1.606,0,72
R04075,NYC,Indian,$$,15.08,17.84,0.1826,3.4,0.244,1.492,0,72
R04076,LA,American,$$$,19.27,23.09,0.1985,8.8,0.82,1.12,0,72
R04077,LA,Chinese,$,11.01,14.67,0.3318,0.8,0.185,1.124,0,72
R04078,NYC,Indian,$$,12.17,15.75,0.2949,6.9,1.404,1.4,0,72
R04079,LA,Indian,$$,15.93,20.06,0.259,1.0,0.33,1.215,0,72
R04080,NYC,American,$$,13.86,16.01,0.1552,3.4,-0.649,1.747,0,72
R04081,NYC,Chinese,$,11.66,15.39,0.3193,6.2,0.45,1.559,1,37
R04082,LA,Mexican,$,8.95,11.33,0.2659,8.3,1.127,1.357,1,39
R04083,NYC,FastFood,$,8.96,11.86,0.3238,6.6,0.0,1.376,0,72
R04084,LA,Vietnamese,$$,15.18,20.53,0.3525,9.0,-2.074,1.277,1,38
R04085,Chicago,Thai,$,11.63,14.06,0.2085,2.0,-0.115,0.83,0,72
R04086,LA,Vietnamese,$$,13.82,17.46,0.2633,5.6,0.098,1.227,0,72
R04087,LA,Thai,$$,13.85,18.0,0.2993,1.4,-0.045,1.217,0,72
R04088,NYC,Chinese,$,9.46,12.9,0.3636,4.4,-0.495,1.804,0,72
R04089,NYC,American,$$,13.62,17.16,0.2599,0.5,1.323,1.748,0,72
R04090,NYC,Vietnamese,$,9.68,13.59,0.4034,2.2,-2.373,1.406,0,72
R04091,LA,Mexican,$,11.81,14.83,0.2561,3.8,0.094,1.088,0,72
R04092,Chicago,Chinese,$$,14.02,16.79,0.1973,9.1,0.108,0.91,1,50
R04093,NYC,American,$$$,22.32,26.85,0.203,0.5,2.095,1.4,0,72
R04094,NYC,Mediterranean,$$,13.14,15.86,0.2074,4.3,-0.014,1.695,0,72
R04095,NYC,Vietnamese,$,10.54,14.19,0.3468,0.7,0.446,1.524,0,72
R04096,LA,Mexican,$,10.64,13.52,0.2711,3.4,0.125,1.277,0,72
R04097,LA,FastFood,$,6.77,8.59,0.2695,17.4,0.094,1.323,0,72
R04098,LA,Mexican,$$,12.72,17.03,0.339,8.9,1.763,1.065,0,72
R04099,Chicago,Chinese,$$,13.0,17.05,0.3112,3.9,-1.112,0.918,1,32
R04100,NYC,FastFood,$,6.13,8.66,0.4125,9.9,-0.667,1.543,0,72
R04101,LA,Indian,$$,14.55,19.26,0.3238,8.9,0.754,1.093,0,72
R04102,LA,FastFood,$,6.84,8.85,0.2941,2.3,0.257,0.999,0,72
R04103,NYC,Thai,$$,14.03,18.57,0.3238,1.7,-0.283,1.273,0,72
R04104,Chicago,Vietnamese,$$,14.45,18.86,0.3048,17.4,-0.071,1.135,0,72
R04105,NYC,Italian,$$$,19.56,23.99,0.2263,0.7,0.914,1.386,1,50
R04106,LA,Italian,$$$,18.58,23.01,0.2382,1.3,0.485,1.233,0,72
R04107,LA,FastFood,$,7.73,9.87,0.2774,2.1,-0.713,1.06,0,72
R04108,Chicago,Mediterranean,$$,17.21,20.8,0.2086,8.1,0.238,1.047,0,72
R04109,LA,Italian,$$$,19.92,24.87,0.2486,3.8,-0.05,1.162,0,72
R04110,NYC,Italian,$$$,19.57,25.94,0.3254,19.7,0.47,1.53,0,72
R04111,Chicago,Italian,$$,17.68,22.24,0.2576,5.2,-0.321,0.944,1,55
R04112,LA,Italian,$$$,18.72,23.64,0.263,22.0,-1.208,1.275,0,72
R04113,LA,Mediterranean,$$,13.41,17.09,0.274,8.6,0.672,1.126,0,72
R04114,LA,Mexican,$,10.95,14.42,0.3162,4.9,0.549,1.188,0,72
R04115,NYC,Japanese,$$$,24.99,29.93,0.1976,15.0,1.415,1.403,0,72
R04116,LA,FastFood,$,9.89,12.84,0.2982,6.4,-1.316,1.204,0,72
R04117,Chicago,American,$$,16.27,19.36,0.1899,1.1,-0.07,1.034,0,72
R04118,NYC,Japanese,$$$$,28.71,37.29,0.2987,6.5,-0.23,1.366,0,72
R04119,LA,Italian,$$$,19.72,25.19,0.2772,6.7,-0.396,1.183,0,72
R04120,Chicago,Mexican,$,11.99,15.9,0.3268,1.1,-1.541,1.023,1,13
R04121,LA,Chinese,$,10.44,14.19,0.3591,3.3,-1.066,1.275,1,28
R04122,Chicago,Mexican,$$,16.19,20.95,0.2936,5.9,0.271,0.991,0,72
R04123,NYC,Mexican,$$,14.36,18.54,0.2909,5.7,-0.5,1.304,0,72
R04124,Chicago,Chinese,$$,17.97,22.78,0.2675,10.9,-0.826,1.01,0,72
R04125,NYC,Italian,$$$$,26.59,32.27,0.2138,21.8,1.43,1.571,0,72
R04126,LA,Mexican,$,9.92,13.41,0.3529,5.7,2.374,1.023,0,72
R04127,LA,FastFood,$,6.75,8.92,0.322,5.9,-0.056,1.024,0,72
R04128,LA,Mexican,$,7.47,9.82,0.3151,11.3,-1.502,1.108,0,72
R04129,Chicago,Italian,$$$,21.24,26.22,0.2347,0.5,0.396,0.977,0,72
R04130,LA,Mediterranean,$$$,19.13,23.59,0.2329,2.9,-2.085,0.922,0,72
R04131,LA,Mexican,$$,12.72,17.41,0.3682,3.6,-1.35,1.286,0,72
R04132,NYC,Japanese,$$,17.64,21.22,0.2026,31.7,0.414,1.419,0,72
R04133,LA,Thai,$$,13.78,17.98,0.3053,26.8,-1.384,0.905,0,72
R04134,LA,American,$$,16.54,20.77,0.2555,0.5,-0.296,1.05,0,72
R04135,NYC,Chinese,$$,14.97,20.38,0.3614,1.7,-1.484,1.399,1,26
R04136,LA,Indian,$$,15.23,18.45,0.2113,5.3,0.056,0.97,0,72
R04137,Chicago,Vietnamese,$$,12.96,15.6,0.2035,0.5,1.123,1.124,0,72
R04138,LA,Italian,$$,17.6,22.31,0.2675,2.6,-0.613,1.227,1,42
R04139,LA,Mexican,$$,15.46,20.11,0.3005,21.5,-0.019,1.302,0,72
R04140,NYC,Mexican,$$,14.01,18.7,0.3355,6.2,-0.816,1.282,0,72
R04141,LA,Thai,$,11.31,14.21,0.257,3.8,-0.746,1.261,0,72
R04142,NYC,Italian,$$$,23.11,29.95,0.2956,6.0,-0.831,1.339,0,72
R04143,NYC,Mexican,$$,15.59,21.12,0.355,8.6,0.786,1.417,0,72
R04144,LA,American,$$,17.4,22.13,0.272,6.1,-1.414,1.252,0,72
R04145,NYC,FastFood,$,8.94,11.64,0.3015,2.2,-0.332,1.438,0,72
R04146,NYC,Mexican,$$,16.85,23.0,0.3651,4.1,0.41,1.598,0,72
R04147,LA,Mexican,$,9.32,11.83,0.2704,6.1,0.91,1.22,0,72
R04148,NYC,Japanese,$$$$,27.51,34.03,0.2371,2.4,0.441,1.372,0,72
R04149,NYC,Vietnamese,$,10.56,13.32,0.2617,0.5,-0.073,1.604,1,19
R04150,NYC,Japanese,$$$$,26.79,33.82,0.2622,7.4,-0.569,1.645,0,72
R04151,LA,Mediterranean,$$,17.37,22.99,0.3232,2.1,0.925,1.213,0,72
R04152,NYC,Mexican,$,9.99,13.51,0.3513,0.7,-0.867,1.702,1,30
R04153,LA,Italian,$$,16.46,19.88,0.2079,0.6,-0.852,1.167,1,22
R04154,LA,Italian,$$$,21.63,26.73,0.2355,10.3,1.352,1.182,0,72
R04155,NYC,Italian,$$,17.33,21.75,0.2552,7.5,0.36,1.451,0,72
R04156,Chicago,Japanese,$$$,19.67,24.06,0.2233,5.0,0.396,0.985,0,72
R04157,NYC,Thai,$$,12.5,16.49,0.3189,11.0,0.599,1.397,0,72
R04158,LA,Italian,$$$,20.21,23.8,0.178,9.4,-0.095,1.101,0,72
R04159,NYC,Indian,$$$,19.87,25.94,0.3053,5.7,-1.438,1.287,0,72
R04160,LA,Chinese,$,8.84,10.72,0.2122,1.3,0.251,1.216,0,72
R04161,NYC,American,$$$$,26.49,34.67,0.3088,26.1,-0.018,1.674,0,72
R04162,Chicago,Italian,$$$,18.67,21.38,0.1449,12.3,-0.859,1.103,0,72
R04163,NYC,American,$$,17.76,23.78,0.3389,7.5,-1.089,1.519,0,72
R04164,LA,Mexican,$,11.56,13.84,0.1977,1.2,-0.047,1.394,0,72
R04165,NYC,FastFood,$,8.49,12.26,0.4437,2.3,-1.358,1.453,0,72
R04166,NYC,Mediterranean,$$,17.6,21.26,0.208,0.5,-0.143,1.288,0,72
R04167,NYC,Thai,$,11.59,14.49,0.25,17.7,-0.264,1.39,0,72
R04168,LA,Mediterranean,$$,14.71,18.9,0.285,11.2,-0.119,1.191,0,72
R04169,LA,Chinese,$$,16.09,21.41,0.3309,0.6,0.403,1.128,0,72
R04170,Chicago,American,$$,12.1,14.71,0.2158,8.3,0.622,1.076,0,72
R04171,LA,Italian,$$$,19.49,24.84,0.2746,6.0,-0.711,1.343,0,72
R04172,Chicago,Mediterranean,$$,15.9,19.09,0.2002,2.0,0.87,0.812,0,72
R04173,NYC,Chinese,$,10.94,14.22,0.3,5.7,-0.219,1.425,0,72
R04174,LA,Chinese,$$$,18.54,23.82,0.2849,15.2,1.753,0.847,0,72
R04175,LA,Vietnamese,$,9.68,12.43,0.2831,5.4,-0.585,1.187,0,72
R04176,LA,Mexican,$,10.2,12.48,0.2233,1.0,-1.611,1.185,0,72
R04177,Chicago,Indian,$$,14.02,17.51,0.2488,12.2,0.834,1.238,0,72
R04178,LA,Chinese,$,11.32,14.65,0.2942,4.1,0.426,1.433,0,72
R04179,Chicago,Vietnamese,$,11.51,15.36,0.3339,4.4,1.202,1.118,0,72
R04180,LA,Mediterranean,$$,17.48,21.08,0.2057,19.6,0.31,1.069,0,72
R04181,NYC,American,$$,16.69,20.83,0.248,16.6,2.34,1.283,0,72
R04182,LA,Chinese,$$,12.71,17.29,0.3602,1.5,-0.189,1.052,0,72
R04183,LA,Mexican,$,11.02,14.7,0.3347,0.6,1.046,1.441,1,24
R04184,Chicago,Mexican,$$,14.03,18.49,0.3175,4.7,-0.525,0.897,0,72
R04185,Chicago,Mexican,$$,12.25,16.08,0.3127,1.8,0.492,0.955,0,72
R04186,NYC,American,$$,14.63,19.07,0.3029,32.8,0.678,1.302,0,72
R04187,NYC,Italian,$$$,23.49,31.51,0.3411,2.0,0.833,1.247,0,72
R04188,NYC,Chinese,$$,12.72,16.85,0.3246,3.8,0.776,1.509,0,72
R04189,LA,Chinese,$$,15.82,19.77,0.2494,0.7,-3.237,1.222,1,39
R04190,NYC,FastFood,$,10.6,14.76,0.3919,15.9,-0.069,1.11,0,72
R04191,LA,Mexican,$$,15.76,20.36,0.2917,1.8,-0.575,1.026,0,72
R04192,LA,Italian,$$$,20.38,24.96,0.2245,3.6,-0.378,1.237,0,72
R04193,Chicago,Japanese,$$$,22.0,27.24,0.2385,4.8,-0.283,0.991,0,72
R04194,NYC,Mexican,$$,12.36,16.05,0.2989,3.2,0.977,1.382,1,38
R04195,LA,FastFood,$,8.13,10.69,0.3145,6.9,0.203,1.29,0,72
R04196,NYC,Mexican,$,8.46,11.54,0.3638,1.0,-0.508,1.219,0,72
R04197,Chicago,Vietnamese,$$,13.09,16.39,0.2526,10.7,-1.468,0.931,0,72
R04198,NYC,American,$$,16.72,22.22,0.3287,6.3,1.533,1.543,0,72
R04199,NYC,Thai,$$,16.24,20.48,0.2607,2.4,-0.647,1.341,1,32
R04200,NYC,Vietnamese,$,11.26,14.42,0.2805,1.6,-0.131,1.505,1,7
R04201,Chicago,Indian,$$,16.34,21.99,0.3453,5.9,2.139,0.871,0,72
R04202,NYC,Japanese,$$,17.17,20.49,0.1935,23.5,-0.62,1.314,0,72
R04203,LA,Japanese,$$,17.82,22.26,0.2487,4.0,-0.276,0.969,0,72
R04204,LA,Indian,$,9.29,12.74,0.3726,1.4,0.232,0.938,0,72
R04205,LA,American,$$,15.62,19.66,0.2586,0.6,-1.606,1.133,1,32
R04206,NYC,American,$$,13.92,18.76,0.3473,5.3,-1.722,1.53,1,32
R04207,NYC,Chinese,$,11.05,14.95,0.3526,1.6,-0.482,1.43,0,72
R04208,NYC,Chinese,$$,13.81,18.22,0.3196,14.6,-0.447,1.667,0,72
R04209,NYC,Italian,$$,16.67,20.73,0.2435,15.9,0.134,1.383,0,72
R04210,LA,Mexican,$,9.66,11.72,0.214,0.5,-0.978,0.93,0,72
R04211,NYC,Japanese,$$$$,34.78,43.62,0.254,4.1,0.434,1.511,0,72
R04212,NYC,Mexican,$$,12.42,16.78,0.3516,8.0,-2.157,1.274,0,72
R04213,NYC,American,$$,13.17,17.0,0.2916,1.9,-0.07,1.472,0,72
R04214,LA,Indian,$$,12.85,18.04,0.4033,3.7,0.36,0.912,0,72
R04215,NYC,American,$$,15.51,20.07,0.294,5.2,0.328,1.403,0,72
R04216,LA,Vietnamese,$,11.14,14.95,0.3415,20.4,-0.163,1.306,0,72
R04217,NYC,Mexican,$$,15.8,22.09,0.3982,3.3,-0.66,1.555,1,18
R04218,Chicago,Mexican,$$,12.32,16.23,0.317,1.1,-0.192,0.97,0,72
R04219,LA,Vietnamese,$$,16.06,20.97,0.3057,0.5,1.234,1.193,1,45
R04220,NYC,Thai,$$,12.95,16.91,0.3059,8.7,-0.599,1.366,1,43
R04221,NYC,Indian,$$,15.66,20.08,0.2825,0.5,0.978,1.399,0,72
R04222,NYC,Vietnamese,$$,13.82,18.69,0.3522,6.0,1.137,1.563,0,72
R04223,NYC,Indian,$$,17.98,23.22,0.2915,12.5,-1.736,1.325,0,72
R04224,NYC,Indian,$$$,18.36,24.44,0.3312,2.5,-0.128,1.341,0,72
R04225,Chicago,Indian,$$,13.81,16.56,0.1995,7.6,-0.978,0.827,0,72
R04226,LA,Indian,$$,14.49,18.65,0.2873,11.0,-1.502,1.297,0,72
R04227,NYC,Mexican,$,8.0,11.34,0.4176,6.4,0.792,1.395,0,72
R04228,LA,Mexican,$$,12.07,15.79,0.3088,0.9,0.473,1.031,0,72
R04229,NYC,Italian,$$$,21.91,29.4,0.3422,4.5,0.263,1.6,0,72
R04230,Chicago,American,$$$,18.8,23.28,0.2382,17.4,-1.085,0.988,0,72
R04231,NYC,Indian,$$,14.28,18.52,0.2972,15.9,0.21,1.318,0,72
R04232,LA,Italian,$$$,24.44,30.2,0.2358,4.2,-1.31,1.327,0,72
R04233,LA,Italian,$$,16.8,20.4,0.2144,13.0,0.077,1.144,0,72
R04234,NYC,Thai,$$,12.31,14.9,0.211,2.7,-0.662,1.193,0,72
R04235,NYC,Chinese,$,11.95,16.3,0.364,6.4,1.051,1.616,0,72
R04236,NYC,Thai,$,11.44,16.24,0.4196,1.9,-0.363,1.302,0,72
R04237,Chicago,Chinese,$$,14.54,18.82,0.294,2.6,0.231,1.427,1,37
R04238,LA,Italian,$$$,18.96,23.83,0.2571,2.1,0.233,1.13,0,72
R04239,LA,Japanese,$$$,24.55,30.47,0.2409,5.2,-0.076,0.936,0,72
R04240,LA,Italian,$$,16.71,21.52,0.2879,2.7,0.105,1.472,1,7
R04241,Chicago,Mexican,$$,12.37,15.93,0.288,3.6,0.304,0.987,0,72
R04242,LA,Chinese,$,8.78,11.54,0.3134,6.6,-0.896,1.229,0,72
R04243,LA,Italian,$$$,19.26,22.18,0.1517,0.5,0.403,1.248,1,53
R04244,LA,Italian,$$$,18.32,22.05,0.2035,8.6,0.864,1.013,0,72
R04245,NYC,Thai,$,11.48,15.26,0.3284,1.7,0.397,1.111,1,34
R04246,Chicago,Mexican,$$,12.27,16.38,0.3354,13.1,-0.354,1.256,0,72
R04247,NYC,Italian,$$,17.18,22.28,0.2967,10.5,0.174,1.194,0,72
R04248,NYC,Mexican,$$,17.17,21.66,0.261,0.7,-0.364,1.753,0,72
R04249,Chicago,FastFood,$,7.02,8.68,0.2361,1.5,-0.119,1.058,0,72
R04250,NYC,Thai,$$,14.86,19.9,0.3392,9.3,-1.188,1.471,0,72
R04251,NYC,FastFood,$,6.98,9.24,0.3227,1.2,1.38,1.362,0,72
R04252,NYC,FastFood,$,7.69,10.8,0.4047,0.5,1.935,1.9,1,24
R04253,LA,Italian,$$$,18.92,21.73,0.1485,3.1,-0.704,1.097,0,72
R04254,Chicago,Vietnamese,$,11.07,14.12,0.2751,0.6,0.786,0.917,0,72
R04255,NYC,Italian,$$,17.98,22.44,0.2483,1.4,1.458,1.562,1,40
R04256,NYC,Mediterranean,$$$,18.05,23.72,0.314,2.0,-0.958,1.329,1,20
R04257,LA,Japanese,$$$,20.13,24.12,0.1984,7.5,-2.158,1.056,0,72
R04258,Chicago,Italian,$$$,21.11,23.25,0.1017,3.1,1.517,0.987,0,72
R04259,NYC,FastFood,$,8.05,11.01,0.3686,1.4,-0.01,1.565,0,72
R04260,Chicago,Thai,$$,13.76,17.7,0.2863,5.5,-0.519,1.245,0,72
R04261,Chicago,FastFood,$,9.07,12.34,0.3604,2.5,0.047,1.276,0,72
R04262,NYC,Mexican,$$,13.02,17.22,0.3221,9.9,-0.369,1.162,0,72
R04263,Chicago,Chinese,$$,14.6,19.11,0.3088,12.2,2.959,1.126,0,72
R04264,LA,Italian,$$$,19.06,23.9,0.2543,1.5,-0.531,1.06,0,72
R04265,LA,Japanese,$$$,23.94,31.51,0.3161,0.5,0.327,1.066,0,72
R04266,NYC,Japanese,$$$,20.75,26.29,0.2672,1.6,1.292,1.351,0,72
R04267,Chicago,Italian,$$,14.85,16.54,0.1135,7.1,1.287,0.924,0,72
R04268,LA,Thai,$,10.83,13.93,0.2866,10.3,1.096,1.049,0,72
R04269,LA,Chinese,$,9.62,12.55,0.3044,12.3,-0.426,0.902,0,72
R04270,Chicago,Vietnamese,$$,15.79,20.63,0.3059,12.1,-0.152,1.182,0,72
R04271,LA,Mediterranean,$,11.41,13.62,0.1934,3.3,-2.174,1.328,0,72
R04272,Chicago,American,$$$,19.84,24.09,0.2144,3.5,-0.074,0.992,0,72
R04273,Chicago,Italian,$$,15.53,19.31,0.2434,11.3,0.033,0.885,0,72
R04274,NYC,Chinese,$$,16.1,21.16,0.3148,2.1,0.742,1.671,0,72
R04275,NYC,Mexican,$,8.41,11.14,0.3247,15.4,1.795,1.43,0,72
R04276,NYC,Indian,$$,13.9,19.39,0.3953,3.0,0.711,1.345,0,72
R04277,Chicago,Japanese,$$$$,28.58,33.34,0.1665,1.2,1.071,0.816,0,72
R04278,NYC,Mexican,$$,14.21,19.92,0.4017,7.4,-0.017,1.537,0,72
R04279,LA,FastFood,$,8.0,11.13,0.3911,3.5,1.284,1.146,0,72
R04280,NYC,Vietnamese,$,8.11,10.69,0.3187,6.1,0.011,1.487,0,72
R04281,NYC,Thai,$,11.03,14.44,0.3084,1.9,1.141,1.471,0,72
R04282,LA,Japanese,$$$$,28.25,35.26,0.2482,0.8,0.804,1.287,0,72
R04283,NYC,FastFood,$,7.98,10.93,0.3691,7.7,0.393,1.479,0,72
R04284,Chicago,Chinese,$$,12.83,15.92,0.2403,4.0,-1.541,0.958,0,72
R04285,NYC,Chinese,$$,13.68,17.77,0.2986,4.6,1.093,1.54,0,72
R04286,Chicago,Mediterranean,$$,13.45,16.43,0.2222,2.1,0.378,1.114,0,72
R04287,NYC,Mediterranean,$$$,18.29,23.3,0.2738,1.8,0.703,1.735,1,8
R04288,Chicago,American,$$,14.84,18.02,0.2145,9.5,0.314,0.869,0,72
R04289,LA,Mexican,$$,13.18,15.92,0.208,11.6,0.486,1.363,0,72
R04290,NYC,Italian,$$,16.22,20.36,0.2549,0.5,1.301,1.191,1,48
R04291,NYC,Indian,$,10.92,13.91,0.2736,5.1,-0.474,1.628,0,72
R04292,NYC,Thai,$$,12.96,15.77,0.2167,0.5,0.468,1.343,0,72
R04293,LA,Italian,$$$,20.2,24.49,0.2125,1.5,-0.777,1.32,1,48
R04294,Chicago,Mexican,$$,13.42,17.05,0.271,6.7,0.577,1.189,0,72
R04295,NYC,Vietnamese,$,11.56,16.12,0.3938,4.9,0.251,1.482,1,23
R04296,NYC,Indian,$$,17.04,21.7,0.273,0.6,-0.631,1.442,1,39
R04297,LA,Japanese,$$$,21.21,27.22,0.2834,2.4,0.094,1.186,0,72
R04298,LA,American,$$,16.16,21.48,0.3291,1.4,-0.569,1.134,0,72
R04299,LA,FastFood,$,7.8,10.2,0.3086,6.5,-0.378,1.373,0,72
R04300,LA,Chinese,$$,15.44,20.04,0.2976,17.0,0.355,1.185,0,72
R04301,LA,American,$$,16.86,22.7,0.3464,5.7,0.268,0.924,1,40
R04302,Chicago,American,$$,14.47,17.97,0.2414,7.7,-1.92,1.112,0,72
R04303,NYC,American,$$,12.24,15.89,0.2987,0.5,0.37,1.602,0,72
R04304,NYC,Mediterranean,$$$,20.74,26.33,0.2696,6.2,-0.303,1.458,0,72
R04305,NYC,American,$$,13.99,18.39,0.3144,3.1,-0.414,1.319,0,72
R04306,LA,American,$$,16.21,20.39,0.258,1.7,-1.127,1.044,0,72
R04307,NYC,Mexican,$$$,19.09,23.83,0.2484,0.5,-0.045,1.32,1,55
R04308,Chicago,Indian,$$,16.75,20.64,0.2322,0.8,-0.523,1.024,0,72
R04309,LA,Mexican,$$,16.71,21.06,0.2608,0.8,1.274,0.962,0,72
R04310,LA,Mexican,$,11.35,15.04,0.3256,2.5,-1.749,1.263,0,72
R04311,LA,Japanese,$$$$,26.68,32.12,0.2042,0.5,-0.964,1.21,0,72
R04312,NYC,American,$$,16.08,20.96,0.3039,15.6,-1.032,1.692,1,27
R04313,Chicago,FastFood,$,9.08,11.91,0.3122,5.7,0.259,1.088,1,43
R04314,NYC,Indian,$$$,20.86,25.82,0.2376,6.5,1.173,1.329,0,72
R04315,LA,Thai,$$,13.32,16.85,0.2654,1.0,0.503,0.98,0,72
R04316,Chicago,Italian,$$$,18.06,22.24,0.231,3.1,-1.095,0.906,0,72
R04317,LA,American,$$,13.6,17.92,0.3174,2.3,-0.429,1.416,0,72
R04318,Chicago,FastFood,$,9.97,12.62,0.2649,1.6,-0.809,1.036,0,72
R04319,NYC,Japanese,$$$,19.89,24.17,0.2151,3.0,0.508,1.558,0,72
R04320,Chicago,Thai,$$,16.83,22.85,0.3575,11.8,-0.45,0.927,0,72
R04321,LA,American,$,11.89,14.97,0.2595,10.9,-1.413,1.272,0,72
R04322,LA,Chinese,$$,14.35,18.72,0.3046,28.4,0.585,1.0,0,72
R04323,NYC,American,$$,14.25,17.71,0.243,0.5,1.263,1.622,0,72
R04324,NYC,Chinese,$$,14.83,19.73,0.3308,2.7,-0.179,1.262,0,72
R04325,LA,Mexican,$$,12.47,17.53,0.4058,1.4,0.12,0.947,0,72
R04326,NYC,Chinese,$,11.81,15.73,0.3327,5.6,-1.506,1.902,1,48
R04327,LA,Chinese,$$,12.13,16.41,0.3532,2.8,-2.059,1.22,1,32
R04328,Chicago,Italian,$$,15.45,18.56,0.2014,11.4,-1.849,1.013,1,39
R04329,Chicago,Mediterranean,$$$,19.77,23.5,0.1887,11.4,-0.045,0.799,0,72
R04330,NYC,Italian,$$,14.9,18.12,0.2158,5.0,-0.308,1.562,0,72
R04331,Chicago,Thai,$$,13.34,16.07,0.2041,1.1,0.546,1.112,0,72
R04332,NYC,American,$$,17.03,21.98,0.2909,0.5,-0.198,1.416,1,40
R04333,LA,Mexican,$$,16.71,23.08,0.3812,0.7,0.988,1.335,0,72
R04334,Chicago,Chinese,$$,12.98,16.59,0.2781,11.5,0.872,1.151,0,72
R04335,NYC,FastFood,$,8.14,10.94,0.3446,5.8,-0.322,1.544,0,72
R04336,NYC,American,$$,16.81,20.85,0.2405,2.7,-1.003,1.118,0,72
R04337,NYC,FastFood,$,5.85,8.06,0.3778,4.8,-1.916,1.263,1,22
R04338,LA,Italian,$$,14.51,16.95,0.1681,2.7,1.434,1.469,0,72
R04339,Chicago,Indian,$$,13.55,16.17,0.1933,4.1,-0.943,1.01,0,72
R04340,NYC,Indian,$$,12.75,17.15,0.345,1.8,-1.496,1.465,1,16
R04341,NYC,FastFood,$,6.37,8.58,0.3461,2.8,0.13,1.312,0,72
R04342,LA,Mexican,$$,14.59,19.04,0.3051,1.7,-1.488,1.112,0,72
R04343,NYC,FastFood,$,8.91,12.04,0.3515,0.5,0.129,1.673,1,42
R04344,LA,Japanese,$$$,22.56,29.02,0.2863,0.5,-0.336,1.436,1,42
R04345,Chicago,Thai,$$,12.36,15.67,0.2683,3.9,0.924,1.1,1,32
R04346,LA,American,$$,16.23,19.85,0.2228,6.7,0.837,1.282,0,72
R04347,Chicago,American,$$,17.55,20.97,0.1946,0.7,1.103,1.078,0,72
R04348,LA,Italian,$$,17.16,20.94,0.2202,4.7,0.206,1.19,0,72
R04349,Chicago,Thai,$$,15.17,19.34,0.2751,18.6,-0.858,0.866,0,72
R04350,NYC,Chinese,$,11.26,14.85,0.3182,2.5,-1.037,1.223,0,72
R04351,NYC,American,$$,16.28,20.74,0.2738,2.1,-0.531,1.698,0,72
R04352,LA,American,$$$,19.65,24.81,0.2623,0.5,1.994,1.195,0,72
R04353,NYC,Indian,$$$,18.1,23.5,0.2982,4.1,-0.249,1.535,0,72
R04354,Chicago,Japanese,$$$$,27.94,32.99,0.181,2.3,0.161,1.026,0,72
R04355,LA,Vietnamese,$$,12.11,16.53,0.3654,0.5,1.519,1.238,0,72
R04356,Chicago,Japanese,$$$,22.13,26.46,0.1959,18.0,0.255,1.042,0,72
R04357,NYC,Vietnamese,$,10.61,14.18,0.3365,9.2,-0.749,1.577,1,34
R04358,LA,Vietnamese,$,8.31,10.03,0.207,3.0,0.73,1.094,0,72
R04359,LA,Indian,$,11.38,14.45,0.2692,5.3,-0.428,1.383,0,72
R04360,NYC,Thai,$$,13.58,17.05,0.255,14.3,0.289,1.327,0,72
R04361,LA,American,$$,15.69,19.0,0.211,0.6,0.512,1.235,0,72
R04362,LA,Chinese,$$,16.76,23.82,0.4211,1.4,-0.494,1.041,1,34
R04363,Chicago,Vietnamese,$$,14.57,18.83,0.2925,8.1,0.186,0.98,0,72
R04364,LA,Mexican,$,11.05,15.26,0.3813,2.5,1.6,1.109,0,72
R04365,NYC,Chinese,$$,15.06,20.53,0.3628,4.7,-0.627,1.454,0,72
R04366,LA,Thai,$$,12.85,17.21,0.3392,4.1,1.317,1.311,0,72
R04367,LA,Japanese,$$$,24.88,30.85,0.24,1.9,-0.59,1.211,0,72
R04368,NYC,American,$$$,18.5,25.16,0.3603,0.9,1.802,1.835,1,36
R04369,NYC,FastFood,$,10.63,14.91,0.4023,4.7,-0.855,1.595,1,37
R04370,NYC,Chinese,$,11.9,15.73,0.3221,0.5,-0.394,1.411,1,34
R04371,NYC,Mexican,$$,15.0,20.3,0.3532,12.4,1.508,1.435,0,72
R04372,LA,Mexican,$,8.92,11.72,0.3132,0.7,1.552,1.256,0,72
R04373,NYC,Chinese,$$,16.42,21.71,0.3226,1.9,0.818,1.578,1,43
R04374,LA,Indian,$$,14.43,18.45,0.2778,4.3,-1.082,1.035,0,72
R04375,NYC,Indian,$$,14.49,19.11,0.3191,1.8,0.082,1.565,0,72
R04376,LA,American,$,11.09,14.94,0.347,1.4,0.001,1.038,0,72
R04377,NYC,Chinese,$$,12.12,15.27,0.2597,0.8,-0.856,1.547,0,72
R04378,Chicago,American,$$$,20.42,26.28,0.2871,0.5,0.697,1.141,0,72
R04379,NYC,Mexican,$,11.58,15.3,0.3216,0.5,-0.777,1.503,1,39
R04380,LA,Vietnamese,$$,13.08,17.96,0.3735,7.7,-1.291,0.908,0,72
R04381,NYC,American,$$,16.1,20.34,0.2633,2.4,-1.621,1.171,0,72
R04382,NYC,Mexican,$$,15.13,20.59,0.3606,5.6,1.712,1.551,0,72
R04383,LA,Thai,$$,14.49,18.58,0.2821,15.6,-0.51,0.894,0,72
R04384,Chicago,Indian,$$,12.26,14.27,0.1635,11.8,-0.49,1.076,0,72
R04385,Chicago,Italian,$$$,18.18,23.4,0.2869,0.9,-1.031,1.125,1,47
R04386,NYC,American,$$$,21.34,26.32,0.2329,17.5,1.368,1.662,0,72
R04387,NYC,American,$$,17.5,22.47,0.2842,5.7,-1.38,1.409,0,72
R04388,LA,Chinese,$$,12.73,15.88,0.2474,19.0,-1.204,1.265,0,72
R04389,LA,Chinese,$$$,19.51,24.06,0.2331,10.9,-0.322,1.23,0,72
R04390,NYC,Vietnamese,$$,14.17,18.7,0.3198,7.5,-0.022,1.215,0,72
R04391,LA,FastFood,$,9.85,12.9,0.3103,24.5,0.659,1.312,0,72
R04392,LA,American,$$,16.94,20.36,0.2016,11.3,-0.676,1.418,0,72
R04393,LA,American,$$$,18.25,22.96,0.2582,1.3,1.544,1.303,0,72
R04394,NYC,Vietnamese,$$,13.19,16.57,0.2559,16.8,-0.669,1.365,0,72
R04395,NYC,Japanese,$$,14.85,18.96,0.2763,11.2,-1.009,1.585,0,72
R04396,NYC,Mexican,$$,13.42,17.9,0.3336,0.6,-1.104,1.694,0,72
R04397,LA,Japanese,$$$,21.37,24.06,0.126,0.9,-0.774,1.38,0,72
R04398,NYC,Mediterranean,$$,15.54,19.64,0.2638,10.3,-1.169,1.64,0,72
R04399,LA,Thai,$$,13.52,17.75,0.3134,0.9,0.751,0.991,1,30
R04400,LA,FastFood,$,6.42,8.27,0.2868,5.3,-1.001,1.259,0,72
R04401,LA,Chinese,$,9.39,12.45,0.3256,0.5,-0.133,1.297,1,25
R04402,NYC,American,$$$,20.02,26.06,0.3016,0.5,-1.03,1.642,0,72
R04403,NYC,American,$$,17.39,21.37,0.2291,8.1,-1.174,1.543,0,72
R04404,LA,Chinese,$,8.42,10.94,0.2994,3.8,1.107,1.446,0,72
R04405,LA,Chinese,$,11.72,15.72,0.3412,3.3,1.603,0.964,0,72
R04406,Chicago,Thai,$$,16.4,19.95,0.2162,1.1,1.269,1.069,0,72
R04407,NYC,Vietnamese,$,10.93,14.43,0.3197,3.6,-1.471,1.536,0,72
R04408,Chicago,Vietnamese,$$,14.39,19.25,0.3375,1.1,-1.333,1.114,0,72
R04409,NYC,Chinese,$$,15.7,20.06,0.2771,15.6,1.978,1.745,0,72
R04410,NYC,American,$$,12.53,16.33,0.303,0.8,-0.254,1.303,1,43
R04411,NYC,Mexican,$$,12.18,15.67,0.286,4.7,-1.375,1.738,0,72
R04412,LA,Mexican,$,11.53,15.13,0.312,6.0,1.082,1.323,1,24
R04413,NYC,American,$$,12.46,16.23,0.3023,4.2,0.067,1.418,0,72
R04414,NYC,Italian,$$,13.85,15.65,0.1298,0.5,0.569,1.3,0,72
R04415,LA,FastFood,$,7.35,9.66,0.3133,7.6,-2.238,1.229,0,72
R04416,LA,Japanese,$$$,19.6,24.92,0.2715,0.5,-0.326,1.242,1,38
R04417,NYC,Mexican,$$,13.15,17.77,0.3513,14.6,0.949,1.511,0,72
R04418,NYC,Mexican,$$,15.08,19.82,0.3139,3.1,-0.64,1.345,0,72
R04419,LA,Indian,$$,15.9,19.48,0.2248,5.7,1.235,1.291,0,72
R04420,NYC,Chinese,$$,14.88,20.11,0.3514,3.0,-1.317,1.381,1,34
R04421,NYC,Chinese,$$,12.39,16.16,0.3039,1.6,-0.113,1.678,1,35
R04422,LA,Japanese,$$$,24.52,31.32,0.2773,8.4,1.645,1.473,0,72
R04423,NYC,Chinese,$$,12.66,16.95,0.339,2.9,-1.151,1.315,0,72
R04424,LA,American,$$,14.78,18.29,0.2376,3.8,0.271,1.209,0,72
R04425,NYC,Japanese,$$$$,30.95,40.97,0.3236,14.4,0.585,1.629,1,39
R04426,NYC,Mexican,$,8.22,10.77,0.3103,0.9,0.091,1.499,0,72
R04427,NYC,Thai,$,9.99,13.69,0.3695,23.2,-0.25,1.233,0,72
R04428,NYC,Japanese,$$$,23.57,31.49,0.3361,3.7,-0.876,1.609,0,72
R04429,NYC,American,$$,15.25,20.33,0.3325,1.6,0.197,1.348,0,72
R04430,NYC,Mexican,$,9.65,12.85,0.331,8.8,-0.103,1.485,0,72
R04431,Chicago,American,$$,13.23,17.96,0.3574,13.8,-1.436,0.888,1,22
R04432,Chicago,Italian,$$,15.24,18.4,0.2076,1.3,1.1,1.1,0,72
R04433,NYC,American,$$$,18.79,24.27,0.2921,0.9,-0.91,1.379,0,72
R04434,LA,Italian,$$$,22.39,27.51,0.2289,19.6,-1.41,1.337,0,72
R04435,LA,FastFood,$,11.42,14.66,0.2835,2.2,-0.596,1.169,0,72
R04436,Chicago,Chinese,$,9.77,13.04,0.3348,7.6,-0.893,0.944,0,72
R04437,NYC,FastFood,$,6.65,8.85,0.3314,9.0,-0.258,1.524,0,72
R04438,NYC,FastFood,$,6.56,9.23,0.406,0.5,-1.242,1.275,0,72
R04439,NYC,Japanese,$$$$,27.74,36.84,0.328,8.6,0.448,1.799,0,72
R04440,NYC,Italian,$$$,19.4,24.84,0.2802,0.9,1.381,1.483,0,72
R04441,NYC,Italian,$$$,18.26,22.2,0.2154,4.3,0.106,1.355,0,72
R04442,Chicago,FastFood,$,8.86,11.45,0.2929,3.2,-1.444,0.953,0,72
R04443,Chicago,American,$$,15.84,17.36,0.0961,6.8,-0.913,1.002,0,72
R04444,NYC,American,$$,13.08,16.66,0.2742,5.4,0.221,1.634,0,72
R04445,LA,Mexican,$$,13.71,18.65,0.3601,24.4,-1.967,1.078,0,72
R04446,NYC,Thai,$$,13.54,17.57,0.2981,4.5,-1.233,1.387,0,72
R04447,LA,Mexican,$,10.07,13.0,0.2905,12.0,-1.648,1.193,0,72
R04448,LA,Mexican,$$,13.86,18.09,0.3051,2.4,0.115,1.444,0,72
R04449,NYC,Italian,$$,16.67,21.85,0.3108,4.5,2.162,1.635,0,72
R04450,Chicago,Japanese,$$$,22.92,27.9,0.2173,1.3,-1.261,1.21,0,72
R04451,Chicago,Mediterranean,$$,16.62,22.16,0.3329,0.5,0.816,1.004,1,49
R04452,LA,Thai,$$,16.44,20.73,0.2615,2.3,-0.564,1.425,0,72
R04453,LA,Chinese,$$,13.53,17.73,0.3109,4.7,-1.32,1.397,0,72
R04454,LA,Italian,$$,15.35,18.55,0.2083,13.7,1.564,1.305,0,72
R04455,NYC,Thai,$$,14.84,20.97,0.4137,3.3,2.16,1.592,0,72
R04456,NYC,American,$$,17.05,21.98,0.289,0.5,0.412,1.35,1,51
R04457,LA,Chinese,$$,14.25,20.05,0.4064,0.5,0.363,1.494,0,72
R04458,NYC,Japanese,$$$$,26.51,33.11,0.249,1.6,0.062,1.408,0,72
R04459,Chicago,American,$$,14.32,18.71,0.3064,2.7,-0.148,1.069,0,72
R04460,NYC,FastFood,$,9.59,13.09,0.3659,3.4,0.34,1.573,0,72
R04461,NYC,Vietnamese,$,8.43,11.57,0.3718,0.5,0.676,1.23,1,32
R04462,NYC,Mexican,$$,12.23,15.65,0.279,4.3,1.663,1.441,0,72
R04463,Chicago,Indian,$$,13.8,17.49,0.2674,16.4,-0.523,1.025,0,72
R04464,NYC,Chinese,$$,16.87,21.37,0.2665,7.4,0.127,1.43,0,72
R04465,NYC,Mediterranean,$$,16.53,21.53,0.3029,2.9,-0.088,1.443,0,72
R04466,NYC,Italian,$$$,20.08,23.58,0.1741,2.7,1.024,1.734,0,72
R04467,LA,Chinese,$,9.47,12.26,0.2953,2.2,2.4,1.087,1,38
R04468,Chicago,Japanese,$$$,20.65,26.32,0.2748,4.0,1.059,0.859,1,43
R04469,NYC,Chinese,$,11.16,15.04,0.3474,0.9,0.798,1.351,1,25
R04470,Chicago,Chinese,$$$,20.3,24.53,0.2083,2.1,0.908,1.093,0,72
R04471,NYC,American,$$,14.19,16.82,0.1851,16.4,1.267,1.604,0,72
R04472,LA,Indian,$$,14.69,19.17,0.3048,4.8,2.414,1.291,0,72
R04473,NYC,Thai,$$,14.32,19.89,0.3891,0.5,-1.685,1.618,1,28
R04474,LA,Japanese,$$,16.53,19.86,0.2018,0.5,0.6,1.237,0,72
R04475,LA,Mexican,$,11.37,16.2,0.4249,1.3,-2.581,1.128,0,72
R04476,LA,Japanese,$$$,23.66,29.57,0.2497,1.8,0.951,1.071,0,72
R04477,NYC,Japanese,$$$,22.34,26.19,0.1721,0.5,0.551,1.246,0,72
R04478,Chicago,Chinese,$,8.59,10.24,0.192,0.7,-0.547,0.973,0,72
R04479,Chicago,Mediterranean,$$,15.35,19.63,0.2785,1.5,-2.67,1.099,0,72
R04480,LA,FastFood,$,10.21,13.75,0.3465,0.5,-0.014,1.235,1,26
R04481,LA,Mexican,$$,13.9,19.37,0.3941,1.8,0.223,1.203,0,72
R04482,LA,Thai,$$,17.43,21.44,0.2301,4.4,-0.063,1.057,0,72
R04483,NYC,Vietnamese,$,9.63,12.87,0.3359,7.0,-0.621,1.976,0,72
R04484,Chicago,Chinese,$$,16.37,20.8,0.2703,1.8,-0.897,0.906,0,72
R04485,NYC,American,$$,15.87,20.2,0.2728,4.8,-0.052,1.471,0,72
R04486,LA,Mexican,$$,16.65,21.66,0.3009,5.1,-0.802,1.353,1,27
R04487,NYC,Mexican,$$,12.51,16.53,0.3219,1.4,0.809,1.457,0,72
R04488,NYC,FastFood,$,5.88,8.05,0.3687,10.2,-0.079,1.316,0,72
R04489,LA,American,$$$,18.64,23.77,0.2751,5.9,-1.725,1.322,0,72
R04490,LA,Chinese,$$,12.0,15.75,0.3126,1.5,0.177,1.022,0,72
R04491,Chicago,Japanese,$$$,20.56,26.32,0.2803,8.1,0.414,1.233,1,39
R04492,Chicago,FastFood,$,6.54,8.18,0.2499,8.5,1.618,1.034,0,72
R04493,NYC,Japanese,$$$$,29.46,34.75,0.1794,0.8,0.928,1.407,0,72
R04494,NYC,Mediterranean,$$,15.48,20.75,0.3408,0.5,-0.899,1.223,1,13
R04495,NYC,Mediterranean,$$$,22.57,28.05,0.2428,5.3,1.426,1.263,0,72
R04496,LA,Italian,$$,16.66,20.17,0.211,19.0,-1.386,1.193,0,72
R04497,LA,Vietnamese,$,9.73,12.45,0.2794,8.1,0.028,1.506,1,54
R04498,Chicago,Vietnamese,$$,14.58,18.2,0.2483,10.9,0.754,1.028,0,72
R04499,LA,Indian,$$,14.31,17.27,0.2071,13.9,1.459,1.251,0,72
R04500,NYC,Italian,$$,17.8,21.74,0.2215,0.5,1.889,1.519,0,72
R04501,LA,Mexican,$,9.92,13.42,0.3525,2.9,1.275,1.594,0,72
R04502,LA,Chinese,$,11.97,15.56,0.2998,2.5,-0.137,1.138,0,72
R04503,LA,American,$$,17.28,22.21,0.2852,5.0,0.58,1.448,0,72
R04504,NYC,Indian,$,11.48,14.63,0.2752,2.9,0.224,1.382,0,72
R04505,NYC,Indian,$$,13.16,17.7,0.3451,0.5,-0.709,1.333,1,24
R04506,NYC,American,$$,14.83,18.61,0.2546,1.2,-0.116,1.436,0,72
R04507,NYC,Mexican,$$,12.65,15.62,0.2346,0.7,1.798,1.435,0,72
R04508,LA,Mexican,$$,16.31,21.79,0.3358,9.3,0.646,1.284,0,72
R04509,NYC,Thai,$$,13.26,17.88,0.3484,2.6,2.059,1.097,0,72
R04510,LA,American,$$,14.13,17.41,0.232,2.8,-1.082,1.221,0,72
R04511,LA,Thai,$$$,22.95,30.98,0.35,4.0,-0.382,1.117,0,72
R04512,Chicago,Chinese,$$,12.02,14.76,0.2275,6.0,0.415,0.917,0,72
R04513,NYC,Japanese,$$$,21.26,27.71,0.3035,9.0,0.742,1.241,0,72
R04514,NYC,FastFood,$,7.97,11.53,0.4472,2.8,-0.117,1.388,0,72
R04515,NYC,Chinese,$$,12.37,16.35,0.3218,12.1,0.801,1.363,0,72
R04516,NYC,Mexican,$$,12.68,16.84,0.3287,2.0,0.793,1.378,0,72
R04517,NYC,Vietnamese,$$,13.57,17.98,0.3247,2.8,-1.388,1.191,0,72
R04518,LA,American,$$,17.21,23.08,0.3414,2.2,0.753,1.214,1,34
R04519,NYC,FastFood,$,10.32,14.24,0.3801,0.5,1.073,1.319,0,72
R04520,NYC,Mediterranean,$$$,20.51,28.66,0.3972,8.4,0.296,1.192,0,72
R04521,NYC,Indian,$$,15.05,19.78,0.314,4.2,-1.84,1.358,0,72
R04522,LA,Mexican,$$,13.38,17.22,0.2873,0.5,-0.277,1.094,1,44
R04523,Chicago,Japanese,$$$$,26.86,31.98,0.1908,17.4,0.438,1.005,0,72
R04524,LA,Mediterranean,$$,13.92,17.72,0.2731,3.1,-0.866,1.122,0,72
R04525,LA,Japanese,$$$$,34.49,39.59,0.1479,2.4,0.918,1.008,0,72
R04526,LA,FastFood,$,7.75,10.2,0.3163,1.6,0.73,1.079,0,72
R04527,LA,Vietnamese,$,10.8,13.9,0.2874,6.3,0.134,0.975,0,72
R04528,NYC,Mexican,$,10.05,13.59,0.352,6.5,0.017,1.662,0,72
R04529,LA,American,$$,12.93,17.55,0.3571,3.3,0.193,1.402,0,72
R04530,LA,Vietnamese,$$,13.7,17.99,0.3127,5.3,-0.004,1.423,0,72
R04531,NYC,Mexican,$$$,18.81,23.4,0.2439,2.7,-1.285,1.351,0,72
R04532,LA,Italian,$$,16.25,19.25,0.1843,1.0,-0.43,1.402,1,37
R04533,LA,Indian,$$,15.44,19.96,0.2931,4.4,0.072,1.26,0,72
R04534,LA,Chinese,$$,13.53,17.65,0.3046,8.2,1.419,1.087,0,72
R04535,NYC,Italian,$$$,21.55,28.69,0.3312,4.1,0.692,1.345,0,72
R04536,LA,Vietnamese,$$,17.15,23.28,0.358,1.9,1.472,1.175,0,72
R04537,Chicago,Indian,$$$,19.07,24.72,0.2965,2.7,-1.405,1.012,0,72
R04538,NYC,American,$$,15.33,19.45,0.2691,4.6,-0.356,1.515,1,53
R04539,NYC,FastFood,$,9.35,13.23,0.415,30.6,2.074,1.45,0,72
R04540,NYC,FastFood,$,9.52,12.52,0.3152,0.5,-0.743,1.391,1,52
R04541,NYC,Japanese,$$$,21.92,28.9,0.3184,2.2,-0.763,1.705,0,72
R04542,Chicago,Chinese,$,10.67,13.4,0.2559,1.9,-0.272,0.986,0,72
R04543,LA,Indian,$$,12.56,15.17,0.2076,4.1,2.018,1.176,0,72
R04544,NYC,Chinese,$$,15.98,21.57,0.3497,3.0,-0.672,1.413,0,72
R04545,NYC,Thai,$$,17.54,24.2,0.3799,4.0,0.557,1.43,0,72
R04546,Chicago,American,$$,15.41,18.64,0.2097,5.2,0.392,0.849,0,72
R04547,NYC,Japanese,$$$,23.06,31.09,0.3481,7.3,-1.928,1.286,0,72
R04548,LA,American,$$$,19.85,23.36,0.1772,10.6,-0.016,1.609,0,72
R04549,NYC,American,$,11.77,14.37,0.2202,20.0,-0.553,1.189,0,72
R04550,NYC,FastFood,$,7.84,10.61,0.3527,3.0,0.678,1.498,0,72
R04551,LA,Chinese,$$$,18.69,23.95,0.2815,0.5,1.739,1.25,1,35
R04552,NYC,FastFood,$,8.97,11.9,0.3266,3.8,-0.345,1.637,0,72
R04553,LA,Mexican,$,10.2,13.53,0.3267,5.9,-0.345,1.254,0,72
R04554,NYC,Indian,$$,14.81,18.86,0.2736,0.5,2.518,1.819,1,34
R04555,LA,FastFood,$,10.22,13.51,0.3221,0.5,-0.712,1.235,0,72
R04556,LA,Japanese,$$,13.91,17.58,0.2639,11.4,-1.343,1.411,0,72
R04557,LA,Mexican,$$,12.9,16.6,0.2866,1.2,1.378,1.36,0,72
R04558,NYC,Thai,$$,13.09,17.08,0.3047,3.8,-0.051,1.745,0,72
R04559,LA,Thai,$,10.42,13.1,0.2577,0.7,0.283,1.204,0,72
R04560,Chicago,Italian,$$$,18.27,20.82,0.1397,4.8,2.232,1.049,0,72
R04561,NYC,American,$$,15.61,20.58,0.3182,3.1,-1.403,1.387,1,28
R04562,NYC,Thai,$$,13.94,19.45,0.3954,16.3,-0.195,1.478,0,72
R04563,Chicago,Chinese,$$,12.21,16.16,0.3232,5.2,-1.236,1.026,0,72
R04564,NYC,American,$$,13.31,17.26,0.2966,7.9,0.335,1.13,0,72
R04565,LA,Japanese,$$,16.93,20.62,0.2179,12.6,-0.553,1.18,0,72
R04566,LA,Chinese,$,11.48,14.76,0.2857,0.9,-1.173,1.335,0,72
R04567,NYC,Thai,$$,16.34,22.27,0.3629,3.1,0.732,1.233,0,72
R04568,LA,Italian,$$$,18.77,20.95,0.1159,17.3,0.01,1.066,0,72
R04569,LA,FastFood,$,8.39,11.1,0.3218,7.2,-1.252,1.379,0,72
R04570,NYC,American,$$,13.27,17.47,0.3167,5.1,-1.19,1.704,1,28
R04571,Chicago,American,$$,14.96,17.55,0.1731,4.9,0.208,0.928,0,72
R04572,NYC,Japanese,$$$$,25.12,32.44,0.2912,11.2,-1.671,1.481,0,72
R04573,NYC,Japanese,$$$,24.09,31.05,0.2888,1.7,0.227,1.436,0,72
R04574,Chicago,Thai,$$,12.85,15.25,0.1873,5.8,1.34,1.152,0,72
R04575,NYC,Vietnamese,$,7.19,9.59,0.3343,9.4,0.667,1.36,0,72
R04576,Chicago,Indian,$$,12.84,15.66,0.2191,2.5,-0.623,0.956,0,72
R04577,NYC,Japanese,$$$,20.17,26.03,0.2908,11.2,0.274,1.703,0,72
R04578,LA,Chinese,$,11.04,14.72,0.3335,20.4,-1.252,1.064,1,34
R04579,NYC,Mexican,$,11.6,15.78,0.3599,4.2,0.136,1.366,1,15
R04580,LA,Indian,$$,16.8,21.56,0.2836,1.1,-0.327,1.219,0,72
R04581,LA,Japanese,$$$,21.85,27.63,0.2644,5.3,-1.039,1.441,0,72
R04582,Chicago,American,$$$,19.12,22.39,0.1712,2.3,0.624,0.867,0,72
R04583,Chicago,Japanese,$$,16.77,20.43,0.2185,5.6,-1.977,0.918,0,72
R04584,LA,Japanese,$$$,20.82,25.2,0.2102,8.4,-1.186,1.288,0,72
R04585,LA,Vietnamese,$,8.11,11.04,0.3616,30.8,-1.066,1.313,0,72
R04586,LA,American,$$,14.82,19.18,0.2942,0.6,-0.505,1.231,1,30
R04587,Chicago,FastFood,$,7.04,9.46,0.344,11.1,1.299,0.986,0,72
R04588,LA,Mexican,$$,15.74,22.13,0.4057,5.5,0.754,1.219,0,72
R04589,Chicago,American,$$,17.22,20.9,0.2135,12.3,0.105,0.835,0,72
R04590,NYC,Mexican,$$,15.01,19.7,0.3125,6.2,0.058,1.468,0,72
R04591,LA,Thai,$$,12.96,16.49,0.2723,7.0,-0.012,1.434,0,72
R04592,LA,American,$$,13.32,15.71,0.1799,2.8,1.372,1.024,0,72
R04593,NYC,Japanese,$$$,18.21,21.73,0.1938,8.9,-1.816,1.32,0,72
R04594,NYC,Thai,$$,14.69,19.69,0.3411,9.0,0.772,1.383,0,72
R04595,Chicago,Japanese,$$$$,30.47,35.05,0.1502,2.7,-0.508,0.961,0,72
R04596,NYC,Chinese,$$,14.0,17.73,0.2663,7.4,0.503,1.809,0,72
R04597,NYC,Japanese,$$$,20.56,26.01,0.2649,6.6,0.508,1.297,0,72
R04598,NYC,Mexican,$$,12.08,15.94,0.3194,6.6,0.733,1.266,0,72
R04599,NYC,Mediterranean,$$,16.9,22.56,0.3343,4.0,1.584,1.591,0,72
R04600,LA,Indian,$$$,20.88,26.79,0.283,0.5,-1.371,1.11,0,72
R04601,Chicago,Indian,$$$,18.11,21.91,0.2101,1.7,1.005,1.099,0,72
R04602,Chicago,Mediterranean,$$,17.81,22.96,0.2886,22.6,-0.064,0.977,0,72
R04603,LA,Thai,$$,14.28,18.94,0.3264,4.1,-0.461,1.268,0,72
R04604,LA,Japanese,$$$,23.22,27.38,0.1795,17.9,2.034,0.994,0,72
R04605,NYC,Mexican,$$,13.66,18.48,0.3526,4.2,0.702,1.531,1,48
R04606,Chicago,Italian,$$,16.71,19.45,0.1642,5.7,-0.417,1.026,0,72
R04607,NYC,FastFood,$,7.3,9.66,0.3229,3.0,0.957,1.406,0,72
R04608,NYC,FastFood,$,10.24,14.88,0.4535,4.9,-0.046,1.251,0,72
R04609,Chicago,Indian,$$,14.56,18.29,0.2562,14.2,-0.433,1.026,0,72
R04610,Chicago,Chinese,$$,15.42,19.42,0.2591,6.8,-0.606,1.091,0,72
R04611,NYC,Chinese,$$,17.48,23.15,0.3242,7.4,0.305,1.36,0,72
R04612,LA,Mediterranean,$$$,18.67,24.53,0.3137,9.0,-0.614,1.129,1,32
R04613,LA,Chinese,$$,13.87,17.54,0.2649,1.0,0.155,1.32,0,72
R04614,NYC,American,$$$$,28.46,35.68,0.2535,0.5,0.887,1.78,0,72
R04615,NYC,Italian,$$$,18.68,23.97,0.2828,5.6,0.111,1.623,0,72
R04616,NYC,Italian,$$,14.79,17.37,0.1742,12.9,1.977,1.49,0,72
R04617,LA,Vietnamese,$,10.93,14.86,0.3595,1.9,0.013,1.165,0,72
R04618,NYC,FastFood,$,11.24,14.38,0.2797,25.9,1.349,1.445,0,72
R04619,LA,Indian,$,11.49,14.56,0.2677,2.3,0.976,1.024,0,72
R04620,NYC,Japanese,$$$,19.21,22.86,0.1901,0.5,1.525,1.423,0,72
R04621,Chicago,Japanese,$$$$,26.85,31.34,0.1672,1.3,1.972,1.144,0,72
R04622,LA,Mediterranean,$$,16.19,21.61,0.3349,16.0,-1.761,1.206,1,63
R04623,Chicago,American,$$,15.69,20.11,0.2822,1.5,0.265,0.928,1,42
R04624,NYC,American,$$$,19.41,25.96,0.3376,0.5,-0.112,1.33,0,72
R04625,LA,Vietnamese,$,10.11,12.51,0.2376,1.4,0.111,1.195,0,72
R04626,Chicago,Chinese,$,9.98,12.15,0.2174,1.6,-0.397,0.862,0,72
R04627,NYC,Mexican,$,9.74,13.21,0.357,6.2,-0.543,1.3,0,72
R04628,NYC,Mediterranean,$$$,18.88,25.03,0.3258,3.1,-1.1,1.743,1,35
R04629,NYC,American,$$,16.76,20.79,0.24,16.4,0.097,1.28,0,72
R04630,NYC,Chinese,$,11.48,14.82,0.2911,13.4,0.934,1.317,0,72
R04631,NYC,Italian,$$,14.61,17.44,0.1934,3.6,-0.494,1.502,0,72
R04632,NYC,FastFood,$,8.1,11.68,0.4429,10.5,-0.329,1.375,0,72
R04633,NYC,American,$$$,19.56,24.57,0.2563,12.1,-0.698,1.466,0,72
R04634,LA,American,$$,13.77,17.37,0.2616,4.1,-0.994,1.331,0,72
R04635,NYC,Mexican,$,11.09,14.91,0.3442,0.5,-0.236,1.204,1,32
R04636,NYC,FastFood,$,6.86,9.71,0.4153,3.6,0.343,1.587,1,49
R04637,LA,Mediterranean,$$,15.91,19.45,0.2224,0.5,1.257,1.119,0,72
R04638,NYC,American,$$,17.0,22.76,0.3384,19.6,-1.192,1.401,0,72
R04639,NYC,Italian,$$$$,26.34,31.24,0.1861,3.6,-0.03,1.826,0,72
R04640,NYC,Vietnamese,$,11.96,16.6,0.3883,5.9,1.178,1.225,0,72
R04641,NYC,Thai,$$,13.87,16.97,0.2242,11.4,-1.179,1.557,0,72
R04642,LA,Thai,$$,16.35,21.01,0.2848,8.6,1.267,1.374,0,72
R04643,NYC,FastFood,$,9.63,13.89,0.4413,0.5,-0.439,1.336,0,72
R04644,NYC,American,$$,14.42,18.96,0.3149,5.1,0.711,1.338,0,72
R04645,Chicago,Italian,$$$$,27.24,33.26,0.2211,2.9,-0.218,0.957,0,72
R04646,Chicago,American,$$,15.93,18.76,0.1776,22.3,0.459,0.921,0,72
R04647,NYC,Thai,$$,14.61,18.6,0.2733,8.7,1.609,1.462,0,72
R04648,NYC,Chinese,$$,14.36,19.92,0.3872,0.5,-0.121,1.614,0,72
R04649,LA,Chinese,$$,13.84,18.31,0.3236,4.5,0.997,1.149,0,72
R04650,Chicago,Indian,$$$,19.08,24.7,0.2945,2.6,0.275,1.118,0,72
R04651,Chicago,Japanese,$$$,19.78,24.21,0.2237,5.4,-0.786,1.183,0,72
R04652,NYC,Thai,$$,16.12,20.89,0.2959,0.7,-0.146,1.527,1,23
R04653,NYC,Chinese,$$,13.39,18.19,0.3583,3.0,-0.208,1.544,0,72
R04654,NYC,Italian,$$$,21.48,27.13,0.263,3.3,-1.412,1.35,1,25
R04655,Chicago,Chinese,$$,12.51,15.78,0.2615,11.8,0.459,0.73,0,72
R04656,Chicago,Vietnamese,$,10.8,13.06,0.2093,2.0,0.658,1.073,0,72
R04657,NYC,Indian,$$,16.54,22.29,0.3477,2.4,0.812,1.595,0,72
R04658,LA,Japanese,$$$,23.46,29.85,0.272,7.9,1.43,1.235,0,72
R04659,NYC,Japanese,$$$,18.98,23.53,0.2397,16.5,0.954,1.617,0,72
R04660,LA,Mexican,$$,15.93,21.96,0.379,3.4,-0.603,1.124,0,72
R04661,Chicago,Indian,$$,16.54,20.88,0.2622,7.2,-0.39,1.064,0,72
R04662,LA,FastFood,$,8.39,11.35,0.3532,1.9,0.839,1.432,0,72
R04663,NYC,Indian,$$,13.33,17.92,0.3442,2.6,0.39,1.571,0,72
R04664,LA,Chinese,$$,13.88,18.51,0.3334,11.5,-0.018,1.41,0,72
R04665,NYC,American,$$$,18.02,23.33,0.2947,4.3,-0.875,1.705,0,72
R04666,Chicago,Italian,$$,13.51,16.08,0.1906,1.7,-0.531,0.864,0,72
R04667,NYC,Mexican,$$,13.37,19.25,0.4392,3.0,0.583,1.581,1,42
R04668,Chicago,Chinese,$$,14.62,18.03,0.2333,7.5,-1.951,0.927,0,72
R04669,NYC,Mexican,$,8.18,11.27,0.3773,0.5,-2.34,1.27,1,29
R04670,NYC,Chinese,$$,13.47,17.72,0.3158,3.0,0.693,1.401,0,72
R04671,NYC,Thai,$$,15.86,21.14,0.3327,17.8,-0.533,1.79,0,72
R04672,NYC,Italian,$$$,19.98,26.21,0.3117,8.7,0.469,1.358,0,72
R04673,NYC,Indian,$$,16.75,21.52,0.2844,10.4,1.577,1.174,0,72
R04674,LA,FastFood,$,8.01,10.98,0.3701,0.5,-1.013,1.009,1,35
R04675,NYC,American,$$,13.27,17.16,0.2933,4.8,-1.67,1.536,0,72
R04676,NYC,Japanese,$$,15.91,19.7,0.2379,13.2,-0.276,1.324,1,36
R04677,NYC,Indian,$$,17.65,24.06,0.3629,7.3,-0.685,1.135,0,72
R04678,NYC,Mexican,$$,14.19,19.51,0.3756,0.7,-0.025,1.225,0,72
R04679,Chicago,Japanese,$$$$,27.15,32.53,0.1983,14.1,0.538,1.02,0,72
R04680,Chicago,American,$$,14.04,18.05,0.2852,5.6,0.327,1.098,0,72
R04681,NYC,Thai,$$,16.18,20.52,0.2684,0.7,0.046,1.374,0,72
R04682,LA,Thai,$,10.68,13.76,0.2886,18.7,1.058,1.297,0,72
R04683,LA,Thai,$,11.97,15.19,0.2685,40.0,0.671,1.339,0,72
R04684,Chicago,Vietnamese,$,11.76,15.5,0.3176,1.1,-0.181,0.91,0,72
R04685,NYC,American,$$$,18.03,22.64,0.256,5.2,0.635,1.429,0,72
R04686,NYC,Thai,$$$,18.94,25.53,0.3479,3.2,-1.546,1.349,0,72
R04687,LA,Mediterranean,$$,16.28,21.16,0.2997,3.5,1.064,1.28,0,72
R04688,Chicago,Japanese,$$$,18.83,22.61,0.2012,13.8,0.022,0.929,0,72
R04689,LA,FastFood,$,7.21,10.32,0.4315,4.5,-1.201,1.037,1,40
R04690,LA,Mediterranean,$$,15.02,18.52,0.2327,0.6,-0.417,1.208,1,44
R04691,NYC,American,$$$,23.86,28.86,0.2095,6.7,1.038,1.657,0,72
R04692,LA,Mexican,$$,14.32,19.52,0.3628,3.1,-0.768,1.276,0,72
R04693,Chicago,Chinese,$$,15.88,18.46,0.1625,6.4,0.411,1.128,0,72
R04694,NYC,Indian,$$,13.89,19.09,0.3746,2.8,0.879,1.619,0,72
R04695,LA,Mexican,$$,12.5,16.56,0.3251,18.4,0.024,1.206,0,72
R04696,NYC,Japanese,$$$,24.95,29.91,0.1987,4.2,-0.865,1.35,0,72
R04697,LA,American,$$,14.61,17.71,0.2126,1.6,-0.064,1.081,0,72
R04698,LA,Mediterranean,$$,16.13,19.17,0.1883,11.4,-1.409,0.992,0,72
R04699,LA,Thai,$$,12.4,16.23,0.3091,5.0,-0.489,1.384,1,34
R04700,Chicago,Indian,$$,13.38,15.83,0.1837,5.1,-1.107,0.961,0,72
R04701,NYC,Japanese,$$$,22.19,28.74,0.2951,9.5,-0.047,1.182,0,72
R04702,NYC,Chinese,$,11.21,14.63,0.3048,2.5,-1.269,1.681,0,72
R04703,NYC,Vietnamese,$$,12.11,15.82,0.3062,8.4,0.083,1.466,0,72
R04704,NYC,Chinese,$$,13.68,18.41,0.3455,1.8,1.133,1.629,0,72
R04705,NYC,American,$$,15.49,20.31,0.3112,4.6,1.196,1.405,0,72
R04706,NYC,FastFood,$,7.32,10.38,0.4173,0.7,-1.245,1.318,0,72
R04707,NYC,American,$$,16.31,20.35,0.2483,0.9,-0.666,1.53,0,72
R04708,NYC,Vietnamese,$,10.5,13.95,0.3285,8.5,0.853,1.545,0,72
R04709,NYC,Vietnamese,$,11.6,15.06,0.2982,9.0,0.704,1.402,0,72
R04710,LA,Thai,$$,17.06,22.15,0.2981,10.9,-0.615,1.405,0,72
R04711,NYC,Japanese,$$,17.56,21.62,0.2311,0.5,-0.486,1.624,0,72
R04712,LA,American,$$$,23.66,29.31,0.2388,0.5,0.082,1.284,0,72
R04713,Chicago,Chinese,$$,12.83,16.03,0.249,5.6,-1.833,0.875,0,72
R04714,LA,American,$$,17.23,21.96,0.2747,7.5,0.525,1.033,0,72
R04715,NYC,Italian,$$,15.72,19.65,0.2501,0.5,1.083,1.674,0,72
R04716,NYC,American,$$$,19.65,25.65,0.3053,5.6,-0.389,1.115,0,72
R04717,LA,Indian,$$,14.18,18.07,0.2747,24.7,-1.419,1.187,1,60
R04718,LA,Mexican,$,11.64,15.03,0.291,19.6,1.413,1.221,0,72
R04719,NYC,American,$$,14.43,18.6,0.2896,3.6,0.219,1.367,1,52
R04720,NYC,Chinese,$$,12.39,15.78,0.2741,3.7,0.709,1.444,0,72
R04721,LA,Italian,$$$,19.41,24.42,0.2585,3.9,-1.321,1.262,0,72
R04722,NYC,Mexican,$$,12.89,17.1,0.3257,2.8,-1.317,1.351,0,72
R04723,LA,Chinese,$$,12.91,16.91,0.3102,0.5,0.414,1.334,1,22
R04724,NYC,FastFood,$,7.48,10.25,0.371,1.4,1.028,1.555,1,52
R04725,NYC,FastFood,$,7.4,10.66,0.4401,1.1,-1.129,1.419,0,72
R04726,Chicago,Indian,$$,13.35,16.94,0.2691,17.0,-0.102,0.906,0,72
R04727,NYC,American,$$,17.38,22.31,0.2837,3.8,-1.587,1.434,0,72
R04728,LA,Indian,$$,16.34,20.34,0.2454,6.6,-0.702,1.546,0,72
R04729,NYC,Mediterranean,$$$,19.62,26.1,0.3301,7.7,-0.257,1.324,0,72
R04730,NYC,American,$$,16.0,20.26,0.2665,1.0,0.489,1.742,1,27
R04731,Chicago,Mexican,$$,13.39,16.26,0.2137,8.4,-2.106,0.81,0,72
R04732,NYC,Indian,$$,14.07,18.15,0.2902,1.0,1.32,1.308,0,72
R04733,NYC,FastFood,$,6.21,8.51,0.3696,3.5,-0.171,1.359,0,72
R04734,Chicago,Chinese,$$,12.5,15.37,0.2291,1.6,1.294,1.121,0,72
R04735,LA,Japanese,$$$,20.56,25.58,0.2441,3.0,0.699,1.208,0,72
R04736,LA,Italian,$$,14.93,18.31,0.2264,6.5,0.852,1.404,0,72
R04737,NYC,Japanese,$$$,19.86,25.17,0.2672,9.4,2.02,1.393,0,72
R04738,NYC,Indian,$$,14.86,20.23,0.3617,2.0,-0.782,1.441,1,42
R04739,LA,Italian,$$,14.68,17.09,0.1644,0.6,0.135,1.154,1,23
R04740,NYC,FastFood,$,7.48,10.93,0.4617,11.5,-0.991,1.849,0,72
R04741,NYC,Thai,$$$,18.5,24.2,0.3084,0.5,-0.102,1.268,1,51
R04742,LA,Mexican,$,9.37,12.64,0.349,0.5,0.72,1.129,0,72
R04743,NYC,Thai,$$,13.55,17.83,0.3164,5.4,1.127,1.289,0,72
R04744,NYC,Indian,$,11.75,14.27,0.2137,4.1,-0.382,1.553,0,72
R04745,NYC,American,$$,13.98,17.15,0.2272,10.4,-1.205,1.264,0,72
R04746,NYC,American,$$,15.44,19.36,0.2538,0.5,0.073,1.804,0,72
R04747,LA,Thai,$,11.72,15.7,0.3397,2.5,-0.852,1.212,1,21
R04748,Chicago,Japanese,$$$,24.39,28.07,0.1508,5.2,-0.578,1.051,0,72
R04749,NYC,Chinese,$$,16.58,21.18,0.2772,1.9,0.672,1.533,1,36
R04750,NYC,Italian,$$$,20.94,26.35,0.2582,0.5,0.486,1.447,0,72
R04751,LA,Chinese,$$,15.63,20.69,0.3236,10.3,0.834,1.218,0,72
R04752,NYC,Vietnamese,$,8.97,12.13,0.3521,28.9,-0.337,1.465,0,72
R04753,LA,Chinese,$$,12.44,15.56,0.2508,5.7,1.009,1.277,0,72
R04754,Chicago,Vietnamese,$$,12.51,15.01,0.2001,5.7,0.014,0.906,0,72
R04755,LA,Japanese,$$$$,25.74,32.86,0.277,5.3,-0.284,1.065,0,72
R04756,NYC,Thai,$$$,19.2,26.52,0.3817,3.1,-1.099,1.6,1,9
R04757,Chicago,Japanese,$$$$,26.67,32.07,0.2027,10.9,-2.09,1.0,0,72
R04758,NYC,FastFood,$,9.99,13.01,0.3028,22.1,-1.564,1.14,0,72
R04759,Chicago,Mediterranean,$$$$,27.31,33.28,0.2185,4.3,0.215,0.945,0,72
R04760,LA,Chinese,$$,13.23,17.46,0.3197,2.5,-0.908,1.442,1,30
R04761,LA,Vietnamese,$,10.92,14.17,0.2983,2.4,-1.645,1.177,0,72
R04762,Chicago,Chinese,$$,13.42,17.99,0.3404,1.0,-0.419,0.938,0,72
R04763,LA,Thai,$,11.87,15.87,0.3362,1.7,0.28,1.003,0,72
R04764,NYC,American,$$,16.2,20.88,0.2892,1.5,0.415,1.354,1,61
R04765,NYC,Italian,$$,13.19,15.2,0.1523,8.2,-0.029,1.261,0,72
R04766,LA,Chinese,$,11.82,14.95,0.2654,3.1,-0.061,1.263,0,72
R04767,LA,Japanese,$$$,21.55,26.34,0.2226,0.5,-0.538,1.207,0,72
R04768,NYC,Thai,$$,16.61,21.14,0.2727,1.3,0.634,1.388,0,72
R04769,LA,Thai,$$,17.1,22.22,0.2995,3.4,-0.177,1.095,0,72
R04770,LA,Mexican,$,10.51,13.98,0.3306,2.0,-0.076,1.441,0,72
R04771,NYC,Italian,$$$$,26.16,30.51,0.1663,0.5,1.038,1.332,0,72
R04772,NYC,Japanese,$$$,22.6,29.61,0.3102,9.9,0.792,1.333,0,72
R04773,NYC,American,$$,16.71,21.4,0.2808,0.5,-0.185,1.408,0,72
R04774,NYC,Chinese,$,9.72,13.0,0.3379,14.6,-0.327,1.432,1,31
R04775,NYC,Italian,$$,16.1,20.72,0.2872,5.0,-0.335,1.536,0,72
R04776,NYC,Mediterranean,$$$,20.54,25.7,0.2517,1.1,-2.021,1.621,1,30
R04777,NYC,Japanese,$$$,22.68,30.23,0.3329,28.3,1.097,1.607,0,72
R04778,NYC,Indian,$$,14.78,19.11,0.2929,6.6,-0.685,1.941,0,72
R04779,LA,Japanese,$$$,22.92,30.38,0.3256,14.3,0.855,0.979,0,72
R04780,NYC,Japanese,$$,16.97,20.79,0.2253,15.4,0.042,1.491,0,72
R04781,Chicago,American,$$,15.72,20.47,0.3019,1.6,1.392,0.939,0,72
R04782,Chicago,Chinese,$$,16.75,20.52,0.2248,2.7,0.529,1.273,0,72
R04783,LA,Chinese,$$,15.81,22.57,0.4274,4.2,0.912,1.226,0,72
R04784,Chicago,FastFood,$,8.31,10.49,0.2624,9.9,-0.592,0.784,0,72
R04785,Chicago,Mediterranean,$$$,22.53,29.12,0.2928,2.6,-1.285,1.053,0,72
R04786,NYC,Indian,$,11.56,14.82,0.2819,7.0,0.148,1.497,0,72
R04787,LA,Mexican,$,10.49,14.23,0.3558,2.1,-1.917,1.314,0,72
R04788,NYC,Mexican,$$,17.48,23.39,0.338,0.5,-0.468,1.329,0,72
R04789,LA,Chinese,$$,14.43,17.97,0.2454,0.5,-1.189,1.248,0,72
R04790,LA,FastFood,$,8.07,9.68,0.2002,2.7,-0.84,1.162,0,72
R04791,NYC,Thai,$$,13.86,19.9,0.4354,3.3,0.596,1.338,0,72
R04792,NYC,American,$$,13.84,17.76,0.2837,6.6,0.53,1.511,0,72
R04793,Chicago,FastFood,$,8.93,10.39,0.1628,7.2,-0.162,1.019,0,72
R04794,NYC,Chinese,$$,13.47,17.98,0.3351,0.9,0.32,1.645,1,47
R04795,NYC,American,$$,16.06,21.11,0.3145,3.2,-0.541,1.455,0,72
R04796,NYC,Chinese,$,10.55,13.55,0.2842,2.6,2.427,1.559,0,72
R04797,LA,Italian,$$$,18.88,22.55,0.1946,0.5,0.301,1.038,0,72
R04798,Chicago,FastFood,$,7.73,10.12,0.309,0.8,-0.59,1.182,0,72
R04799,LA,Mediterranean,$$,14.24,18.94,0.3301,20.8,0.875,1.093,0,72
R04800,NYC,Mexican,$$,15.7,21.12,0.345,0.5,1.24,1.616,0,72
R04801,NYC,Chinese,$$$,19.21,26.76,0.3932,11.9,-0.774,1.497,1,56
R04802,NYC,American,$$$,22.7,30.34,0.3366,13.6,-1.419,1.474,1,25
R04803,LA,Mexican,$$,14.05,18.39,0.3086,40.0,-1.22,1.315,0,72
R04804,Chicago,American,$$,15.25,17.56,0.1515,0.5,-0.67,0.774,0,72
R04805,LA,American,$$,15.8,19.73,0.2487,2.0,-0.054,1.12,0,72
R04806,NYC,Italian,$$$,19.36,24.71,0.2763,1.7,-1.629,1.586,1,30
R04807,LA,Italian,$$,16.69,20.58,0.233,8.5,-0.418,1.511,0,72
R04808,NYC,Chinese,$$,16.48,22.28,0.3517,7.4,-0.208,1.446,1,52
R04809,LA,FastFood,$,5.89,8.15,0.3832,5.0,0.325,0.896,0,72
R04810,LA,Italian,$$,17.07,21.45,0.2565,4.7,0.612,1.155,1,44
R04811,LA,American,$$$,18.48,23.03,0.2462,1.6,0.402,1.191,1,35
R04812,LA,Italian,$$,15.46,19.42,0.256,15.1,1.792,1.371,0,72
R04813,Chicago,Indian,$$,13.89,18.91,0.3618,7.3,1.094,1.006,0,72
R04814,NYC,Mexican,$$,13.91,17.6,0.2655,0.5,0.222,1.244,0,72
R04815,NYC,Mexican,$$,16.43,22.41,0.3644,1.0,-0.97,1.628,0,72
R04816,NYC,Indian,$,11.49,15.99,0.3916,3.2,-0.675,1.552,0,72
R04817,LA,Indian,$,11.33,13.84,0.2213,23.3,-1.429,1.103,0,72
R04818,LA,Chinese,$,10.96,14.8,0.3501,23.9,0.153,1.308,0,72
R04819,LA,Italian,$$,13.65,17.56,0.2867,1.4,0.331,1.124,1,44
R04820,LA,FastFood,$,6.53,8.27,0.2662,21.0,0.893,1.158,0,72
R04821,NYC,Mexican,$,10.49,14.43,0.3756,1.7,0.267,1.361,0,72
R04822,LA,Chinese,$$,16.23,20.88,0.2864,3.5,1.054,1.156,0,72
R04823,LA,Japanese,$$$,20.8,25.93,0.247,11.3,1.074,1.338,0,72
R04824,NYC,Italian,$$$,18.1,22.33,0.2338,4.3,-1.028,1.17,0,72
R04825,NYC,Vietnamese,$,9.68,13.51,0.3956,2.1,-0.518,1.655,0,72
R04826,NYC,Vietnamese,$$,12.89,17.07,0.3244,28.2,-0.011,1.481,0,72
R04827,NYC,American,$$$,22.43,28.19,0.2568,4.2,-0.706,1.384,0,72
R04828,LA,American,$$,13.64,16.88,0.2377,11.8,-0.243,1.203,0,72
R04829,Chicago,Japanese,$$$$,30.01,36.1,0.203,4.0,0.301,0.897,0,72
R04830,LA,Indian,$$,15.48,18.98,0.226,4.1,-0.123,0.987,0,72
R04831,NYC,Mexican,$$,12.54,16.5,0.3164,2.7,0.0,1.305,1,19
R04832,LA,Italian,$$$,19.34,23.91,0.2359,3.9,-0.943,0.956,0,72
R04833,LA,Vietnamese,$$,12.34,16.41,0.3302,0.5,0.506,1.02,0,72
R04834,NYC,Italian,$$$$,25.14,32.94,0.3102,0.9,0.433,1.193,1,39
R04835,Chicago,Mexican,$$,13.73,17.87,0.302,3.3,-0.763,1.158,0,72
R04836,NYC,Italian,$$$,19.84,24.33,0.2263,4.8,-1.293,1.243,0,72
R04837,NYC,Indian,$$,13.44,16.79,0.2494,2.4,1.23,1.443,0,72
R04838,NYC,Mexican,$$,14.54,19.69,0.3547,12.3,1.748,1.658,0,72
R04839,NYC,Indian,$$,12.21,15.8,0.2941,26.7,0.235,1.606,0,72
R04840,Chicago,Indian,$$,14.79,18.42,0.2458,13.4,-0.362,0.965,1,39
R04841,NYC,American,$$$$,26.89,34.77,0.2931,0.9,1.046,1.4,1,27
R04842,NYC,Chinese,$,8.28,11.15,0.346,2.2,0.47,1.482,1,25
R04843,NYC,Thai,$$,14.6,19.32,0.3235,7.1,-0.211,1.868,0,72
R04844,NYC,Chinese,$$,13.65,17.9,0.3115,0.7,0.968,1.524,0,72
R04845,NYC,Mediterranean,$$,16.32,20.39,0.2499,3.3,-0.81,1.571,0,72
R04846,NYC,Indian,$$,13.98,17.74,0.2694,1.8,-0.691,1.903,0,72
R04847,LA,Mexican,$$,12.71,17.31,0.3624,16.0,0.364,1.241,0,72
R04848,NYC,Thai,$$,13.38,17.24,0.2888,0.5,0.114,1.664,1,68
R04849,LA,American,$$,16.65,19.86,0.1927,12.4,0.637,1.271,0,72
R04850,NYC,Japanese,$$$,20.15,26.76,0.328,4.0,1.193,1.533,0,72
R04851,LA,Japanese,$$$$,31.66,38.08,0.2029,3.0,-1.552,1.069,0,72
R04852,Chicago,American,$$,15.29,18.83,0.2318,10.9,0.039,0.873,0,72
R04853,NYC,Indian,$$,16.07,21.28,0.3246,0.7,1.901,1.364,0,72
R04854,NYC,Mediterranean,$$,15.07,19.44,0.2902,0.5,-0.597,1.612,0,72
R04855,Chicago,Italian,$$$,21.29,22.91,0.0761,2.2,-0.715,1.105,0,72
R04856,LA,American,$$$,18.26,23.36,0.2795,1.9,-2.241,1.408,0,72
R04857,LA,Vietnamese,$$,12.4,17.07,0.3763,0.5,0.102,1.198,0,72
R04858,NYC,Vietnamese,$,9.56,13.09,0.3693,3.8,0.581,1.547,0,72
R04859,NYC,American,$$,13.97,16.4,0.1738,3.4,0.579,1.547,0,72
R04860,LA,Japanese,$$$$,29.8,40.42,0.3564,0.5,-1.037,1.185,0,72
R04861,Chicago,Indian,$$,12.64,14.96,0.1837,2.1,-0.009,0.962,0,72
R04862,NYC,Italian,$$$,20.2,24.16,0.1961,1.1,0.222,1.213,0,72
R04863,LA,Chinese,$,10.97,14.69,0.3391,6.7,0.052,1.178,0,72
R04864,LA,American,$$$,19.18,24.61,0.2826,0.5,-1.095,1.185,0,72
R04865,NYC,Chinese,$,11.49,15.21,0.324,4.8,0.077,1.661,0,72
R04866,NYC,Mexican,$,10.51,13.78,0.3115,3.0,-0.815,1.681,0,72
R04867,NYC,Mexican,$,11.0,15.47,0.4065,7.0,-1.872,1.476,0,72
R04868,NYC,Vietnamese,$,10.41,13.82,0.328,0.5,0.681,1.857,0,72
R04869,LA,FastFood,$,9.14,11.53,0.2617,4.6,0.14,1.228,0,72
R04870,NYC,Japanese,$$$,22.28,29.66,0.3316,2.1,0.592,1.641,0,72
R04871,NYC,Chinese,$,10.67,14.21,0.331,13.8,-0.534,1.433,1,39
R04872,LA,Thai,$$,13.93,18.75,0.3458,1.6,0.627,1.047,0,72
R04873,LA,Chinese,$,10.58,14.06,0.3286,7.1,1.022,1.14,0,72
R04874,LA,FastFood,$,9.54,13.93,0.4596,8.3,1.754,1.432,1,51
R04875,LA,American,$$$,18.57,23.11,0.2445,2.2,0.814,1.163,0,72
R04876,NYC,Chinese,$$,12.94,17.1,0.3208,3.4,0.385,1.371,1,34
R04877,LA,American,$$,16.8,21.77,0.296,23.0,-1.38,1.199,0,72
R04878,NYC,Italian,$$$,24.67,30.47,0.2348,4.1,-0.107,1.384,1,3
R04879,NYC,Indian,$$,14.09,18.89,0.3401,5.2,-1.423,1.673,0,72
R04880,NYC,Mexican,$,10.55,12.58,0.1926,6.8,-0.819,1.818,0,72
R04881,LA,Mediterranean,$$$,18.87,23.89,0.2664,4.0,1.955,1.201,0,72
R04882,LA,Indian,$,11.83,15.08,0.2749,1.6,-1.023,1.28,0,72
R04883,NYC,Mediterranean,$$,16.37,21.0,0.283,6.4,-2.343,1.629,0,72
R04884,Chicago,Mediterranean,$$,15.26,18.26,0.1962,14.3,0.813,1.013,0,72
R04885,Chicago,Chinese,$,11.46,15.07,0.3153,7.0,-0.673,0.9,0,72
R04886,NYC,American,$$,15.3,19.19,0.2548,10.6,0.768,1.38,0,72
R04887,LA,Thai,$$,16.46,21.4,0.3,3.8,-1.17,1.261,0,72
R04888,NYC,Italian,$$$,21.96,27.41,0.2481,15.3,-0.426,1.52,1,31
R04889,Chicago,Mexican,$$,14.77,19.42,0.315,0.7,1.196,0.806,0,72
R04890,NYC,Italian,$$$,19.12,25.27,0.3215,6.9,-1.322,1.376,0,72
R04891,NYC,Chinese,$$,12.41,16.5,0.3298,0.5,-0.169,1.327,0,72
R04892,NYC,Mediterranean,$,11.12,14.81,0.3321,2.5,0.291,1.612,0,72
R04893,NYC,Japanese,$$$,23.51,30.02,0.2772,7.2,-0.719,1.333,0,72
R04894,LA,Vietnamese,$,7.63,9.8,0.2847,14.2,0.242,1.135,0,72
R04895,LA,FastFood,$,6.01,8.01,0.3329,3.0,0.016,1.131,0,72
R04896,NYC,Italian,$$,17.48,21.61,0.2358,2.1,0.535,1.594,0,72
R04897,LA,Indian,$$,15.21,19.9,0.3084,1.4,1.842,1.348,0,72
R04898,Chicago,Mexican,$,11.53,14.93,0.2953,2.8,2.675,1.061,0,72
R04899,LA,Mexican,$$,16.48,21.1,0.2803,1.8,0.463,1.37,0,72
R04900,LA,Chinese,$$,14.13,18.21,0.2889,2.3,-0.11,1.392,0,72
R04901,NYC,Italian,$$,17.21,20.2,0.1737,8.8,0.441,1.167,0,72
R04902,NYC,Japanese,$$$$,28.24,35.6,0.2608,7.2,-0.232,1.557,1,36
R04903,Chicago,Japanese,$$$$,29.16,35.58,0.2201,1.1,-1.587,0.957,0,72
R04904,LA,Chinese,$$,14.26,19.82,0.3904,1.4,-0.047,1.032,0,72
R04905,LA,Mexican,$,10.87,15.08,0.3874,3.5,1.082,1.155,1,32
R04906,Chicago,Vietnamese,$,10.42,12.79,0.2283,13.6,-1.465,1.092,1,48
R04907,NYC,Mexican,$,9.63,13.01,0.3501,3.9,-0.985,1.727,0,72
R04908,LA,Thai,$$,13.89,18.07,0.301,3.9,-0.582,1.021,0,72
R04909,NYC,FastFood,$,7.04,9.49,0.3485,14.0,0.372,1.562,1,16
R04910,NYC,Indian,$$,13.67,17.65,0.2917,1.7,2.377,1.836,0,72
R04911,LA,American,$$,16.77,20.83,0.2423,12.0,-0.809,1.495,1,39
R04912,NYC,Vietnamese,$,8.05,11.46,0.4236,24.8,0.091,0.958,0,72
R04913,Chicago,Vietnamese,$,9.16,11.53,0.2592,21.2,0.006,1.299,0,72
R04914,NYC,FastFood,$,7.76,10.68,0.377,12.9,-0.301,1.627,0,72
R04915,Chicago,FastFood,$,8.42,9.97,0.1835,1.9,-0.048,0.758,0,72
R04916,LA,Japanese,$$$,20.13,25.99,0.2912,34.6,-0.465,1.095,0,72
R04917,LA,American,$$,15.24,20.1,0.3192,8.0,2.743,1.396,0,72
R04918,Chicago,Thai,$$,12.33,14.89,0.2074,1.8,0.75,1.044,1,36
R04919,NYC,Mexican,$,9.63,12.66,0.3144,3.7,-0.456,1.353,0,72
R04920,NYC,American,$$,14.53,18.93,0.3026,1.5,1.184,1.462,0,72
R04921,NYC,Vietnamese,$,11.07,14.73,0.331,16.7,0.257,1.548,0,72
R04922,NYC,Indian,$$,13.71,18.15,0.3233,1.6,0.058,1.353,0,72
R04923,Chicago,Italian,$$$,18.37,21.78,0.1856,3.6,-0.182,0.985,0,72
R04924,LA,Italian,$$$,19.41,25.68,0.3232,7.7,-0.25,1.336,0,72
R04925,NYC,Chinese,$$,14.7,18.91,0.2865,8.4,-1.22,1.333,0,72
R04926,NYC,American,$$,14.28,20.19,0.4146,12.4,-1.674,1.232,0,72
R04927,LA,FastFood,$,6.4,8.97,0.4021,1.6,0.371,1.112,1,19
R04928,LA,Mediterranean,$$$,21.37,28.03,0.3116,3.2,-0.192,1.079,1,47
R04929,NYC,Italian,$$$,19.29,23.11,0.198,3.6,0.877,1.348,0,72
R04930,LA,Chinese,$,10.95,14.73,0.3455,11.7,-0.89,0.975,0,72
R04931,LA,Thai,$$,14.72,19.43,0.3202,11.0,-1.098,1.234,0,72
R04932,LA,Indian,$$,17.57,20.63,0.174,3.7,0.776,1.332,0,72
R04933,NYC,American,$$$,21.84,26.42,0.2098,2.5,-0.295,1.315,0,72
R04934,LA,Italian,$$$,18.83,23.5,0.2479,7.8,0.856,1.11,0,72
R04935,NYC,Mexican,$$,15.13,20.17,0.3333,22.9,0.033,1.418,0,72
R04936,NYC,Thai,$,11.26,14.46,0.2842,10.5,1.878,1.3,0,72
R04937,LA,American,$$,15.9,20.89,0.3139,2.3,0.756,1.35,0,72
R04938,LA,Italian,$$,16.95,20.1,0.1858,3.4,0.41,1.079,0,72
R04939,NYC,FastFood,$,9.04,12.09,0.3372,4.3,0.8,1.361,1,39
R04940,Chicago,Vietnamese,$$,15.37,19.18,0.2476,3.9,-0.273,0.912,0,72
R04941,NYC,FastFood,$,8.89,12.32,0.3855,2.0,-1.643,1.636,1,10
R04942,LA,Japanese,$$$,18.58,21.63,0.164,1.8,0.361,1.167,0,72
R04943,Chicago,Japanese,$$,17.52,20.94,0.1951,11.9,1.942,1.27,0,72
R04944,LA,FastFood,$,11.43,14.33,0.2539,9.6,-2.29,1.252,0,72
R04945,Chicago,FastFood,$,9.32,12.07,0.2944,23.8,0.469,1.149,0,72
R04946,LA,FastFood,$,9.21,12.68,0.3762,7.9,-1.535,1.154,1,18
R04947,LA,Thai,$$,13.16,17.46,0.327,7.8,-0.023,1.072,0,72
R04948,LA,Japanese,$$$,23.09,28.02,0.2136,10.2,0.079,1.195,0,72
R04949,LA,Chinese,$,10.88,14.44,0.3267,25.6,0.747,1.106,1,40
R04950,NYC,Italian,$$$,19.3,23.95,0.2407,2.0,0.21,1.141,0,72
R04951,LA,FastFood,$,6.88,9.69,0.4081,1.8,1.374,1.355,1,31
R04952,NYC,Italian,$$,16.87,20.98,0.2435,0.5,1.166,1.456,0,72
R04953,Chicago,Indian,$$,12.92,14.22,0.1013,10.7,-0.197,0.919,0,72
R04954,NYC,FastFood,$,4.73,6.64,0.4047,8.7,1.094,1.517,0,72
R04955,NYC,FastFood,$,7.99,10.68,0.337,14.6,-0.313,1.458,0,72
R04956,Chicago,FastFood,$,7.23,9.37,0.2963,2.4,-0.485,1.184,0,72
R04957,NYC,American,$$,15.41,19.98,0.2968,6.6,-1.204,1.527,0,72
R04958,NYC,American,$$,16.0,19.35,0.2088,11.4,1.312,1.423,0,72
R04959,LA,FastFood,$,11.68,15.7,0.3437,0.5,-0.3,1.304,0,72
R04960,NYC,Chinese,$$,13.73,18.49,0.3467,1.9,-2.422,1.444,0,72
R04961,NYC,Chinese,$$,13.81,18.47,0.3382,9.7,0.542,1.482,0,72
R04962,LA,FastFood,$,9.29,12.17,0.3101,3.7,-0.434,1.39,1,37
R04963,NYC,Vietnamese,$$,13.45,18.56,0.3796,10.0,-0.299,1.26,1,33
R04964,NYC,American,$$,17.36,21.36,0.2301,9.7,-0.234,1.307,0,72
R04965,NYC,Mexican,$$,13.15,17.21,0.3087,4.4,-0.337,1.379,0,72
R04966,NYC,American,$$$,18.19,23.15,0.2732,5.4,2.728,1.403,0,72
R04967,NYC,FastFood,$,5.49,7.55,0.3748,4.1,1.663,1.666,1,38
R04968,NYC,American,$$$,23.3,29.45,0.2638,26.8,0.699,1.224,0,72
R04969,LA,Japanese,$$$$,29.29,38.41,0.3114,1.8,0.241,1.196,0,72
R04970,LA,American,$$,16.64,21.21,0.2748,5.1,1.129,1.123,0,72
R04971,NYC,Mediterranean,$$,13.18,17.05,0.2938,10.8,0.244,1.778,0,72
R04972,NYC,FastFood,$,10.57,14.51,0.373,2.1,0.816,1.612,0,72
R04973,Chicago,Japanese,$$$,19.42,24.4,0.2566,4.0,0.558,1.029,0,72
R04974,LA,American,$$,17.61,22.41,0.272,0.5,0.128,1.348,1,54
R04975,NYC,Italian,$$,14.29,16.57,0.1595,6.0,0.94,1.238,0,72
R04976,LA,Japanese,$$$$,32.84,42.85,0.3045,7.3,-0.42,1.531,0,72
R04977,NYC,Chinese,$,10.03,13.3,0.326,6.9,0.058,1.311,0,72
R04978,Chicago,American,$$,16.2,20.48,0.2642,1.1,-0.979,1.163,0,72
R04979,Chicago,American,$,10.92,13.21,0.2097,1.5,-0.864,1.068,0,72
R04980,Chicago,Italian,$$,17.87,19.81,0.1087,2.8,-2.529,1.032,0,72
R04981,NYC,Italian,$$,16.67,18.94,0.1361,8.1,0.457,1.678,0,72
R04982,NYC,Chinese,$$,15.95,20.3,0.2728,8.8,0.732,1.634,0,72
R04983,NYC,Mexican,$,11.58,15.81,0.3659,6.4,1.085,1.469,0,72
R04984,NYC,Indian,$$,17.8,24.29,0.3649,9.4,-1.102,1.378,0,72
R04985,NYC,Chinese,$,10.81,14.43,0.3351,9.1,0.44,1.472,0,72
R04986,LA,Mexican,$,11.88,15.06,0.2674,3.9,-0.001,1.185,0,72
R04987,NYC,FastFood,$,8.11,10.71,0.3208,4.8,0.738,1.513,0,72
R04988,Chicago,Chinese,$$,14.21,19.02,0.338,5.6,-0.651,1.13,1,32
R04989,NYC,Mediterranean,$$$,18.17,22.24,0.2245,2.3,-0.336,1.534,0,72
R04990,NYC,American,$$$,18.22,25.24,0.3851,0.5,-1.553,1.483,0,72
R04991,Chicago,Indian,$$,15.21,20.44,0.3438,0.6,-0.717,0.925,0,72
R04992,LA,American,$$$,18.02,24.63,0.3667,5.7,0.003,1.248,1,40
R04993,NYC,Chinese,$,11.06,14.81,0.339,21.0,0.174,1.183,0,72
R04994,LA,Thai,$$,15.01,19.11,0.2729,9.3,-1.686,1.09,1,25
R04995,NYC,Thai,$$$,18.7,24.83,0.3278,27.6,-0.511,1.559,0,72
R04996,NYC,Italian,$$,13.3,17.23,0.2954,16.4,0.16,1.613,0,72
R04997,LA,Indian,$$,15.83,19.75,0.2475,7.2,1.408,1.197,0,72
R04998,NYC,American,$$$,18.07,22.14,0.2249,9.7,-0.845,1.485,0,72
R04999,LA,Mediterranean,$$$,22.11,27.77,0.2558,0.5,0.49,1.255,1,14
R05000,NYC,Thai,$$,15.95,20.28,0.2714,5.5,-0.562,1.574,0,72
R05001,LA,Mexican,$$,12.73,17.59,0.382,4.4,-0.446,1.171,0,72
R05002,LA,Mediterranean,$$$,18.37,22.76,0.2392,3.6,-0.878,1.066,0,72
R05003,NYC,FastFood,$,7.45,10.16,0.3648,9.6,-1.044,1.519,1,38
R05004,NYC,Indian,$$,13.52,18.24,0.3492,2.4,-0.475,1.834,0,72
R05005,NYC,Mexican,$,9.83,13.8,0.404,4.1,1.048,1.298,0,72
R05006,LA,Thai,$$$,18.3,23.79,0.3004,4.4,-0.755,1.182,0,72
R05007,LA,Vietnamese,$$,12.47,16.58,0.3292,1.0,-0.911,1.146,0,72
R05008,LA,Italian,$$,15.26,18.0,0.1792,2.0,0.209,1.603,0,72
R05009,NYC,Mediterranean,$$,17.85,23.94,0.3412,3.9,0.005,1.292,0,72
R05010,NYC,American,$$$,19.71,26.48,0.3432,2.1,-0.068,1.422,1,33
R05011,LA,Mediterranean,$$$,20.33,23.91,0.1765,3.9,0.254,1.149,0,72
R05012,NYC,Vietnamese,$,9.73,13.8,0.4181,1.1,-1.01,1.247,0,72
R05013,LA,Italian,$,10.24,12.24,0.195,1.0,-0.899,1.026,0,72
R05014,NYC,FastFood,$,9.13,12.68,0.3897,9.4,0.986,1.552,1,37
R05015,NYC,American,$$,13.64,17.51,0.2839,5.3,-0.146,1.579,0,72
R05016,LA,American,$$,17.9,22.5,0.257,1.1,0.596,1.122,1,33
R05017,LA,Japanese,$$$$,26.1,32.36,0.2397,4.4,1.224,1.421,0,72
R05018,LA,Mexican,$$,15.27,19.4,0.2704,5.6,0.846,0.916,0,72
R05019,NYC,Vietnamese,$$,15.74,21.35,0.3562,2.7,-1.37,1.247,0,72
R05020,Chicago,Japanese,$$$$,27.48,33.14,0.2057,0.5,-0.116,0.906,0,72
R05021,Chicago,FastFood,$,11.65,14.49,0.2445,0.6,1.041,0.999,0,72
R05022,Chicago,FastFood,$,10.89,13.71,0.2582,0.5,0.523,0.947,0,72
R05023,LA,Indian,$$$,18.88,22.95,0.2154,16.3,0.184,1.171,0,72
R05024,LA,Chinese,$$,12.9,16.44,0.2738,0.6,-1.64,1.272,0,72
R05025,LA,Indian,$,11.5,14.99,0.3043,8.6,-0.617,1.429,0,72
R05026,NYC,Mexican,$$$,19.54,25.49,0.3044,5.6,0.069,1.597,0,72
R05027,NYC,Thai,$$,14.16,19.24,0.3588,17.1,-1.426,1.46,0,72
R05028,LA,American,$$$,19.96,25.03,0.254,10.1,0.794,1.189,0,72
R05029,NYC,FastFood,$,7.7,10.36,0.3455,4.6,-0.118,1.655,1,34
R05030,NYC,Italian,$$$,21.41,26.78,0.2508,7.3,-1.98,1.818,0,72
R05031,Chicago,Chinese,$,8.37,11.22,0.3398,0.5,-0.567,1.08,0,72
R05032,NYC,FastFood,$,7.89,10.2,0.2914,4.2,-0.286,1.367,0,72
R05033,LA,American,$$,15.72,21.11,0.3428,0.6,-0.13,1.238,1,36
R05034,LA,Mediterranean,$$$,18.48,24.35,0.318,8.1,1.42,1.287,0,72
R05035,NYC,FastFood,$,10.31,14.01,0.3589,0.6,0.578,1.357,1,32
R05036,Chicago,American,$$,13.14,16.94,0.2892,3.9,-1.365,1.109,0,72
R05037,NYC,Japanese,$$$,24.78,31.06,0.2539,1.8,-1.49,1.497,1,27
R05038,Chicago,American,$$$,19.95,24.83,0.2443,1.6,-0.267,1.15,1,51
R05039,LA,Thai,$$$,21.36,26.97,0.2629,1.0,0.126,1.067,0,72
R05040,NYC,FastFood,$,9.65,13.59,0.4083,15.4,0.992,1.177,0,72
R05041,NYC,Italian,$$,16.57,20.13,0.2146,14.4,1.73,1.383,0,72
R05042,NYC,Indian,$,11.53,14.96,0.2974,6.7,1.784,1.454,0,72
R05043,NYC,Italian,$$$$,25.02,32.12,0.284,11.3,-0.442,1.168,0,72
R05044,NYC,American,$$$,18.27,24.34,0.3324,0.5,0.935,1.348,0,72
R05045,Chicago,Thai,$$,13.94,17.0,0.2189,4.1,0.426,1.167,1,34
R05046,NYC,Mediterranean,$$,12.7,16.86,0.3277,1.5,-1.091,1.546,1,26
R05047,Chicago,Japanese,$$$,18.6,21.78,0.1709,4.0,-1.888,1.017,0,72
R05048,NYC,Italian,$$$,20.17,23.04,0.1425,5.6,0.144,1.277,0,72
R05049,Chicago,Chinese,$$,13.85,17.08,0.2326,0.6,-1.495,1.162,0,72
R05050,NYC,Mexican,$,8.81,12.17,0.3817,0.6,-0.851,1.379,1,42
R05051,NYC,Italian,$$$,20.17,25.2,0.2494,2.9,-0.685,1.467,1,48
R05052,LA,Mediterranean,$$,12.82,15.94,0.2433,2.6,0.219,1.26,1,63
R05053,NYC,Japanese,$$$$,28.07,35.73,0.2728,2.0,1.281,1.48,0,72
R05054,Chicago,Italian,$$$,18.69,22.45,0.2011,0.7,0.013,1.196,0,72
R05055,NYC,Indian,$$,13.34,17.76,0.3311,1.3,-0.539,1.554,1,44
R05056,LA,Chinese,$$,15.54,18.95,0.2194,0.9,-2.068,1.25,0,72
R05057,LA,Chinese,$$,13.85,17.94,0.2949,0.5,0.458,1.188,0,72
R05058,LA,FastFood,$,10.79,14.52,0.3462,1.4,0.029,1.264,1,44
R05059,NYC,Mexican,$$,12.68,16.13,0.2717,23.5,-0.55,1.414,0,72
R05060,NYC,Japanese,$$$,22.56,27.09,0.201,15.3,1.166,1.483,0,72
R05061,NYC,American,$$,15.2,19.18,0.2618,1.7,-1.191,1.392,1,42
R05062,NYC,Chinese,$$,13.63,18.0,0.3204,7.0,-0.685,1.366,1,47
R05063,NYC,Italian,$$$,24.43,30.56,0.2506,6.4,-0.245,1.299,0,72
R05064,Chicago,Chinese,$,11.88,14.75,0.2422,2.3,-0.562,0.968,0,72
R05065,LA,Italian,$$$,20.23,24.27,0.2001,19.7,0.551,1.152,0,72
R05066,LA,Mediterranean,$$,14.51,18.14,0.2502,28.6,0.464,1.495,0,72
R05067,NYC,Japanese,$$,15.17,19.49,0.2849,1.1,1.051,1.633,1,50
R05068,NYC,Japanese,$$$,22.84,30.42,0.3322,5.7,0.502,1.427,0,72
R05069,LA,Italian,$$$,19.24,21.53,0.119,3.8,-0.115,1.141,0,72
R05070,NYC,FastFood,$,8.33,11.59,0.3912,9.2,-0.34,1.561,0,72
R05071,NYC,Mexican,$,9.55,12.74,0.3344,0.5,0.455,1.831,0,72
R05072,LA,Mediterranean,$$,17.96,23.28,0.2963,5.0,-0.19,1.32,0,72
R05073,LA,Italian,$$$,18.88,24.35,0.2893,2.0,0.047,0.976,0,72
R05074,Chicago,FastFood,$,7.24,9.22,0.2722,6.9,0.51,1.109,0,72
R05075,NYC,Italian,$$,14.11,18.3,0.2972,2.2,0.139,1.643,0,72
R05076,LA,Mexican,$,11.94,15.02,0.2573,10.2,0.309,1.562,0,72
R05077,NYC,American,$$,18.0,23.15,0.2864,0.6,-0.791,1.407,0,72
R05078,NYC,Chinese,$$,14.01,18.33,0.3079,2.4,1.35,1.474,1,8
R05079,LA,Indian,$$,12.37,15.87,0.2823,2.8,-1.107,1.267,1,46
R05080,NYC,Vietnamese,$,11.79,15.09,0.2805,7.6,0.439,1.323,1,35
R05081,LA,Vietnamese,$$,13.49,17.97,0.3318,4.1,-0.486,1.083,0,72
R05082,NYC,Chinese,$,10.53,14.73,0.3993,12.7,1.082,1.521,1,56
R05083,NYC,Indian,$$,14.67,18.35,0.2514,8.5,0.884,1.205,0,72
R05084,Chicago,Italian,$$$,22.91,27.71,0.2095,12.6,-0.002,0.854,0,72
R05085,NYC,FastFood,$,6.76,9.48,0.4028,15.9,1.555,1.599,0,72
R05086,LA,Indian,$$,17.85,22.59,0.2652,0.7,-0.187,1.274,0,72
R05087,NYC,American,$$$,21.41,28.87,0.348,2.9,0.882,1.685,1,34
R05088,Chicago,Mediterranean,$$,16.33,19.9,0.2185,9.4,-0.726,1.057,0,72
R05089,NYC,American,$$,15.04,19.17,0.2742,0.5,0.405,1.452,0,72
R05090,NYC,American,$$$,19.27,23.71,0.2303,2.9,-0.932,1.693,0,72
R05091,LA,Chinese,$$,12.57,16.42,0.3063,5.1,0.019,1.141,0,72
R05092,NYC,Vietnamese,$,7.53,10.01,0.3302,1.4,-0.051,1.393,0,72
R05093,NYC,Italian,$$,17.68,22.67,0.2818,5.2,0.879,1.439,1,48
R05094,Chicago,Mexican,$$,13.6,17.12,0.2582,2.7,-0.671,1.056,0,72
R05095,LA,Thai,$$,15.99,20.09,0.2559,0.6,3.073,1.19,0,72
R05096,LA,Mexican,$,10.67,14.33,0.3431,3.6,-1.382,1.004,0,72
R05097,LA,Vietnamese,$,10.95,15.12,0.3799,9.6,0.233,1.162,1,35
R05098,Chicago,Chinese,$$,15.5,20.17,0.3015,0.7,0.288,0.996,1,40
R05099,Chicago,Japanese,$$$,21.76,28.56,0.3124,1.3,0.538,1.014,0,72
R05100,LA,Mediterranean,$$,12.91,16.75,0.2978,3.2,-0.515,1.137,1,45
R05101,NYC,Mexican,$$,15.62,21.34,0.366,3.7,0.242,1.541,0,72
R05102,NYC,Vietnamese,$,11.07,15.09,0.364,2.6,-0.564,1.195,1,26
R05103,LA,American,$$$,19.47,25.98,0.3344,9.5,1.873,1.261,0,72
R05104,Chicago,Mediterranean,$$,13.22,17.22,0.3019,3.0,-0.635,1.24,0,72
R05105,LA,Chinese,$$,12.72,15.85,0.2458,21.6,-0.148,1.116,0,72
R05106,NYC,Thai,$$,15.35,20.72,0.35,16.2,-0.663,1.46,0,72
R05107,NYC,Japanese,$$$,21.66,27.79,0.2833,4.3,-0.8,1.408,1,59
R05108,LA,Japanese,$$,17.78,22.05,0.2403,3.0,-1.401,1.167,0,72
R05109,Chicago,Italian,$,11.71,13.02,0.1114,5.3,0.672,0.884,0,72
R05110,NYC,Italian,$$$,23.68,27.77,0.173,5.5,-0.673,1.841,0,72
R05111,LA,American,$$,16.73,20.78,0.2418,2.5,-0.797,1.257,0,72
R05112,LA,Mexican,$$,15.42,19.23,0.2468,4.0,-0.963,1.107,0,72
R05113,Chicago,Japanese,$$$$,26.0,31.28,0.2028,21.3,0.304,0.91,0,72
R05114,NYC,Vietnamese,$$,12.8,17.49,0.3657,0.5,0.022,1.461,0,72
R05115,Chicago,American,$$,15.1,18.14,0.201,8.8,0.026,0.771,0,72
R05116,LA,Chinese,$$,14.2,18.52,0.3042,0.8,-0.761,1.362,1,14
R05117,LA,Italian,$$$,23.29,27.41,0.1765,10.0,0.435,1.128,0,72
R05118,NYC,Japanese,$$$,22.33,28.69,0.2849,12.8,-0.662,1.519,0,72
R05119,LA,Vietnamese,$$,16.19,21.63,0.3354,9.0,0.07,1.264,0,72
R05120,LA,Mediterranean,$$,12.98,15.56,0.1989,3.6,-0.14,1.347,1,43
R05121,NYC,American,$,11.98,14.89,0.2424,6.4,-1.688,1.538,1,36
R05122,NYC,Vietnamese,$$,13.74,17.4,0.2666,1.6,2.029,1.585,0,72
R05123,LA,Mexican,$,10.79,14.51,0.3455,3.5,0.575,1.356,0,72
R05124,LA,FastFood,$$,12.28,16.55,0.3482,8.8,0.18,1.153,1,34
R05125,NYC,Italian,$$$,22.9,28.57,0.2475,15.8,0.338,1.877,0,72
R05126,NYC,Italian,$$$,23.95,29.79,0.2436,8.7,2.052,1.513,0,72
R05127,NYC,Chinese,$$,15.24,20.37,0.3361,2.6,1.137,1.445,0,72
R05128,Chicago,Mexican,$,10.59,13.84,0.3071,2.0,0.349,0.904,0,72
R05129,Chicago,Thai,$,10.39,12.83,0.2352,12.0,-0.708,0.975,0,72
R05130,NYC,Chinese,$$,17.02,21.92,0.2882,0.5,-0.551,1.522,0,72
R05131,NYC,Italian,$$,13.74,17.14,0.2471,9.1,-1.803,1.467,0,72
R05132,NYC,Chinese,$$,17.29,22.66,0.3105,35.0,-0.368,1.806,0,72
R05133,LA,FastFood,$,9.59,13.84,0.443,1.3,0.662,1.145,0,72
R05134,Chicago,Thai,$$,13.81,17.13,0.2408,2.3,0.634,1.085,0,72
R05135,LA,FastFood,$,9.2,12.47,0.3545,6.3,0.616,1.048,0,72
R05136,NYC,Mediterranean,$$$,18.49,24.28,0.3133,2.4,-0.515,1.884,1,35
R05137,NYC,Mediterranean,$$,16.39,22.29,0.36,0.7,0.551,1.256,1,55
R05138,NYC,Japanese,$$$$,28.44,34.96,0.2294,0.6,0.824,1.86,0,72
R05139,Chicago,Chinese,$$,16.7,22.33,0.337,1.8,-2.227,0.984,1,29
R05140,LA,Italian,$$$,18.51,22.63,0.2226,1.8,0.304,0.918,0,72
R05141,LA,Italian,$$,16.16,21.89,0.3551,1.5,2.081,1.411,0,72
R05142,NYC,Indian,$$$,18.34,24.18,0.3181,0.5,-0.291,1.464,0,72
R05143,Chicago,Mexican,$,8.69,10.67,0.2286,6.9,-2.522,0.947,1,45
R05144,NYC,Chinese,$$,14.08,18.45,0.3101,3.2,-0.813,1.566,1,30
R05145,Chicago,Vietnamese,$$,13.14,17.69,0.3468,2.1,-1.815,1.083,0,72
R05146,Chicago,Mexican,$,10.77,13.94,0.2941,0.6,-0.634,1.051,0,72
R05147,LA,Mexican,$$,14.89,19.62,0.317,6.1,-1.224,1.375,0,72
R05148,Chicago,Mexican,$$,12.44,16.5,0.3259,1.9,0.931,1.031,0,72
R05149,NYC,Vietnamese,$,10.42,13.68,0.3128,2.8,0.779,1.568,0,72
R05150,LA,Mexican,$$,14.87,19.47,0.3095,12.0,0.343,1.127,0,72
R05151,NYC,Chinese,$,10.69,13.61,0.2728,2.5,1.226,1.59,0,72
R05152,LA,Chinese,$$,15.2,21.08,0.3864,0.5,-0.565,1.128,0,72
R05153,NYC,Indian,$,10.15,12.57,0.2389,3.7,0.074,1.267,0,72
R05154,NYC,Chinese,$$,13.69,18.18,0.3285,3.5,2.194,1.415,0,72
R05155,NYC,Mexican,$$,12.6,17.19,0.364,1.9,0.585,1.403,0,72
R05156,NYC,Mediterranean,$$,15.43,19.89,0.2893,0.5,0.583,1.621,0,72
R05157,LA,Mediterranean,$$$,18.24,22.02,0.2073,4.4,-0.768,1.008,1,45
R05158,LA,Chinese,$$,12.82,16.02,0.2501,15.2,-0.417,1.368,0,72
R05159,NYC,Chinese,$$,15.72,21.16,0.3461,1.4,-1.003,1.346,0,72
R05160,Chicago,Chinese,$$,14.38,17.7,0.231,0.5,1.681,0.744,0,72
R05161,Chicago,Indian,$$,15.73,18.03,0.1464,8.0,-1.558,0.865,0,72
R05162,NYC,Chinese,$$,13.7,18.35,0.3393,1.8,0.914,1.397,0,72
R05163,NYC,FastFood,$,7.81,10.28,0.3164,4.0,0.581,1.529,0,72
R05164,LA,Thai,$$,13.26,17.52,0.3216,12.9,-1.603,1.181,0,72
R05165,LA,American,$$,16.73,20.91,0.2499,4.4,1.142,1.038,0,72
R05166,NYC,Mexican,$$,12.12,16.08,0.3275,4.6,-0.259,1.321,1,26
R05167,LA,Mediterranean,$$$,20.77,26.43,0.2726,2.3,-1.321,1.04,0,72
R05168,NYC,Indian,$$,14.75,18.33,0.2431,2.1,0.364,1.496,0,72
R05169,NYC,Thai,$$,14.98,19.01,0.2687,3.1,-0.822,1.434,0,72
R05170,LA,Mexican,$,9.71,12.69,0.307,3.5,-0.205,1.292,0,72
R05171,LA,Indian,$$,17.18,21.01,0.2228,2.1,-0.506,0.97,0,72
R05172,Chicago,Thai,$$,12.61,16.34,0.2957,7.5,-0.879,0.938,0,72
R05173,NYC,FastFood,$,7.05,9.47,0.3446,8.6,-1.188,1.85,1,36
R05174,NYC,American,$$$,21.52,25.98,0.2075,0.5,0.797,1.566,0,72
R05175,NYC,American,$$$,18.14,22.71,0.252,2.7,0.325,1.399,0,72
R05176,NYC,Japanese,$$$$,26.23,33.45,0.2751,4.1,0.261,1.288,0,72
R05177,NYC,Indian,$$,15.74,20.11,0.2777,3.9,-0.364,1.656,0,72
R05178,LA,FastFood,$,8.36,11.37,0.36,11.5,0.051,1.442,0,72
R05179,LA,American,$$,15.21,19.61,0.2887,2.6,-0.736,1.045,0,72
R05180,LA,Chinese,$$,14.96,21.24,0.4201,9.6,-0.753,1.057,0,72
R05181,NYC,Mexican,$$,15.33,21.42,0.3975,1.2,1.71,1.499,0,72
R05182,NYC,American,$$,15.8,18.94,0.1982,35.1,0.885,1.516,0,72
R05183,LA,Mediterranean,$$$,24.69,30.91,0.252,3.4,-0.561,1.272,0,72
R05184,NYC,Mexican,$$,12.06,16.0,0.3267,16.3,-1.496,1.809,1,31
R05185,Chicago,Japanese,$$,17.12,21.38,0.2488,14.3,-1.701,0.89,0,72
R05186,NYC,FastFood,$,6.24,8.19,0.3133,1.0,-0.634,1.457,0,72
R05187,LA,American,$,11.81,14.56,0.2334,12.0,0.108,1.308,0,72
R05188,Chicago,Chinese,$$,12.07,14.57,0.2078,8.5,0.118,1.089,0,72
R05189,LA,Italian,$$,17.26,20.71,0.1999,2.5,0.148,1.11,0,72
R05190,LA,Japanese,$$$,24.88,30.39,0.2218,11.3,0.334,1.116,0,72
R05191,LA,Mexican,$$,12.44,16.22,0.3043,9.5,-1.038,1.136,0,72
R05192,NYC,Vietnamese,$$,13.39,17.01,0.2707,28.2,1.508,1.779,0,72
R05193,LA,American,$$,16.13,21.12,0.3091,0.5,-0.197,1.067,0,72
R05194,Chicago,Vietnamese,$,11.53,15.03,0.3036,9.9,0.295,0.962,0,72
R05195,Chicago,American,$$,14.42,16.69,0.1576,1.0,-0.656,1.098,0,72
R05196,NYC,Mexican,$$,16.15,21.66,0.3413,0.5,0.311,1.272,1,36
R05197,NYC,Chinese,$,9.87,12.25,0.2417,12.7,2.077,1.496,0,72
R05198,LA,Chinese,$$,13.72,18.76,0.3671,11.1,-0.989,0.955,0,72
R05199,LA,Mexican,$$,12.1,16.95,0.4007,5.4,-1.116,1.228,0,72
R05200,NYC,Indian,$$,16.69,21.65,0.2972,3.3,-0.865,1.459,0,72
R05201,NYC,Mexican,$$,12.45,16.16,0.2974,23.8,-0.333,1.479,0,72
R05202,NYC,Vietnamese,$,11.52,14.94,0.2968,7.7,-0.521,1.306,1,23
R05203,LA,Chinese,$$,12.39,15.83,0.2773,3.5,-1.041,1.233,1,39
R05204,NYC,Mexican,$$,16.06,21.44,0.3347,13.0,-0.05,1.443,0,72
R05205,NYC,Chinese,$$,13.01,18.06,0.3885,8.2,1.561,1.695,0,72
R05206,NYC,American,$$$,22.81,30.28,0.3278,13.7,-0.15,1.565,0,72
R05207,Chicago,Vietnamese,$$,12.08,16.05,0.3286,4.2,-0.096,0.84,0,72
R05208,NYC,Thai,$$,14.05,18.53,0.3185,0.8,0.343,1.312,0,72
R05209,NYC,Mexican,$$,12.18,15.62,0.2823,11.6,0.648,1.347,0,72
R05210,LA,American,$$,17.71,21.63,0.2215,23.0,1.373,1.226,0,72
R05211,NYC,Indian,$$,13.04,17.0,0.303,0.5,0.24,1.421,0,72
R05212,Chicago,Italian,$$$,18.48,21.06,0.1399,0.5,-0.003,0.979,0,72
R05213,Chicago,Mexican,$$,12.52,16.34,0.3052,6.8,-0.992,1.402,0,72
R05214,NYC,Chinese,$$,13.78,18.75,0.3603,1.1,0.74,1.363,1,38
R05215,NYC,Mexican,$$,13.31,18.2,0.3673,1.9,-0.845,1.713,1,23
R05216,NYC,Mediterranean,$$$,18.28,24.04,0.3153,17.6,-0.875,1.425,0,72
R05217,NYC,Italian,$$$,18.31,21.18,0.1567,1.6,0.193,1.116,0,72
R05218,NYC,American,$$$,21.22,28.58,0.3467,1.8,1.542,1.484,1,36
R05219,NYC,Indian,$$,15.65,19.11,0.2216,5.2,0.726,1.658,0,72
R05220,NYC,Italian,$$$$,28.77,35.75,0.2424,6.2,-0.038,1.565,0,72
R05221,LA,Vietnamese,$,11.6,15.56,0.3409,11.9,-0.982,1.237,0,72
R05222,NYC,Mexican,$$,14.85,20.17,0.3579,0.5,1.522,1.454,0,72
R05223,NYC,Japanese,$$$,19.3,23.28,0.2061,1.2,-0.057,1.366,0,72
R05224,LA,Mexican,$$,16.08,20.35,0.2651,0.5,-0.29,1.336,1,53
R05225,NYC,Chinese,$,11.45,15.28,0.3344,0.5,0.555,1.376,0,72
R05226,NYC,Italian,$$$,19.54,24.92,0.2755,0.5,-0.448,1.343,0,72
R05227,NYC,Indian,$$,13.83,17.21,0.2446,2.7,-0.753,1.523,0,72
R05228,NYC,Vietnamese,$$,12.47,16.84,0.3496,1.4,-0.657,1.399,0,72
R05229,NYC,Indian,$$,13.9,17.02,0.2242,9.6,-0.66,1.691,0,72
R05230,Chicago,Mexican,$,10.84,14.33,0.3212,3.8,-1.127,1.058,0,72
R05231,Chicago,FastFood,$,8.09,10.25,0.2658,1.3,-1.239,0.911,0,72
R05232,NYC,Mexican,$$,16.5,22.17,0.344,8.9,0.972,1.264,0,72
R05233,NYC,Thai,$$,15.23,19.88,0.3056,11.3,0.669,1.354,0,72
R05234,LA,Indian,$,11.5,15.38,0.338,2.9,-0.823,1.589,0,72
R05235,LA,American,$$$,19.49,24.79,0.2721,5.3,0.888,1.166,0,72
R05236,NYC,Japanese,$$$,18.74,23.24,0.24,9.9,0.309,1.588,0,72
R05237,NYC,Indian,$$,16.58,21.85,0.318,8.4,-0.324,1.24,0,72
R05238,NYC,Indian,$$,16.02,22.54,0.4071,26.5,-1.226,1.273,0,72
R05239,LA,Mexican,$$,13.97,18.95,0.357,7.0,0.341,1.173,0,72
R05240,NYC,Thai,$$$,19.54,25.54,0.307,7.3,1.865,1.778,0,72
R05241,NYC,Mexican,$,10.77,13.98,0.2983,2.8,0.015,1.242,0,72
R05242,NYC,American,$$,17.86,22.31,0.2492,13.0,0.999,1.344,0,72
R05243,NYC,Vietnamese,$$,14.43,19.68,0.364,9.9,-0.212,1.616,0,72
R05244,LA,Thai,$$,12.47,15.53,0.2457,4.4,0.922,1.453,0,72
R05245,LA,Japanese,$$$,19.24,24.05,0.2501,2.4,-0.15,1.265,1,45
R05246,LA,Chinese,$$,12.35,16.94,0.3719,5.2,-2.405,1.301,0,72
R05247,NYC,American,$$,16.96,21.84,0.2875,5.0,-0.722,1.302,1,21
R05248,NYC,Chinese,$,10.09,12.77,0.266,0.7,0.132,1.237,0,72
R05249,Chicago,American,$$,17.67,23.66,0.3389,7.3,1.083,0.872,0,72
R05250,LA,Japanese,$$,17.07,22.85,0.3381,3.0,-0.153,1.081,0,72
R05251,NYC,Thai,$$,17.67,23.59,0.3351,8.7,0.03,1.49,0,72
R05252,NYC,Chinese,$$,14.26,19.73,0.3838,16.0,-0.587,1.253,0,72
R05253,Chicago,Chinese,$$$,18.34,23.05,0.2567,13.0,1.561,1.031,0,72
R05254,LA,Japanese,$$$,24.81,31.92,0.2862,0.5,1.501,1.155,1,35
R05255,Chicago,Mexican,$,11.83,15.01,0.2688,1.7,-0.676,0.935,0,72
R05256,LA,Chinese,$,11.26,13.87,0.2322,4.6,-1.516,1.334,0,72
R05257,NYC,Italian,$$$,18.79,25.92,0.3796,2.0,-1.807,1.292,1,24
R05258,NYC,Japanese,$$$,21.88,26.25,0.1997,0.5,0.603,1.723,0,72
R05259,NYC,Chinese,$$,16.09,21.48,0.3349,2.6,0.135,1.602,1,33
R05260,LA,American,$$,13.54,17.25,0.2743,4.1,-0.782,1.066,0,72
R05261,LA,Mediterranean,$$$,24.46,31.69,0.2958,4.9,0.272,1.386,0,72
R05262,NYC,American,$$$,20.13,25.67,0.2755,12.7,-1.23,1.269,0,72
R05263,Chicago,Italian,$$,17.35,20.75,0.196,3.6,0.795,1.168,0,72
R05264,NYC,Mexican,$$,17.28,23.27,0.3469,1.7,-0.382,1.509,0,72
R05265,NYC,Mexican,$,10.86,14.81,0.364,9.9,-1.081,1.2,0,72
R05266,NYC,American,$$,16.6,21.25,0.2799,0.5,-0.367,1.241,0,72
R05267,Chicago,Vietnamese,$,9.14,11.67,0.2766,1.2,-0.401,0.953,0,72
R05268,Chicago,Mexican,$$,17.43,21.33,0.2239,11.9,0.365,1.11,0,72
R05269,LA,Chinese,$,9.66,13.54,0.4007,0.5,1.166,1.176,0,72
R05270,Chicago,Italian,$$,13.89,17.04,0.2268,6.7,1.114,0.977,0,72
R05271,Chicago,Italian,$$,16.06,19.44,0.2104,5.3,0.16,1.005,0,72
R05272,Chicago,FastFood,$,10.78,13.79,0.2788,16.7,-0.187,0.787,0,72
R05273,Chicago,Chinese,$$,15.44,18.83,0.2198,0.9,-0.569,1.104,0,72
R05274,NYC,Mexican,$$,12.78,17.67,0.383,9.9,-1.768,1.703,0,72
R05275,LA,Italian,$$$,21.62,26.42,0.222,3.1,-0.019,1.319,0,72
R05276,LA,Mexican,$$,12.24,16.54,0.3511,1.9,-0.851,1.141,0,72
R05277,LA,Mexican,$$,13.49,16.89,0.2524,10.8,1.218,1.079,0,72
R05278,NYC,Japanese,$$$$,29.62,39.9,0.3473,4.5,-0.201,1.273,0,72
R05279,LA,Italian,$$,17.22,21.95,0.2751,0.6,0.747,1.047,0,72
R05280,Chicago,Mexican,$,10.89,14.0,0.2859,4.2,-0.483,1.312,0,72
R05281,NYC,American,$$,17.41,22.7,0.3034,7.1,-0.675,1.436,0,72
R05282,Chicago,American,$$$,18.28,23.16,0.2671,24.4,0.605,1.115,0,72
R05283,NYC,Mexican,$$,12.75,16.23,0.2732,0.9,0.278,1.606,1,34
R05284,NYC,Mediterranean,$$$,20.37,27.98,0.3739,6.0,0.322,1.475,0,72
R05285,NYC,Italian,$$,17.36,22.12,0.2742,5.7,-0.094,1.297,0,72
R05286,LA,FastFood,$,8.7,11.35,0.3048,2.1,0.789,1.277,0,72
R05287,LA,FastFood,$,9.09,11.69,0.2852,10.7,0.645,1.054,0,72
R05288,NYC,Japanese,$$$,23.17,30.57,0.3194,2.3,-2.177,1.559,0,72
R05289,LA,Chinese,$$,17.38,22.78,0.3106,1.2,-0.257,1.06,0,72
R05290,NYC,Thai,$$,14.96,19.96,0.3341,10.5,1.015,1.376,0,72
R05291,NYC,Italian,$$,17.04,21.32,0.2513,19.3,-1.02,1.376,0,72
R05292,Chicago,Chinese,$$,14.3,17.44,0.2199,1.2,-1.692,1.183,1,29
R05293,LA,American,$$$,19.19,24.66,0.2854,0.5,-0.139,0.896,0,72
R05294,LA,Japanese,$$$$,25.29,31.36,0.2401,10.3,0.521,1.587,1,40
R05295,LA,Mediterranean,$$$,19.35,24.55,0.2689,1.3,-0.46,1.089,1,33
R05296,Chicago,Indian,$,11.07,15.16,0.3689,2.4,1.293,0.985,1,24
R05297,NYC,Mediterranean,$,10.85,14.47,0.3335,5.2,1.844,1.524,0,72
R05298,NYC,Indian,$$$,18.24,24.56,0.3463,8.4,-1.925,1.508,0,72
R05299,NYC,Vietnamese,$$,12.45,18.25,0.466,3.3,-0.384,1.604,1,33
R05300,LA,American,$$,15.94,20.39,0.2792,0.8,-2.282,1.291,0,72
R05301,LA,FastFood,$,9.63,12.96,0.346,1.8,0.661,1.532,0,72
R05302,LA,FastFood,$$,12.02,15.71,0.306,9.2,-0.68,1.31,0,72
R05303,NYC,Thai,$$$,18.06,23.25,0.2874,0.5,-0.476,1.43,1,42
R05304,NYC,Indian,$$,17.24,20.65,0.1976,5.6,1.148,1.357,0,72
R05305,LA,American,$$,13.64,17.72,0.2995,3.6,-1.328,1.119,0,72
R05306,Chicago,Chinese,$,11.34,13.69,0.2067,4.4,-1.58,1.168,0,72
R05307,NYC,Mediterranean,$,11.06,14.77,0.3351,5.5,-2.277,1.79,1,35
R05308,NYC,Mexican,$$,14.01,18.74,0.3378,10.8,1.271,1.636,0,72
R05309,NYC,Chinese,$$,15.87,21.05,0.3264,5.5,1.038,0.992,0,72
R05310,NYC,Japanese,$$$$,27.26,34.56,0.2679,9.1,-0.294,1.107,0,72
R05311,NYC,American,$$$,18.07,24.38,0.3493,0.5,-1.275,1.449,0,72
R05312,NYC,American,$$,15.56,20.86,0.3405,6.6,0.834,1.421,0,72
R05313,LA,Chinese,$,11.74,15.25,0.2986,2.9,2.755,1.203,0,72
R05314,NYC,Mexican,$,10.77,13.95,0.295,7.0,-0.236,1.685,0,72
R05315,NYC,Chinese,$$,12.62,17.25,0.3662,2.0,-1.203,1.675,0,72
R05316,NYC,Italian,$$,15.09,18.13,0.2013,7.7,1.242,1.481,0,72
R05317,Chicago,Mexican,$$,17.15,20.79,0.2123,16.0,-1.132,0.833,0,72
R05318,NYC,Vietnamese,$,9.1,12.33,0.3549,3.4,-0.367,1.251,0,72
R05319,NYC,Chinese,$$,12.55,17.33,0.3809,8.2,-2.639,1.462,1,20
R05320,NYC,Italian,$$,12.7,15.62,0.2297,1.0,-0.303,1.524,1,52
R05321,LA,Italian,$$$,18.99,23.74,0.2502,5.6,-1.278,1.037,0,72
R05322,Chicago,American,$$,15.99,19.34,0.2092,2.4,1.259,1.082,0,72
R05323,NYC,Mediterranean,$$,15.94,21.14,0.3261,2.5,-0.976,1.175,0,72
R05324,NYC,Chinese,$,10.99,15.11,0.3748,0.9,0.78,1.053,0,72
R05325,NYC,Italian,$$$,18.01,22.27,0.2369,9.2,-0.105,1.305,0,72
R05326,LA,Vietnamese,$,10.43,13.12,0.2586,5.1,0.125,1.415,0,72
R05327,Chicago,Mexican,$$,12.2,14.84,0.2171,14.9,0.522,1.2,0,72
R05328,NYC,Thai,$$$,19.91,27.01,0.3563,7.7,-0.053,1.197,0,72
R05329,NYC,FastFood,$,8.77,11.43,0.3032,2.4,-0.648,1.208,0,72
R05330,LA,American,$$,17.61,22.52,0.2786,1.1,-0.812,1.315,1,11
R05331,LA,FastFood,$,7.82,10.78,0.3789,6.7,0.509,1.138,0,72
R05332,NYC,Japanese,$$$,19.1,23.78,0.2449,8.5,-1.902,1.708,1,38
R05333,NYC,Japanese,$$$,21.91,27.64,0.2617,7.3,1.678,1.586,0,72
R05334,NYC,Mexican,$$$,19.62,27.27,0.39,8.2,0.132,1.619,0,72
R05335,LA,Mexican,$,11.87,15.19,0.2796,4.7,-0.337,1.087,0,72
R05336,LA,Chinese,$$,13.87,17.4,0.2545,5.9,0.266,1.266,0,72
R05337,LA,Japanese,$$$,18.95,23.47,0.2383,0.5,-0.594,1.529,1,43
R05338,Chicago,American,$,9.74,12.61,0.2939,3.5,-0.178,1.017,0,72
R05339,NYC,Chinese,$,11.28,15.79,0.4005,6.5,-1.132,1.442,1,42
R05340,NYC,American,$$$,24.56,31.32,0.2751,0.5,0.375,1.376,0,72
R05341,NYC,Chinese,$$,14.47,18.59,0.2844,8.6,-0.078,1.196,0,72
R05342,Chicago,Italian,$$$,24.19,30.31,0.2532,12.7,0.187,0.876,0,72
R05343,LA,Chinese,$$,12.21,14.86,0.2165,3.3,1.483,1.078,0,72
R05344,NYC,Vietnamese,$,7.52,10.1,0.3424,6.7,-0.804,1.19,0,72
R05345,NYC,American,$$,13.11,16.75,0.2778,1.2,-0.129,1.205,0,72
R05346,LA,Indian,$$,15.57,20.94,0.3447,8.4,-1.651,0.895,0,72
R05347,LA,Mexican,$$,13.05,18.13,0.3898,5.9,0.55,1.092,0,72
R05348,LA,Japanese,$$$,21.96,26.41,0.2029,3.1,-0.017,1.301,0,72
R05349,NYC,FastFood,$,7.73,10.57,0.3684,2.2,0.017,1.396,0,72
R05350,Chicago,Mexican,$$,14.8,18.67,0.2615,1.1,-0.157,0.963,0,72
R05351,LA,Japanese,$$$,20.1,24.83,0.2353,0.5,-0.578,1.316,0,72
R05352,LA,Mexican,$$,13.21,17.85,0.3509,5.4,2.496,1.47,0,72
R05353,LA,Chinese,$$,13.47,17.28,0.2833,2.3,0.038,1.576,0,72
R05354,Chicago,Japanese,$$$,20.59,25.32,0.2297,9.8,0.297,1.017,0,72
R05355,Chicago,Chinese,$,11.09,14.62,0.3179,5.4,-1.139,0.967,0,72
R05356,LA,American,$$,14.82,19.79,0.3358,0.5,0.885,1.142,0,72
R05357,NYC,FastFood,$,11.91,16.37,0.3744,3.9,-0.123,1.557,0,72
R05358,NYC,Chinese,$$,15.88,21.06,0.3259,9.0,0.446,1.423,0,72
R05359,Chicago,Mexican,$$,15.02,18.54,0.2346,2.0,0.902,0.982,0,72
R05360,LA,Thai,$$,12.15,16.64,0.3693,3.6,-0.104,1.188,0,72
R05361,NYC,Japanese,$$,16.98,21.99,0.2948,0.5,-0.677,1.295,0,72
R05362,NYC,Mediterranean,$$$,20.71,26.86,0.2968,12.1,-2.328,1.096,0,72
R05363,Chicago,Italian,$$$,21.18,25.51,0.2043,3.1,-0.387,0.923,0,72
R05364,Chicago,American,$$,16.4,20.47,0.248,1.7,-0.682,1.191,0,72
R05365,Chicago,FastFood,$,7.95,10.72,0.3486,8.6,-1.143,1.184,0,72
R05366,NYC,Chinese,$,9.99,13.63,0.3648,1.0,1.453,1.623,0,72
R05367,LA,Thai,$$,16.37,22.43,0.3705,1.7,0.983,1.131,0,72
R05368,Chicago,American,$$$,19.81,24.6,0.2421,0.5,-1.83,0.909,0,72
R05369,NYC,Thai,$$,12.39,17.32,0.3977,23.3,0.154,1.762,0,72
R05370,NYC,Chinese,$,11.33,15.56,0.3729,1.5,-0.817,1.273,1,21
R05371,Chicago,Japanese,$$$$,27.51,33.48,0.217,2.1,0.367,1.005,0,72
R05372,NYC,Mexican,$,11.14,13.99,0.2566,10.5,-0.8,1.776,0,72
R05373,LA,FastFood,$,11.71,15.74,0.3443,7.8,-0.539,1.218,0,72
R05374,LA,Mexican,$$,12.26,17.13,0.3979,14.4,0.963,1.158,0,72
R05375,LA,Mexican,$,11.66,14.94,0.2812,6.2,0.819,1.379,0,72
R05376,NYC,Mediterranean,$$,17.14,22.18,0.2941,4.6,1.509,1.463,0,72
R05377,LA,Italian,$$,16.79,20.79,0.2383,2.8,-0.217,1.229,1,35
R05378,NYC,American,$$$,19.6,26.01,0.3271,6.2,-1.456,1.739,1,20
R05379,Chicago,Italian,$$$,21.11,24.92,0.1806,0.5,0.921,0.737,0,72
R05380,NYC,Vietnamese,$$,13.99,18.0,0.2865,0.5,0.927,1.514,0,72
R05381,LA,Chinese,$$,13.44,17.85,0.3285,1.1,0.628,1.095,0,72
R05382,LA,Japanese,$$$,20.27,24.58,0.2128,6.5,-0.744,1.171,0,72
R05383,NYC,American,$$,15.97,18.98,0.1882,4.3,-1.071,1.47,0,72
R05384,NYC,Italian,$$,16.67,22.37,0.342,24.4,0.536,1.337,0,72
R05385,LA,Chinese,$$,16.93,22.79,0.3464,4.7,-0.886,1.233,0,72
R05386,NYC,Chinese,$$,15.57,22.02,0.4142,5.5,-0.308,1.519,0,72
R05387,NYC,Indian,$$,14.26,19.17,0.3437,5.7,2.907,1.486,0,72
R05388,LA,Chinese,$,11.0,14.68,0.334,10.9,2.129,1.216,0,72
R05389,Chicago,Italian,$$$,23.75,28.94,0.2185,23.8,0.793,0.986,0,72
R05390,LA,Italian,$$$,18.45,22.52,0.2207,3.6,-0.662,1.186,0,72
R05391,NYC,Japanese,$$$,21.49,27.84,0.2956,0.5,-0.722,1.464,0,72
R05392,Chicago,Indian,$$$,19.17,23.43,0.2223,10.7,0.716,0.893,0,72
R05393,LA,Japanese,$$$,20.07,24.02,0.1965,6.0,1.497,1.398,0,72
R05394,NYC,Mediterranean,$$,16.05,20.44,0.2734,11.8,-0.512,1.434,0,72
R05395,NYC,Vietnamese,$,11.03,15.39,0.3946,8.7,-0.457,1.381,0,72
R05396,NYC,Thai,$,11.05,13.79,0.2484,3.2,0.088,1.521,0,72
R05397,NYC,Indian,$$,15.35,19.02,0.2392,8.1,-1.389,1.43,0,72
R05398,LA,Chinese,$,11.33,15.07,0.3296,1.6,-1.358,1.393,0,72
R05399,NYC,FastFood,$,7.67,10.27,0.3392,15.9,-1.176,1.614,1,48
R05400,LA,Thai,$$,12.33,16.21,0.3143,20.9,0.546,1.213,0,72
R05401,NYC,American,$$,14.4,19.14,0.3295,1.5,0.272,1.623,1,42
R05402,NYC,Chinese,$,11.18,15.01,0.3431,17.2,1.137,1.492,0,72
R05403,NYC,Chinese,$$,13.59,17.51,0.2884,15.3,-1.737,1.262,0,72
R05404,LA,American,$$,15.56,20.6,0.3241,0.5,-1.517,1.335,0,72
R05405,LA,Japanese,$$$,22.19,28.56,0.2871,6.4,0.456,0.955,0,72
R05406,NYC,Vietnamese,$$,17.57,23.39,0.3313,10.3,-0.872,0.951,0,72
R05407,NYC,Italian,$$,17.5,21.86,0.2489,12.9,-0.799,1.577,0,72
R05408,NYC,American,$$,17.84,23.17,0.2987,17.7,1.013,1.529,0,72
R05409,Chicago,Chinese,$$,14.8,18.56,0.2544,23.6,-0.553,1.046,0,72
R05410,NYC,Chinese,$$,12.85,15.92,0.2384,3.0,-0.436,1.713,0,72
R05411,LA,Mexican,$$,13.13,17.83,0.3575,4.8,-0.25,1.196,0,72
R05412,NYC,Thai,$$,14.05,18.89,0.3445,0.5,-0.189,1.386,0,72
R05413,NYC,American,$$,16.59,19.33,0.1649,0.5,0.685,1.595,0,72
R05414,LA,FastFood,$,7.65,10.44,0.3655,1.6,-1.21,1.101,1,29
R05415,LA,Indian,$$,13.27,18.15,0.3678,4.3,-0.188,1.166,0,72
R05416,NYC,Indian,$$,14.54,18.09,0.2436,10.5,1.162,1.495,0,72
R05417,Chicago,American,$,11.22,13.76,0.2263,0.5,2.133,1.041,0,72
R05418,NYC,Thai,$$$,18.33,23.84,0.3009,7.0,-1.357,1.393,0,72
R05419,NYC,FastFood,$$,12.54,18.1,0.443,24.3,0.331,1.367,0,72
R05420,NYC,Indian,$$,14.95,20.27,0.356,31.8,-0.19,1.268,0,72
R05421,LA,Mexican,$$,14.09,17.98,0.2761,10.8,-0.099,1.092,0,72
R05422,LA,Vietnamese,$$,13.97,18.54,0.3271,2.2,-0.79,1.493,1,31
R05423,NYC,Mexican,$,9.85,14.33,0.4551,8.2,0.756,1.405,0,72
R05424,Chicago,Mexican,$$,14.77,18.6,0.2588,2.4,0.704,1.023,0,72
R05425,LA,Vietnamese,$,10.65,13.95,0.3094,5.4,2.523,1.003,0,72
R05426,Chicago,Thai,$$$,21.14,27.19,0.2857,7.8,-1.321,1.36,0,72
R05427,Chicago,Chinese,$$,12.57,15.58,0.2395,3.8,-1.748,0.902,1,50
R05428,Chicago,Mexican,$$,14.72,20.29,0.3782,4.9,2.055,0.868,0,72
R05429,LA,Mediterranean,$$,16.46,20.52,0.2464,14.8,-0.052,1.191,0,72
R05430,NYC,Mexican,$$$,18.56,23.58,0.2705,9.3,-0.457,1.303,1,32
R05431,NYC,Mexican,$,11.4,14.98,0.3138,18.0,0.188,1.515,0,72
R05432,LA,Indian,$$,17.88,23.47,0.3127,1.0,-1.395,1.001,1,46
R05433,NYC,Thai,$$,15.67,19.9,0.2701,14.9,0.376,1.662,0,72
R05434,LA,American,$$,17.21,21.94,0.2751,1.6,-0.08,1.343,0,72
R05435,NYC,American,$$,16.67,21.81,0.3081,0.5,1.074,1.429,0,72
R05436,Chicago,Italian,$$,15.96,18.19,0.1396,10.3,0.857,0.82,0,72
R05437,NYC,Chinese,$,8.16,10.54,0.2918,2.4,0.94,1.315,0,72
R05438,Chicago,Indian,$$,17.59,22.3,0.2674,1.3,0.191,1.008,0,72
R05439,NYC,Thai,$$,12.82,17.25,0.3451,3.1,1.604,1.254,1,44
R05440,NYC,Italian,$$$,22.22,27.17,0.2231,2.1,0.576,1.279,0,72
R05441,Chicago,Italian,$$$,19.18,23.16,0.2076,17.0,-0.533,1.134,1,42
R05442,Chicago,Chinese,$$,16.14,20.26,0.2558,0.8,-0.809,1.019,0,72
R05443,LA,Mexican,$$,14.44,19.59,0.3564,0.6,-0.697,1.218,0,72
R05444,Chicago,Italian,$,11.55,14.16,0.226,3.1,0.589,1.065,1,28
R05445,NYC,Mexican,$$,13.96,18.45,0.3213,1.9,-1.332,1.422,0,72
R05446,Chicago,Thai,$$,13.16,16.9,0.2839,2.7,0.155,0.993,0,72
R05447,NYC,Chinese,$$,16.03,20.83,0.2994,1.0,-0.833,1.532,1,30
R05448,LA,Vietnamese,$$,12.79,17.05,0.3329,11.5,-1.253,1.322,0,72
R05449,NYC,American,$$,17.83,23.25,0.3036,4.6,-1.092,1.539,0,72
R05450,NYC,Thai,$$,13.33,19.04,0.4286,0.9,-0.024,1.728,0,72
R05451,LA,FastFood,$,7.21,9.54,0.3232,8.2,0.764,1.204,0,72
R05452,LA,Italian,$$,16.65,20.36,0.2229,3.5,-0.676,1.021,0,72
R05453,NYC,Mexican,$,9.04,11.82,0.3076,9.1,-2.076,1.652,1,38
R05454,Chicago,Indian,$$,13.04,15.62,0.1984,1.8,3.154,0.971,0,72
R05455,LA,Mexican,$,9.6,12.46,0.2972,5.3,1.118,1.094,0,72
R05456,NYC,Chinese,$,10.04,13.58,0.3533,0.5,0.932,1.579,0,72
R05457,LA,Mexican,$$,12.76,17.32,0.3569,34.7,1.628,1.255,1,56
R05458,NYC,Mediterranean,$$$,18.72,24.42,0.3048,7.0,0.092,1.244,1,18
R05459,NYC,Mexican,$$,12.43,16.47,0.3252,32.5,-0.135,1.572,0,72
R05460,LA,American,$$,14.63,18.07,0.2353,5.1,1.356,1.503,0,72
R05461,NYC,Japanese,$$$,18.55,22.71,0.2242,0.5,1.349,1.507,0,72
R05462,NYC,Vietnamese,$,10.86,14.14,0.3022,11.0,0.615,1.406,0,72
R05463,LA,Italian,$$,15.52,18.09,0.1652,10.0,0.882,0.982,0,72
R05464,NYC,Mediterranean,$$,16.81,22.82,0.3579,1.1,-1.239,1.855,0,72
R05465,Chicago,Indian,$,11.03,14.8,0.3419,3.7,-0.257,0.94,0,72
R05466,LA,Japanese,$$$,24.96,28.78,0.1532,5.3,1.704,1.013,0,72
R05467,NYC,Italian,$$,16.25,20.55,0.2645,12.0,0.804,1.469,1,49
R05468,LA,Thai,$$,14.98,19.53,0.3036,12.0,-1.462,1.354,0,72
R05469,NYC,Indian,$$,17.01,22.29,0.3104,3.2,-0.531,1.682,1,40
R05470,LA,Japanese,$$$,23.34,28.48,0.2204,0.5,1.541,1.107,0,72
R05471,NYC,Italian,$$$,20.78,27.04,0.3011,3.7,0.455,1.433,0,72
R05472,Chicago,Mexican,$,8.62,11.29,0.3105,3.5,0.182,1.0,0,72
R05473,NYC,Mexican,$,11.44,15.92,0.3917,2.5,0.212,1.63,0,72
R05474,LA,Mexican,$$,15.25,19.56,0.2831,17.8,-0.084,1.288,0,72
R05475,NYC,Mexican,$$,13.7,17.41,0.2708,20.9,-0.524,1.498,0,72
R05476,NYC,Chinese,$$$,18.13,24.33,0.3417,9.2,-0.834,1.618,1,24
R05477,LA,Mediterranean,$$$,23.1,28.23,0.2219,0.5,1.01,1.019,0,72
R05478,LA,Thai,$$,14.78,19.84,0.3427,0.5,0.238,1.262,0,72
R05479,Chicago,Thai,$$,13.38,15.44,0.1537,15.0,0.707,1.027,0,72
R05480,NYC,American,$$,13.46,16.92,0.2566,14.4,0.547,1.441,0,72
R05481,NYC,American,$$,14.69,18.35,0.2492,1.2,1.409,1.407,0,72
R05482,NYC,Mexican,$,11.61,15.37,0.3234,0.5,0.455,1.474,0,72
R05483,NYC,Vietnamese,$,10.34,13.88,0.3431,14.7,0.824,1.354,0,72
R05484,Chicago,Italian,$$,15.26,18.61,0.2198,15.6,0.167,1.387,0,72
R05485,Chicago,American,$$,17.2,21.71,0.262,4.3,-0.947,1.177,0,72
R05486,Chicago,FastFood,$,11.54,15.55,0.3477,2.4,-0.226,1.14,0,72
R05487,NYC,Mediterranean,$$$,20.11,25.77,0.2814,15.4,0.59,1.361,0,72
R05488,NYC,Chinese,$$,12.27,17.49,0.4254,0.5,0.678,1.293,0,72
R05489,LA,Indian,$$,17.4,23.48,0.3494,7.5,1.451,1.17,0,72
R05490,NYC,Mexican,$$,13.3,17.62,0.3244,2.9,-0.46,1.47,0,72
R05491,LA,Mexican,$$,12.41,16.29,0.3132,1.3,0.226,1.009,0,72
R05492,NYC,Mexican,$$,12.27,16.24,0.3233,5.0,-0.129,1.536,0,72
R05493,NYC,Chinese,$$,12.54,16.78,0.3382,0.7,1.624,1.651,0,72
R05494,Chicago,Vietnamese,$$,12.93,15.92,0.2314,2.2,0.376,0.765,0,72
R05495,NYC,Italian,$$$,18.46,22.34,0.2105,11.8,0.396,1.302,0,72
R05496,Chicago,Mexican,$,10.96,12.96,0.1816,10.3,-0.036,1.159,0,72
R05497,NYC,FastFood,$,7.39,9.9,0.3401,5.9,-0.225,1.517,0,72
R05498,NYC,American,$$,16.91,22.54,0.3332,1.0,-1.449,1.307,1,21
R05499,NYC,Japanese,$$$,23.76,30.0,0.2624,6.8,-1.261,1.584,0,72
R05500,NYC,American,$$,15.12,19.28,0.2752,3.8,0.179,1.35,0,72
R05501,LA,American,$$,13.05,16.63,0.2739,3.8,0.054,1.166,0,72
R05502,NYC,Japanese,$$$$,27.56,33.62,0.2199,4.4,0.184,1.265,0,72
R05503,LA,American,$$$,19.29,24.33,0.2613,4.0,0.941,1.202,0,72
R05504,Chicago,Mediterranean,$,11.89,15.27,0.2845,1.4,0.093,1.13,1,42
R05505,NYC,Italian,$$$,22.91,28.99,0.2653,0.5,-0.348,1.369,0,72
R05506,NYC,Japanese,$$$,21.19,27.94,0.3189,2.2,-0.21,1.567,0,72
R05507,NYC,Mexican,$$,12.93,18.15,0.4032,2.7,0.244,1.441,0,72
R05508,LA,Mediterranean,$$$,20.87,27.19,0.3031,1.7,-0.38,1.366,0,72
R05509,LA,Italian,$$$,24.24,28.95,0.1943,0.5,1.064,1.135,0,72
R05510,NYC,Italian,$$$,21.56,26.58,0.2328,5.9,-0.011,1.747,0,72
R05511,LA,FastFood,$,8.88,12.75,0.4366,5.3,0.252,1.302,0,72
R05512,LA,American,$$,12.49,15.93,0.2757,0.5,-0.817,1.236,0,72
R05513,NYC,Mexican,$,8.68,11.71,0.349,6.5,1.065,1.5,0,72
R05514,NYC,Chinese,$$,15.23,19.44,0.277,7.3,1.439,1.371,0,72
R05515,Chicago,Italian,$$$,22.92,27.4,0.1954,1.6,-1.363,0.938,0,72
R05516,NYC,FastFood,$,7.34,10.25,0.3958,1.0,0.401,1.496,0,72
R05517,NYC,Japanese,$$$,20.96,26.63,0.2707,6.3,-0.108,1.256,0,72
R05518,NYC,Chinese,$,11.76,15.22,0.294,6.2,0.284,1.349,0,72
R05519,LA,American,$$,14.4,17.94,0.2456,1.0,0.452,1.072,0,72
R05520,NYC,Japanese,$$$$,26.7,35.5,0.3296,3.1,-2.235,1.553,0,72
R05521,NYC,Mexican,$$,13.0,17.86,0.3734,6.5,0.759,1.556,0,72
R05522,NYC,Mediterranean,$$,16.31,21.48,0.3167,9.6,1.112,1.688,0,72
R05523,LA,Mexican,$$$,20.17,27.07,0.342,2.9,1.225,1.153,0,72
R05524,NYC,Mediterranean,$$,13.13,16.16,0.2308,7.5,-0.945,1.316,0,72
R05525,Chicago,Thai,$$,15.45,19.68,0.2736,13.6,-0.031,0.838,0,72
R05526,NYC,Mexican,$,10.35,14.42,0.3934,2.3,-0.539,1.498,0,72
R05527,NYC,Indian,$$,14.09,18.14,0.287,3.4,-1.915,1.715,1,16
R05528,Chicago,Indian,$$,14.89,19.34,0.2989,4.1,-0.621,0.991,1,47
R05529,Chicago,American,$$$,18.63,23.42,0.2573,8.2,-1.084,1.003,1,34
R05530,NYC,American,$$,15.27,20.17,0.3214,1.1,0.335,1.449,0,72
R05531,Chicago,Mexican,$,11.7,15.12,0.2925,5.8,-1.631,1.031,0,72
R05532,LA,Mexican,$,11.89,16.22,0.3643,10.4,-0.98,1.353,0,72
R05533,NYC,Indian,$,11.94,14.65,0.2268,1.1,-0.519,1.826,0,72
R05534,Chicago,Mexican,$$,14.01,18.09,0.2917,3.6,0.77,1.062,0,72
R05535,LA,Chinese,$$,13.68,18.27,0.3357,2.9,2.778,1.284,0,72
R05536,NYC,American,$$,17.3,22.41,0.2948,5.5,0.303,1.409,0,72
R05537,LA,Chinese,$$,12.84,17.39,0.3548,8.6,-1.032,1.185,0,72
R05538,NYC,Thai,$$,13.52,17.61,0.3021,1.1,-0.679,1.429,0,72
R05539,NYC,Thai,$$,17.3,22.19,0.2826,27.8,0.658,1.388,0,72
R05540,Chicago,Thai,$$,16.83,19.82,0.178,1.1,-1.346,1.015,0,72
R05541,LA,Mexican,$$,16.13,21.07,0.3064,7.3,1.097,1.293,0,72
R05542,LA,Japanese,$$$,23.53,30.02,0.2758,3.1,0.273,1.209,0,72
R05543,LA,Thai,$$,17.86,23.72,0.3281,2.6,-0.125,1.16,0,72
R05544,LA,Italian,$$,16.7,19.37,0.16,0.5,-1.685,1.218,0,72
R05545,NYC,Vietnamese,$,11.09,15.4,0.3888,12.9,0.92,1.292,0,72
R05546,Chicago,American,$$$,19.84,23.44,0.1813,3.1,-0.762,1.101,0,72
R05547,LA,Italian,$$$,20.95,25.64,0.2239,7.7,0.154,1.142,0,72
R05548,LA,Italian,$$,17.08,20.53,0.2016,2.4,-0.157,1.045,1,47
R05549,LA,Vietnamese,$,9.53,12.68,0.3309,0.6,-1.584,1.268,1,32
R05550,NYC,Mexican,$$,12.05,16.2,0.3447,14.5,-0.231,1.542,0,72
R05551,NYC,Mediterranean,$$,15.03,19.9,0.3239,2.5,-1.21,1.308,1,43
R05552,NYC,American,$$$,21.82,29.95,0.3722,4.8,-0.652,1.563,0,72
R05553,NYC,Mexican,$$,14.33,19.49,0.3599,6.9,0.433,1.565,1,55
R05554,LA,Indian,$$,12.63,15.81,0.2512,36.1,0.702,1.521,0,72
R05555,Chicago,Japanese,$$$,18.23,22.66,0.2431,8.7,-0.018,0.972,0,72
R05556,NYC,Chinese,$,11.3,16.02,0.4173,3.7,-0.884,1.441,0,72
R05557,NYC,FastFood,$,7.69,10.71,0.3928,3.6,-0.647,1.348,0,72
R05558,LA,Indian,$$,14.07,18.68,0.3273,8.4,-0.665,1.273,0,72
R05559,NYC,American,$$$,19.55,23.47,0.2003,0.5,-2.137,1.449,0,72
R05560,Chicago,Thai,$,11.76,15.05,0.2793,5.4,0.073,1.126,1,16
R05561,NYC,American,$$$,24.16,30.6,0.2666,6.0,-1.666,1.376,0,72
R05562,NYC,Japanese,$$$,18.56,22.95,0.236,1.9,0.076,1.534,0,72
R05563,NYC,Chinese,$,10.09,13.3,0.3189,9.6,-1.459,1.409,0,72
R05564,Chicago,Chinese,$$,17.62,22.47,0.2754,14.1,-1.206,0.802,0,72
R05565,NYC,Japanese,$$$$,27.91,34.57,0.2388,5.9,0.669,1.564,0,72
R05566,LA,Japanese,$$$,21.29,26.81,0.2594,0.9,0.025,0.973,0,72
R05567,NYC,Indian,$$,15.53,20.05,0.2913,5.3,-1.885,1.423,0,72
R05568,NYC,Japanese,$$$,23.67,30.89,0.3051,1.8,-0.559,1.425,0,72
R05569,Chicago,American,$$,16.4,20.36,0.2414,17.8,0.262,0.999,0,72
R05570,NYC,Thai,$,11.09,14.73,0.3288,0.6,-0.619,1.458,0,72
R05571,NYC,FastFood,$,5.44,7.66,0.409,30.1,-0.343,1.457,0,72
R05572,LA,Italian,$$,15.46,19.45,0.2577,0.5,0.244,1.253,0,72
R05573,Chicago,Mediterranean,$$$,23.57,29.22,0.2397,8.4,0.045,0.987,0,72
R05574,NYC,Thai,$$$,19.55,23.57,0.2057,3.5,-0.992,1.985,0,72
R05575,NYC,Mexican,$,11.92,16.29,0.3657,8.5,0.022,1.392,0,72
R05576,Chicago,Italian,$$,15.15,17.49,0.1544,1.0,-0.287,0.864,0,72
R05577,LA,Chinese,$$,13.67,17.71,0.2957,10.0,1.724,1.013,0,72
R05578,Chicago,Vietnamese,$$,12.45,16.16,0.2986,1.8,-0.103,1.082,0,72
R05579,LA,American,$$,17.83,23.65,0.3267,3.3,0.135,0.991,0,72
R05580,LA,American,$,10.15,13.73,0.3521,7.8,0.26,1.038,0,72
R05581,NYC,Indian,$$$$,25.6,32.1,0.2539,6.7,-0.322,1.233,1,38
R05582,NYC,Italian,$$$,22.07,26.14,0.1842,4.3,-0.72,1.532,0,72
R05583,LA,Italian,$$,17.37,21.65,0.2463,0.6,0.46,1.408,0,72
R05584,LA,Mediterranean,$$,14.94,19.15,0.2821,4.7,0.468,1.071,0,72
R05585,Chicago,FastFood,$,10.15,12.69,0.2499,11.4,2.083,1.052,0,72
R05586,LA,Indian,$$,15.85,20.28,0.2792,1.4,0.742,0.874,0,72
R05587,NYC,Chinese,$$,13.22,17.84,0.3499,2.5,0.759,1.326,0,72
R05588,LA,Mexican,$$,13.57,17.08,0.2585,5.6,0.718,1.29,0,72
R05589,LA,Chinese,$$,12.74,15.93,0.2503,0.5,-0.69,1.156,0,72
R05590,NYC,Japanese,$$$,23.65,29.27,0.2378,6.8,-1.258,1.634,0,72
R05591,LA,Chinese,$$,14.82,19.1,0.2894,14.5,-1.004,0.918,0,72
R05592,LA,Mediterranean,$$$,18.08,23.59,0.3047,0.8,0.688,1.099,0,72
R05593,NYC,Vietnamese,$$,12.12,15.92,0.3137,2.2,1.422,1.531,0,72
R05594,LA,Japanese,$$$$,28.27,35.41,0.2528,0.5,0.734,1.265,1,36
R05595,LA,Italian,$$,13.5,18.12,0.3423,0.5,-0.167,1.277,0,72
R05596,Chicago,Italian,$$,15.59,17.96,0.1522,1.0,1.677,1.025,0,72
R05597,NYC,Japanese,$$$,22.11,27.35,0.2374,1.6,-0.444,1.264,0,72
R05598,LA,Indian,$$,12.71,16.71,0.3139,2.8,-1.148,1.093,0,72
R05599,LA,Mexican,$,11.64,15.94,0.3694,9.6,0.253,1.585,1,41
R05600,LA,Thai,$$,17.65,23.14,0.3107,0.5,1.292,1.032,0,72
R05601,NYC,Mexican,$$,12.17,17.41,0.4304,24.7,-0.844,1.223,0,72
R05602,Chicago,Chinese,$,9.35,12.03,0.2859,23.6,-1.705,1.085,0,72
R05603,Chicago,FastFood,$,7.88,9.54,0.2112,2.1,0.038,0.881,0,72
R05604,LA,Chinese,$$,13.14,17.14,0.3048,5.0,0.771,1.488,0,72
R05605,LA,Mexican,$$,12.59,16.26,0.2915,1.3,-2.965,1.666,0,72
R05606,NYC,American,$$,17.68,23.86,0.3492,14.3,0.977,1.409,0,72
R05607,LA,Japanese,$$$,23.96,31.11,0.2982,6.0,-1.367,1.245,0,72
R05608,NYC,Mexican,$$,12.19,15.37,0.2605,0.8,0.725,1.165,0,72
R05609,LA,Mexican,$,10.08,13.99,0.3875,0.5,-1.997,1.358,0,72
R05610,NYC,Mexican,$,11.55,16.01,0.387,3.7,-1.475,1.108,0,72
R05611,LA,American,$$,14.3,17.79,0.2438,11.5,0.619,1.022,0,72
R05612,NYC,Chinese,$$,12.35,16.25,0.3161,1.0,1.216,1.471,0,72
R05613,LA,Indian,$$,16.42,22.16,0.3496,3.0,-0.009,1.282,1,39
R05614,LA,Mediterranean,$$$,18.28,21.42,0.1714,3.8,2.395,1.004,0,72
R05615,NYC,Chinese,$$,15.08,20.24,0.3423,11.8,-1.023,1.359,1,48
R05616,NYC,Italian,$$,16.8,21.92,0.3047,2.1,-1.035,1.188,0,72
R05617,Chicago,Chinese,$$,17.06,21.58,0.2656,1.4,-0.302,0.963,0,72
R05618,LA,Italian,$$$,20.32,25.65,0.2624,6.9,-0.35,1.09,1,22
R05619,NYC,Chinese,$$,13.27,17.58,0.3252,6.6,0.283,1.344,0,72
R05620,NYC,Thai,$$,15.61,19.83,0.2708,6.2,-0.743,1.568,1,28
R05621,NYC,Italian,$$,15.94,19.28,0.2095,2.7,0.568,1.5,0,72
R05622,LA,American,$,10.95,14.18,0.2956,0.5,0.544,1.284,0,72
R05623,LA,Vietnamese,$,10.31,13.18,0.2782,3.4,1.613,1.182,0,72
R05624,NYC,Thai,$$,16.02,19.76,0.2338,7.8,-0.49,1.58,0,72
R05625,LA,Italian,$$$,18.26,22.57,0.2361,9.4,0.337,1.195,0,72
R05626,LA,Chinese,$$,12.68,16.16,0.2743,1.4,0.606,1.131,0,72
R05627,LA,FastFood,$,7.3,9.34,0.28,15.2,-0.007,1.285,1,28
R05628,NYC,Italian,$$,12.66,15.87,0.2536,6.6,-0.212,1.378,0,72
R05629,NYC,Vietnamese,$$,14.86,20.34,0.3684,8.7,-2.064,1.394,1,37
R05630,NYC,Vietnamese,$,11.08,14.74,0.331,3.7,0.083,1.648,1,35
R05631,NYC,American,$$,14.81,18.17,0.2267,14.0,0.595,1.63,0,72
R05632,NYC,Chinese,$,11.52,15.48,0.3441,3.9,-0.058,1.399,0,72
R05633,NYC,Chinese,$$,16.29,22.35,0.3718,25.3,-0.782,1.61,0,72
R05634,NYC,Japanese,$$$$,25.78,35.6,0.3807,5.6,-1.679,1.244,0,72
R05635,LA,American,$$,13.44,17.91,0.3321,18.4,0.453,1.159,0,72
R05636,NYC,Indian,$$,17.88,22.35,0.2497,1.9,0.033,1.325,0,72
R05637,LA,Indian,$$,14.13,18.69,0.3229,3.7,1.39,1.2,0,72
R05638,NYC,FastFood,$,7.62,10.45,0.3728,2.6,-1.449,1.584,1,37
R05639,LA,FastFood,$,8.06,10.34,0.2824,0.5,-0.47,1.283,0,72
R05640,NYC,Indian,$$,12.59,16.55,0.3142,6.6,-1.321,1.525,1,27
R05641,LA,Mexican,$,9.85,13.95,0.4159,0.9,1.025,1.22,0,72
R05642,LA,Japanese,$$$$,25.3,33.14,0.3098,0.5,1.239,1.177,0,72
R05643,NYC,American,$$,15.38,18.9,0.2293,10.9,1.923,1.675,0,72
R05644,LA,American,$$,17.88,22.54,0.2607,20.9,0.521,0.997,0,72
R05645,NYC,Chinese,$$,13.69,18.41,0.3446,23.2,0.789,1.339,0,72
R05646,LA,American,$$,17.66,20.72,0.1735,6.8,0.436,1.261,0,72
R05647,NYC,Italian,$$,12.45,14.51,0.1652,0.5,0.573,1.742,0,72
R05648,NYC,Italian,$$,15.4,19.37,0.2577,1.8,0.049,1.391,0,72
R05649,NYC,Thai,$$,15.51,20.45,0.3184,9.5,0.619,1.405,0,72
R05650,Chicago,Japanese,$$,17.49,19.73,0.1281,2.2,2.14,0.857,0,72
R05651,NYC,American,$$,17.11,22.23,0.2994,7.5,0.219,1.359,0,72
R05652,LA,American,$$,12.46,16.37,0.3143,19.8,0.024,1.306,0,72
R05653,NYC,American,$$,16.05,20.37,0.2691,2.4,0.198,1.753,0,72
R05654,NYC,Chinese,$$,17.37,22.98,0.323,2.0,-0.149,1.4,0,72
R05655,NYC,American,$$$,18.39,24.07,0.3086,1.0,0.246,1.317,0,72
R05656,Chicago,Italian,$$,12.9,15.76,0.222,5.3,-0.183,1.008,0,72
R05657,LA,Vietnamese,$$,13.4,16.43,0.2266,4.4,1.144,0.989,0,72
R05658,NYC,Chinese,$$$,18.05,23.0,0.2747,12.4,1.044,1.682,0,72
R05659,LA,FastFood,$$,14.06,18.57,0.3202,7.3,2.166,1.035,0,72
R05660,NYC,Indian,$$,15.79,19.85,0.257,8.6,-0.024,1.506,1,36
R05661,NYC,Japanese,$$,17.21,23.12,0.3433,2.5,0.289,1.503,0,72
R05662,LA,Italian,$$$,19.46,24.56,0.2617,13.9,0.247,1.294,0,72
R05663,NYC,Italian,$$$,23.99,28.66,0.1945,10.4,0.2,1.495,0,72
R05664,NYC,Indian,$$,14.02,18.08,0.2893,11.4,1.13,1.45,0,72
R05665,LA,Vietnamese,$$,13.88,18.96,0.3665,18.8,-1.625,1.263,0,72
R05666,NYC,Indian,$$,12.47,15.8,0.2677,9.3,0.461,1.603,0,72
R05667,Chicago,Mediterranean,$$$,18.18,23.32,0.2826,10.4,1.996,1.241,0,72
R05668,LA,Japanese,$$,14.05,18.54,0.3192,14.4,1.363,1.051,0,72
R05669,Chicago,Vietnamese,$,9.69,12.99,0.3408,10.5,1.249,0.802,0,72
R05670,LA,Japanese,$$$,21.98,27.67,0.259,9.1,0.842,0.997,0,72
R05671,Chicago,American,$$,14.99,19.37,0.2926,4.5,-0.596,0.804,0,72
R05672,NYC,Japanese,$$,17.41,21.65,0.2439,1.1,-0.75,1.256,0,72
R05673,LA,Indian,$$,13.25,18.61,0.4043,1.4,-0.742,1.023,0,72
R05674,LA,Mexican,$$,13.26,17.67,0.332,0.6,-1.138,1.142,0,72
R05675,Chicago,Chinese,$$,12.8,16.99,0.3273,9.3,0.947,1.108,0,72
R05676,NYC,Italian,$$$,18.2,22.42,0.2319,2.3,1.468,1.563,0,72
R05677,LA,FastFood,$,9.7,13.24,0.365,12.7,0.434,1.114,0,72
R05678,LA,American,$$,15.04,19.36,0.2872,1.8,0.805,1.125,0,72
R05679,NYC,Italian,$$$,22.99,27.67,0.2036,0.5,0.293,1.846,0,72
R05680,Chicago,Japanese,$$$,18.41,21.58,0.1721,5.8,0.569,1.074,0,72
R05681,NYC,Japanese,$$$$,31.13,39.21,0.2598,8.9,-2.117,1.48,0,72
R05682,NYC,Mediterranean,$$$,20.77,27.94,0.3453,2.5,0.315,1.471,0,72
R05683,LA,FastFood,$,7.97,9.95,0.2484,5.1,-0.426,1.159,0,72
R05684,NYC,Thai,$$,13.29,17.17,0.2919,0.5,-0.04,1.844,0,72
R05685,NYC,Thai,$$,14.53,19.99,0.3755,0.7,0.226,1.417,0,72
R05686,NYC,Chinese,$$,14.48,18.22,0.2584,2.2,-0.716,1.476,1,41
R05687,NYC,Chinese,$$,15.83,21.89,0.3827,5.8,-1.076,1.19,1,29
R05688,LA,American,$$,12.57,15.13,0.2036,0.5,-0.746,1.112,0,72
R05689,Chicago,Vietnamese,$$,12.44,15.36,0.2342,0.5,-1.448,0.936,0,72
R05690,LA,Chinese,$,8.88,11.48,0.2926,13.3,-1.155,1.272,0,72
R05691,NYC,Indian,$$,14.04,19.57,0.3937,8.6,-1.018,1.321,1,53
R05692,LA,Chinese,$$,16.89,21.42,0.268,2.0,-1.435,1.207,0,72
R05693,Chicago,Chinese,$,10.07,11.92,0.1834,3.9,0.529,0.93,0,72
R05694,LA,Italian,$$,13.5,15.66,0.1599,9.9,-0.9,1.052,0,72
R05695,NYC,Thai,$$,14.57,19.76,0.3566,15.5,-1.863,1.264,0,72
R05696,NYC,Indian,$$$,18.61,22.94,0.2323,3.2,-0.401,1.42,1,36
R05697,Chicago,American,$$,16.97,21.87,0.2894,11.9,-1.113,1.012,0,72
R05698,Chicago,Thai,$,9.94,12.55,0.2635,0.8,1.459,0.977,0,72
R05699,NYC,Thai,$,10.34,13.53,0.3084,2.4,0.133,1.312,0,72
R05700,Chicago,Italian,$$$,18.32,22.26,0.2149,8.0,-1.47,0.984,0,72
R05701,NYC,Thai,$,11.32,14.38,0.27,8.3,0.569,1.395,1,28
R05702,NYC,Chinese,$$,13.32,17.68,0.3269,7.1,0.085,1.28,0,72
R05703,LA,American,$$,16.57,19.9,0.2003,37.5,-0.239,1.212,1,18
R05704,LA,Mexican,$,11.45,15.88,0.3874,3.8,1.575,1.491,0,72
R05705,NYC,Japanese,$$$$,30.5,37.17,0.2186,0.5,-0.976,1.424,0,72
R05706,Chicago,American,$$,17.79,22.28,0.2519,0.8,1.035,0.839,0,72
R05707,Chicago,Mexican,$$,15.55,19.25,0.2383,12.5,-0.41,1.193,0,72
R05708,NYC,Japanese,$$$$,25.96,32.28,0.2433,11.9,-0.018,1.686,0,72
R05709,LA,Vietnamese,$,11.19,14.45,0.2913,7.5,-0.75,1.425,0,72
R05710,LA,American,$$,15.45,21.77,0.4091,0.5,-0.686,1.194,1,34
R05711,LA,Mexican,$,11.85,15.63,0.3193,11.0,-0.436,1.092,0,72
R05712,Chicago,Mexican,$$,14.13,17.65,0.2489,7.8,-1.901,0.898,0,72
R05713,LA,Italian,$$,16.01,19.34,0.2078,4.6,0.347,1.376,0,72
R05714,NYC,Thai,$$$,19.1,23.58,0.2348,11.3,0.115,1.758,0,72
R05715,NYC,Mediterranean,$$,14.86,19.05,0.2819,1.5,-1.498,1.298,0,72
R05716,Chicago,Italian,$$$,18.71,24.18,0.2926,10.6,0.66,0.739,0,72
R05717,Chicago,Indian,$$,13.91,17.63,0.2668,3.5,1.457,0.998,0,72
R05718,NYC,American,$$,14.75,19.55,0.3252,0.7,-0.665,1.301,0,72
R05719,NYC,FastFood,$$,12.57,16.52,0.3145,13.9,-0.785,1.332,0,72
R05720,LA,Mexican,$,11.55,15.13,0.3098,4.8,1.113,1.166,0,72
R05721,NYC,American,$$,15.15,19.54,0.2902,4.8,0.403,1.523,0,72
R05722,NYC,American,$$,14.2,17.66,0.2437,1.2,-0.136,1.32,0,72
R05723,Chicago,Italian,$$$,18.13,22.12,0.22,4.4,0.815,1.016,0,72
R05724,Chicago,Mexican,$$,12.27,16.21,0.3208,3.0,0.274,0.985,1,33
R05725,Chicago,Mexican,$,10.22,13.46,0.3171,6.0,1.429,0.758,0,72
R05726,LA,Japanese,$$$,20.38,25.32,0.2424,16.0,-0.017,1.281,0,72
R05727,NYC,Vietnamese,$$,12.83,17.77,0.3845,3.2,0.426,1.374,0,72
R05728,Chicago,Indian,$$,17.44,21.58,0.2371,6.6,1.098,0.859,0,72
R05729,NYC,Chinese,$$,13.06,17.01,0.3026,10.6,-2.448,1.329,0,72
R05730,NYC,Mediterranean,$$,17.18,23.4,0.3621,1.5,1.134,1.486,0,72
R05731,Chicago,Italian,$$,16.87,19.31,0.1447,1.2,-0.505,1.006,0,72
R05732,LA,FastFood,$,7.77,9.74,0.2549,14.2,0.5,1.296,0,72
R05733,Chicago,Mexican,$,10.59,13.21,0.2466,40.0,1.664,1.054,0,72
R05734,NYC,Thai,$,10.58,14.06,0.3294,12.5,-0.306,1.26,0,72
R05735,Chicago,Mediterranean,$$,14.98,19.54,0.3042,7.2,-0.456,0.702,0,72
R05736,LA,Thai,$$,16.47,20.71,0.257,0.5,-0.055,1.218,0,72
R05737,LA,Thai,$$,12.97,17.91,0.3807,2.9,-1.452,1.294,0,72
R05738,Chicago,Italian,$$,16.91,20.32,0.2014,0.8,2.199,0.976,0,72
R05739,NYC,Indian,$$,13.58,17.57,0.2942,14.5,-0.043,1.57,0,72
R05740,LA,American,$$$,20.02,24.37,0.2175,7.7,1.646,1.064,0,72
R05741,LA,Japanese,$$$,18.61,25.08,0.3476,16.3,-0.333,1.151,0,72
R05742,LA,FastFood,$,8.93,11.91,0.3325,1.6,0.034,1.074,1,41
R05743,Chicago,Italian,$$,17.78,20.15,0.1334,5.8,0.944,1.087,0,72
R05744,LA,Japanese,$$$,22.27,30.57,0.3729,3.5,-1.102,1.076,0,72
R05745,NYC,Mediterranean,$$,17.76,23.27,0.3097,0.8,-0.103,1.857,0,72
R05746,NYC,Italian,$$$,18.19,23.46,0.2899,5.3,0.907,1.365,0,72
R05747,Chicago,Chinese,$$,14.99,20.3,0.3541,10.8,-0.213,1.101,0,72
R05748,Chicago,Italian,$$,17.91,22.04,0.2307,6.5,-0.483,0.943,0,72
R05749,Chicago,Indian,$$$,19.85,25.78,0.2987,16.4,1.115,1.174,0,72
R05750,NYC,Mediterranean,$$,17.14,22.15,0.2927,5.4,1.401,1.695,0,72
R05751,NYC,Mexican,$,9.2,12.66,0.3767,1.8,1.56,1.395,0,72
R05752,LA,American,$$,17.95,22.58,0.2583,0.8,-0.675,1.24,0,72
R05753,LA,American,$$,17.17,21.62,0.259,6.5,-0.579,1.398,0,72
R05754,NYC,Vietnamese,$,11.57,15.45,0.336,1.6,-0.472,1.504,1,40
R05755,LA,Vietnamese,$,10.98,14.16,0.2902,15.1,0.719,1.074,0,72
R05756,NYC,FastFood,$,5.81,8.05,0.3852,17.9,-1.197,1.462,0,72
R05757,LA,Italian,$$,12.68,15.91,0.2551,7.9,-1.14,1.097,0,72
R05758,NYC,Italian,$$$,24.21,31.26,0.2909,5.1,-0.714,1.477,0,72
R05759,NYC,American,$$,14.4,18.89,0.312,0.5,-0.938,1.319,1,35
R05760,NYC,Japanese,$$$$,26.18,35.86,0.37,0.5,0.884,1.516,1,52
R05761,Chicago,Japanese,$$,16.49,20.98,0.2726,10.3,0.817,0.807,0,72
R05762,LA,Mexican,$,10.35,13.56,0.3096,5.5,-0.482,1.049,0,72
R05763,Chicago,Chinese,$$,14.69,18.99,0.2927,9.5,-0.194,0.909,0,72
R05764,LA,FastFood,$,8.34,11.77,0.4106,0.5,-2.54,1.177,0,72
R05765,NYC,Mexican,$$,13.77,17.8,0.2925,1.1,-0.457,1.209,0,72
R05766,NYC,American,$$,15.96,22.04,0.3807,11.7,1.244,1.304,0,72
R05767,LA,Indian,$$,13.97,17.34,0.2413,5.0,-0.512,1.317,0,72
R05768,NYC,Mexican,$,11.06,15.32,0.385,6.6,-1.093,1.615,0,72
R05769,LA,Chinese,$,10.49,13.64,0.3003,10.2,1.376,0.885,0,72
R05770,Chicago,Italian,$$$,23.17,27.74,0.1975,2.2,-1.114,0.932,1,36
R05771,Chicago,American,$$$,21.21,24.71,0.1649,1.8,1.546,1.165,0,72
R05772,NYC,Italian,$$,14.93,19.34,0.2954,4.3,2.888,1.519,0,72
R05773,LA,Vietnamese,$,9.43,11.74,0.2456,0.5,-0.109,1.26,0,72
R05774,NYC,Chinese,$$,12.21,15.24,0.2479,22.1,1.244,1.552,0,72
R05775,NYC,Mexican,$$,13.29,18.58,0.398,5.2,-1.669,1.292,0,72
R05776,LA,Mexican,$$,12.1,17.05,0.4095,0.5,-1.713,1.231,0,72
R05777,LA,Italian,$$$,19.69,23.57,0.1966,2.2,-0.797,1.27,0,72
R05778,LA,Italian,$$,17.84,22.84,0.2802,8.0,0.822,1.216,0,72
R05779,NYC,FastFood,$,8.33,11.66,0.3998,6.6,0.002,1.383,0,72
R05780,Chicago,Mexican,$$$,19.3,24.81,0.2854,5.5,-0.186,0.994,0,72
R05781,Chicago,American,$$,14.56,18.88,0.2968,24.8,-1.291,0.872,0,72
R05782,LA,American,$$$,21.49,26.91,0.2518,0.5,-0.127,1.292,0,72
R05783,Chicago,Vietnamese,$$,14.92,19.49,0.3059,10.4,-0.644,0.842,0,72
R05784,NYC,American,$$,17.52,21.33,0.2173,0.5,-0.922,1.315,1,42
R05785,LA,Mexican,$,8.84,11.13,0.2594,1.9,-1.007,1.302,0,72
R05786,Chicago,American,$$,16.09,20.73,0.2885,4.2,0.192,1.035,0,72
R05787,Chicago,Italian,$$,16.41,20.14,0.2276,4.7,-0.72,0.944,0,72
R05788,Chicago,Indian,$$,14.55,18.09,0.2429,7.2,-0.007,0.814,0,72
R05789,LA,Chinese,$,10.74,14.98,0.3954,3.5,-1.769,1.193,0,72
R05790,Chicago,Indian,$$,16.61,22.34,0.3449,0.7,0.503,0.927,0,72
R05791,LA,American,$$$,19.1,24.49,0.282,6.9,0.241,1.271,0,72
R05792,NYC,Vietnamese,$$,14.2,17.85,0.2572,3.7,-0.231,1.363,0,72
R05793,NYC,Chinese,$$,12.14,15.95,0.3144,7.7,0.162,1.175,0,72
R05794,LA,Vietnamese,$,9.5,12.05,0.2684,7.6,0.934,1.016,0,72
R05795,LA,Indian,$$,15.45,19.84,0.2845,2.5,-1.449,1.14,0,72
R05796,LA,Japanese,$$$$,30.18,36.31,0.2032,7.5,0.067,1.216,0,72
R05797,Chicago,Italian,$$$,18.23,20.78,0.1402,3.7,-1.305,0.87,0,72
R05798,LA,Chinese,$$,14.1,16.74,0.1869,16.2,0.088,1.096,0,72
R05799,NYC,Italian,$$,17.25,21.71,0.2584,5.7,-0.259,1.595,0,72
R05800,NYC,Indian,$$,13.24,15.69,0.1851,2.8,-0.025,1.657,0,72
R05801,LA,Japanese,$$$,24.77,30.56,0.234,1.5,0.848,1.241,1,30
R05802,LA,Indian,$$,14.23,18.7,0.3147,0.5,0.819,1.16,1,22
R05803,LA,Indian,$$,15.59,19.4,0.2439,1.6,1.087,1.114,0,72
R05804,LA,Vietnamese,$$,12.6,15.82,0.2558,1.2,-0.396,1.28,0,72
R05805,LA,Vietnamese,$$,12.24,16.0,0.3066,4.1,0.703,1.155,0,72
R05806,LA,American,$$,17.69,21.56,0.2186,0.5,0.507,1.34,0,72
R05807,Chicago,American,$$,13.72,17.01,0.2393,0.5,-0.371,1.124,0,72
R05808,NYC,Chinese,$,11.03,13.99,0.2684,1.4,0.117,1.523,1,55
R05809,LA,Thai,$$,13.89,17.85,0.2848,6.7,-0.132,1.13,0,72
R05810,LA,FastFood,$,8.47,11.21,0.3227,12.3,1.395,1.141,0,72
R05811,NYC,Japanese,$$$,20.03,25.42,0.2694,1.9,0.81,1.19,0,72
R05812,LA,FastFood,$,8.88,12.62,0.4218,1.7,-0.336,1.192,0,72
R05813,LA,FastFood,$,10.01,13.51,0.35,5.8,-0.405,1.188,1,32
R05814,LA,Japanese,$$$$,27.24,34.74,0.2752,4.3,0.958,1.017,0,72
R05815,LA,Indian,$$$,18.7,23.35,0.2488,16.4,1.34,1.594,0,72
R05816,NYC,Vietnamese,$,9.08,12.17,0.3412,5.6,0.316,1.55,0,72
R05817,NYC,Chinese,$,10.54,13.77,0.3063,4.0,0.659,1.311,0,72
R05818,NYC,Mexican,$,11.86,15.92,0.3415,6.7,1.303,1.855,0,72
R05819,NYC,Japanese,$$$,22.32,29.07,0.3024,2.4,-0.175,1.366,1,26
R05820,LA,Thai,$$,13.41,16.97,0.265,9.0,0.083,1.326,0,72
R05821,Chicago,Italian,$$,16.3,19.23,0.1801,11.3,0.487,1.011,0,72
R05822,LA,Thai,$$,13.25,16.77,0.2657,0.5,-0.429,1.135,1,37
R05823,NYC,Vietnamese,$$,12.55,16.37,0.3047,6.5,1.699,1.393,0,72
R05824,NYC,Vietnamese,$,9.05,12.12,0.3387,10.1,-0.438,1.723,0,72
R05825,NYC,Italian,$$$$,27.44,33.81,0.2318,0.8,0.061,1.611,0,72
R05826,LA,Japanese,$$$,22.08,29.26,0.3249,1.1,1.916,1.183,0,72
R05827,NYC,Chinese,$$,15.71,22.84,0.454,6.7,-1.862,1.134,0,72
R05828,LA,Chinese,$,11.71,14.89,0.2716,7.2,0.216,1.245,0,72
R05829,LA,Mexican,$$,13.86,18.5,0.3347,5.4,-0.661,1.033,0,72
R05830,LA,Mexican,$$,12.73,17.46,0.3719,14.5,0.0,1.28,0,72
R05831,NYC,Chinese,$$,15.17,19.82,0.3067,0.5,-1.206,1.331,1,35
R05832,NYC,American,$$,15.44,18.99,0.2303,3.5,-0.371,1.348,0,72
R05833,LA,Japanese,$$$$,29.09,38.89,0.3369,2.3,0.025,1.112,0,72
R05834,LA,Chinese,$,9.94,13.26,0.3343,3.0,0.238,1.356,0,72
R05835,NYC,Mediterranean,$$$,20.17,26.34,0.3059,6.5,0.896,1.173,0,72
R05836,Chicago,American,$$,16.35,21.29,0.3025,3.3,-2.324,1.093,0,72
R05837,LA,FastFood,$,7.08,9.75,0.3785,9.8,-0.126,1.25,0,72
R05838,LA,American,$$$,22.74,28.59,0.2576,6.2,-0.175,1.19,0,72
R05839,NYC,Mexican,$$,17.44,22.51,0.2912,1.2,-0.064,1.374,0,72
R05840,NYC,FastFood,$,5.85,7.81,0.3353,0.8,0.032,1.537,1,36
R05841,NYC,Mediterranean,$$,17.55,23.7,0.3502,1.6,-0.83,1.375,1,22
R05842,NYC,American,$$$,18.17,23.87,0.3141,1.1,-1.547,1.374,0,72
R05843,LA,American,$$,17.32,21.67,0.2507,3.1,0.217,1.209,0,72
R05844,LA,Japanese,$$$$,28.9,38.68,0.3383,2.1,-0.994,1.475,0,72
R05845,Chicago,Japanese,$$$$,27.84,33.74,0.2121,2.8,0.403,0.834,0,72
R05846,Chicago,Indian,$$,15.21,19.76,0.2994,5.2,-0.937,1.062,0,72
R05847,NYC,American,$$$,24.11,31.12,0.291,0.7,0.693,1.425,1,22
R05848,NYC,Chinese,$$,15.39,21.8,0.4166,1.0,-0.054,1.412,1,27
R05849,LA,Mexican,$,11.73,15.93,0.3577,1.6,0.015,0.999,0,72
R05850,Chicago,Mexican,$,11.32,14.63,0.2923,13.9,-0.246,0.81,0,72
R05851,Chicago,Chinese,$$,16.26,20.51,0.2611,2.6,-0.407,1.042,0,72
R05852,NYC,Italian,$$,15.61,19.5,0.2492,3.3,-0.233,1.245,0,72
R05853,NYC,Mediterranean,$$,15.79,19.8,0.2537,18.7,1.182,1.638,0,72
R05854,NYC,Chinese,$$,12.45,15.58,0.2517,2.3,-1.534,1.284,0,72
R05855,Chicago,Italian,$$$,19.19,23.32,0.2154,4.1,-0.648,1.068,0,72
R05856,LA,Chinese,$$,12.56,15.99,0.2733,12.9,1.057,1.12,0,72
R05857,LA,American,$$,12.62,15.57,0.2332,12.1,0.82,1.113,0,72
R05858,LA,American,$$$,19.72,24.76,0.2556,16.8,1.344,1.075,0,72
R05859,NYC,American,$$,14.88,19.08,0.2826,2.1,-0.059,1.528,0,72
R05860,LA,FastFood,$$,12.23,16.39,0.3404,2.3,-1.318,1.308,0,72
R05861,NYC,FastFood,$,8.98,12.99,0.4469,1.1,-1.108,1.396,1,31
R05862,LA,Thai,$$,17.59,23.27,0.3231,3.0,-0.299,1.288,0,72
R05863,LA,Thai,$$,15.68,21.88,0.3954,5.2,0.761,1.202,0,72
R05864,LA,Italian,$$$,22.81,27.55,0.2081,10.2,-0.255,1.022,0,72
R05865,NYC,American,$$,17.73,23.39,0.3192,18.4,-0.332,1.517,1,39
R05866,Chicago,Italian,$$$,18.78,22.17,0.1808,5.5,0.397,0.965,0,72
R05867,LA,Thai,$$,17.04,21.51,0.2619,1.3,0.028,0.877,1,33
R05868,NYC,Chinese,$$$,20.34,29.03,0.4273,13.8,-0.441,1.384,0,72
R05869,NYC,Chinese,$$,12.38,15.87,0.2816,4.9,-1.002,1.183,0,72
R05870,LA,Mexican,$$,14.42,17.43,0.2084,0.5,0.947,1.035,1,55
R05871,NYC,American,$$,15.98,19.89,0.2446,9.8,1.048,1.407,0,72
R05872,NYC,Vietnamese,$$,12.6,15.49,0.2296,6.3,-1.058,1.437,0,72
R05873,NYC,Mexican,$$,12.6,16.28,0.2924,8.8,-0.403,1.312,0,72
R05874,NYC,American,$,10.85,13.42,0.2371,0.5,0.667,1.545,0,72
R05875,LA,Italian,$$,17.36,21.39,0.2318,4.6,-1.138,1.184,0,72
R05876,LA,Thai,$$,16.76,19.9,0.1875,6.5,0.365,1.14,0,72
R05877,NYC,Mexican,$,10.89,15.25,0.3998,3.4,-0.326,1.458,0,72
R05878,LA,Mexican,$$,14.75,18.09,0.2262,0.5,-1.217,1.387,0,72
R05879,NYC,American,$$,16.54,21.06,0.2736,9.0,1.777,1.12,0,72
R05880,NYC,American,$$,15.46,19.54,0.2638,2.2,-0.341,1.695,0,72
R05881,NYC,Thai,$$,16.48,22.27,0.3513,10.2,0.524,1.347,1,59
R05882,LA,American,$$$,18.09,23.11,0.2776,10.3,-1.121,1.093,0,72
R05883,Chicago,FastFood,$,9.17,12.55,0.3693,2.2,1.552,0.953,0,72
R05884,LA,Italian,$$$,21.61,26.19,0.2119,3.7,1.947,1.079,0,72
R05885,NYC,Japanese,$$$,22.82,28.45,0.2468,14.8,-1.502,1.28,0,72
R05886,NYC,FastFood,$,6.32,8.73,0.3806,6.5,-0.165,1.605,0,72
R05887,NYC,Mexican,$,11.68,16.25,0.3915,6.1,1.328,1.478,1,33
R05888,Chicago,Thai,$,10.12,13.17,0.3013,1.0,-0.468,0.794,0,72
R05889,NYC,Mexican,$$,14.07,19.08,0.3561,4.2,0.409,1.572,0,72
R05890,Chicago,Japanese,$$$$,25.85,31.84,0.2316,11.2,-1.68,1.065,0,72
R05891,LA,Chinese,$$,15.4,19.99,0.2982,1.1,-0.788,1.004,0,72
R05892,LA,American,$$,17.47,22.37,0.2805,1.6,0.305,1.226,0,72
R05893,Chicago,Thai,$$,16.66,22.69,0.3617,4.1,-0.589,1.077,0,72
R05894,NYC,Mexican,$,9.41,12.5,0.3279,3.5,-0.361,1.196,0,72
R05895,LA,Chinese,$$,12.75,16.34,0.2818,0.5,-1.516,1.242,0,72
R05896,NYC,Italian,$$,13.95,17.13,0.2279,20.2,0.654,1.337,0,72
R05897,Chicago,Chinese,$$,12.19,15.72,0.2895,1.5,-1.34,1.067,0,72
R05898,LA,Italian,$$$,24.08,27.06,0.1239,6.0,1.541,1.073,0,72
R05899,NYC,FastFood,$,10.35,14.0,0.3532,5.4,-0.683,1.643,0,72
R05900,Chicago,Mexican,$$,14.08,18.79,0.334,5.6,0.801,0.971,0,72
R05901,NYC,Japanese,$$$,21.29,26.48,0.2437,18.2,0.702,1.347,0,72
R05902,NYC,Japanese,$$$,18.4,23.54,0.2793,25.4,-0.985,1.33,0,72
R05903,LA,Italian,$$$,18.62,24.86,0.3355,7.8,-0.576,1.333,0,72
R05904,LA,Italian,$$$,21.98,27.4,0.2466,1.3,-0.457,1.1,0,72
R05905,Chicago,Indian,$$,15.61,17.77,0.138,9.8,-0.39,1.136,0,72
R05906,LA,American,$$,12.03,14.31,0.1895,1.5,-1.298,1.231,0,72
R05907,LA,Thai,$$,14.27,18.22,0.2774,4.4,0.534,1.016,0,72
R05908,NYC,Japanese,$$,15.59,19.17,0.2298,2.5,-0.689,1.455,0,72
R05909,NYC,American,$$$,18.49,23.77,0.2852,0.6,-0.114,1.458,0,72
R05910,Chicago,Mediterranean,$$,15.01,18.39,0.2253,3.0,1.006,0.844,0,72
R05911,NYC,Mediterranean,$$,13.64,18.39,0.3483,0.7,0.572,1.451,0,72
R05912,LA,FastFood,$,9.85,12.66,0.2854,0.5,-0.621,1.281,0,72
R05913,NYC,Chinese,$$,14.38,18.83,0.3096,0.5,1.041,1.66,0,72
R05914,NYC,FastFood,$,8.86,12.15,0.3709,4.5,0.666,1.651,0,72
R05915,LA,Thai,$$$,20.77,27.15,0.3071,3.0,-0.706,1.598,0,72
R05916,LA,Thai,$$,15.7,20.36,0.2973,1.4,-0.514,1.2,0,72
R05917,LA,Vietnamese,$,10.24,12.18,0.1894,14.4,1.001,1.282,1,20
R05918,Chicago,FastFood,$,9.33,12.26,0.3142,0.5,0.779,0.93,0,72
R05919,NYC,Japanese,$$$,20.9,26.38,0.2625,14.8,-1.503,1.818,0,72
R05920,LA,Indian,$$$,18.21,24.1,0.3232,15.2,-1.006,1.078,0,72
R05921,NYC,Vietnamese,$$,12.1,16.53,0.3661,3.6,0.695,1.808,0,72
R05922,LA,Indian,$$,15.53,20.06,0.292,0.5,-1.174,1.473,0,72
R05923,NYC,Indian,$,11.18,14.71,0.3157,15.6,0.805,1.32,0,72
R05924,LA,Chinese,$$,13.14,17.98,0.3676,14.0,1.936,1.359,0,72
R05925,NYC,Italian,$$,17.82,23.3,0.3075,1.9,0.373,1.532,0,72
R05926,Chicago,Japanese,$$$,18.3,22.57,0.2338,1.6,-0.923,0.952,0,72
R05927,Chicago,Indian,$$,13.93,18.91,0.3573,3.4,0.177,0.984,0,72
R05928,Chicago,Indian,$$,15.68,19.11,0.2186,0.5,1.035,1.032,0,72
R05929,NYC,Thai,$$,13.99,17.5,0.2507,1.0,0.099,1.514,0,72
R05930,Chicago,Thai,$,10.86,13.67,0.2595,18.0,0.484,1.196,0,72
R05931,NYC,American,$$,15.23,19.21,0.2613,3.5,-0.799,1.553,0,72
R05932,NYC,Mexican,$,11.49,13.98,0.2167,5.6,-0.724,1.322,0,72
R05933,NYC,American,$$,16.57,20.67,0.2474,3.5,0.906,1.585,0,72
R05934,NYC,Mediterranean,$$,17.26,22.57,0.3072,0.5,-0.712,1.176,1,27
R05935,LA,Vietnamese,$,10.68,13.96,0.3071,3.7,-2.586,1.146,0,72
R05936,NYC,Mediterranean,$$,15.68,19.61,0.2512,0.5,-0.306,1.4,0,72
R05937,NYC,FastFood,$,8.6,11.72,0.3621,6.8,0.314,1.569,0,72
R05938,LA,Italian,$$$,21.41,26.46,0.2362,25.1,1.059,1.484,0,72
R05939,Chicago,Indian,$$,15.25,19.6,0.2858,2.4,1.646,1.026,0,72
R05940,LA,American,$$$,20.67,25.38,0.2279,1.0,0.085,1.149,0,72
R05941,LA,Japanese,$$$$,26.98,34.9,0.2937,5.5,0.659,1.104,0,72
R05942,NYC,Chinese,$$,17.02,21.54,0.2655,14.9,0.121,1.603,1,35
R05943,Chicago,Chinese,$$,16.63,20.7,0.2448,2.6,0.354,0.977,0,72
R05944,NYC,Chinese,$$,17.22,24.2,0.4049,14.5,-0.187,1.365,0,72
R05945,NYC,American,$$,13.0,15.98,0.2288,0.5,0.386,1.625,0,72
R05946,NYC,Chinese,$$,14.61,18.8,0.2871,30.8,-0.73,1.668,0,72
R05947,LA,Japanese,$$$$,27.39,32.53,0.1873,3.7,1.98,1.07,0,72
R05948,NYC,American,$$$,20.58,25.49,0.2386,6.6,-2.391,1.212,0,72
R05949,LA,Japanese,$$$,19.15,24.07,0.2569,9.0,0.571,1.186,0,72
R05950,NYC,Mediterranean,$$$,19.14,25.36,0.3253,2.5,0.32,1.265,0,72
R05951,LA,Japanese,$$$,22.3,27.85,0.2491,5.2,0.371,1.03,0,72
R05952,LA,Mexican,$$,17.43,22.72,0.3038,8.2,-1.183,1.059,0,72
R05953,NYC,FastFood,$,6.62,8.59,0.2979,5.0,-1.678,1.644,1,16
R05954,NYC,Thai,$$,12.19,15.53,0.2736,7.0,0.606,1.568,0,72
R05955,LA,Vietnamese,$,8.3,10.23,0.2327,3.1,1.341,1.612,0,72
R05956,LA,Indian,$$,14.88,19.6,0.3168,4.7,0.22,1.111,0,72
R05957,NYC,Mexican,$$$,18.79,25.93,0.3803,1.8,0.805,1.701,0,72
R05958,LA,Indian,$$,14.38,18.38,0.278,1.0,-0.458,1.273,0,72
R05959,NYC,Chinese,$$,13.24,17.77,0.3421,19.3,0.332,1.356,0,72
R05960,NYC,Japanese,$$$,24.29,31.91,0.3138,12.0,1.226,1.425,0,72
R05961,NYC,Chinese,$$,12.73,16.87,0.3251,19.7,-0.314,1.356,0,72
R05962,LA,Indian,$$,15.49,20.9,0.3497,0.5,1.186,1.238,0,72
R05963,NYC,Chinese,$$,13.95,17.7,0.2688,23.9,-1.635,1.632,0,72
R05964,LA,Chinese,$,11.16,14.32,0.2826,3.4,-0.613,1.148,1,24
R05965,NYC,Mexican,$$,12.29,16.18,0.3166,22.8,0.546,1.605,0,72
R05966,LA,Indian,$$,16.57,21.75,0.3124,1.9,1.903,1.398,0,72
R05967,NYC,Italian,$$$,21.27,25.07,0.1783,0.5,0.014,1.735,0,72
R05968,LA,American,$$$,20.21,26.93,0.3324,5.1,-1.034,1.042,0,72
R05969,LA,Italian,$$$,19.12,24.06,0.2581,12.8,1.88,1.193,0,72
R05970,NYC,Indian,$$,15.46,21.45,0.3875,5.6,-0.126,1.579,1,15
R05971,NYC,Chinese,$$,14.88,19.61,0.318,1.1,0.665,1.273,0,72
R05972,LA,FastFood,$,7.64,10.02,0.3125,1.6,-0.334,1.025,1,26
R05973,Chicago,Italian,$$,16.05,19.79,0.2329,1.1,0.142,0.997,0,72
R05974,Chicago,Mexican,$$,12.22,16.4,0.3415,11.3,-0.562,0.952,0,72
R05975,NYC,Chinese,$,10.33,13.27,0.2843,5.3,2.258,1.42,0,72
R05976,LA,Mexican,$$,13.45,16.41,0.2201,0.5,1.191,1.134,0,72
R05977,NYC,Japanese,$$$$,26.57,31.32,0.1787,2.8,1.768,1.879,0,72
R05978,NYC,Chinese,$,11.44,15.25,0.3331,7.5,-0.788,1.372,0,72
R05979,LA,Mediterranean,$$$,18.39,24.76,0.347,3.3,-1.825,1.287,0,72
R05980,LA,American,$$,14.29,17.07,0.195,7.4,-0.293,1.277,0,72
R05981,LA,Chinese,$,10.83,13.93,0.2864,5.6,2.516,0.98,0,72
R05982,Chicago,Japanese,$$$$,31.85,38.3,0.2026,2.3,-0.322,1.192,0,72
R05983,NYC,Chinese,$,10.85,15.37,0.416,1.4,1.052,1.563,0,72
R05984,LA,Chinese,$,10.33,14.59,0.4129,7.8,-1.025,1.223,1,22
R05985,NYC,Italian,$$$,18.71,23.78,0.2712,8.1,-0.829,1.646,0,72
R05986,NYC,Mexican,$$,13.12,18.17,0.3849,28.5,-0.08,1.442,0,72
R05987,NYC,Chinese,$$,14.66,19.99,0.3635,2.2,2.11,1.612,0,72
R05988,Chicago,FastFood,$$,12.19,15.18,0.246,25.1,1.1,0.798,0,72
R05989,LA,Vietnamese,$,10.0,13.45,0.3449,2.7,-2.053,1.324,0,72
R05990,NYC,FastFood,$,7.66,10.03,0.309,6.0,0.667,1.482,0,72
R05991,LA,Chinese,$$,17.37,22.43,0.2914,0.5,-1.149,1.229,0,72
R05992,Chicago,Mediterranean,$$$,20.13,26.11,0.297,19.5,-0.682,0.904,0,72
R05993,Chicago,Italian,$$$,20.79,25.03,0.204,0.5,0.51,0.974,0,72
R05994,LA,Chinese,$,11.69,15.84,0.3551,1.1,1.398,1.165,1,50
R05995,NYC,Thai,$$,17.15,23.57,0.375,6.3,1.349,1.265,0,72
R05996,LA,Mexican,$$,14.44,17.8,0.2322,6.4,0.332,1.253,0,72
R05997,Chicago,Japanese,$$$,22.76,25.29,0.1111,11.4,0.346,1.208,0,72
R05998,Chicago,Thai,$$,12.6,16.61,0.3181,4.1,1.346,0.843,0,72
R05999,Chicago,American,$$,16.31,21.04,0.2901,4.6,-1.576,1.061,0,72
